Workbook

Sheet فروش كالا و خدمات
W1: شماره سریال:
W2: تاریخ :
A3: صورتحساب فروش کالا و خدمات
A4: مشخصات فروشنده
A5: نام شخص حقیقی / حقوقی : | D5: شرکت تکنیک | I5: شماره اقتصادی : | K5: 7 | L5: 5 | M5: 7 | N5: 7 | O5: 7 | P5: 6 | Q5: 1 | R5: 5 | S5: 1 | T5: 1 | U5: 1 | V5: 4 | W5: شماره ثبت / شماره ملی : | Y5: 0 | Z5: 2 | AA5: 0 | AB5: 3
A7: نشانی کامل : استان : تهران شهرستان : تهران شهر : تهران | I7: کدپستی 10 رقمی : | M7: 1 | N7: 1 | O7: 3 | P7: 4 | Q7: 8 | R7: 8 | S7: 8 | T7: 3 | U7: 4 | V7: 1 | W7: شماره تلفن / نمابر : 02188335750/02188335760
A8: نشانی : تهران - ابتدای مسیر جنوب به شمال اتوبان کردستان - نبش خیابان سی و سوم جهان ارا (شهید حسین پور) - پلاک 64 - شرکت تکنیک
A9: مشخصات خریدار
A10: نام شخص حقیقی / حقوقی : | D10: راه آهن جمهوری اسلامی ایران | I10: شماره اقتصادی : | K10: 7 | L10: 7 | M10: 1 | N10: 3 | O10: 1 | P10: 5 | Q10: 1 | R10: 1 | S10: 1 | T10: 1 | U10: 1 | V10: 4 | W10: شماره ثبت / شماره ملی : | Y10: 4 | Z10: 4 | AA10: 6 | AB10: 0 | AC10: 7
A12: نشانی کامل : استان : تهران شهرستان : تهران شهر : تهران | I12: کدپستی 10 رقمی : | M12: 1 | N12: 1 | O12: 1 | P12: 3 | Q12: 1 | R12: 7 | S12: 9 | T12: 1 | U12: 5 | V12: 1 | W12: شماره تلفن / نمابر : 55128159
A13: نشانی : میدان آرژانتین، ابتدای بلوار آفریقا ، ساختمان راه آهن جمهوری اسلامی ایران
A14: مشخصات کالا یا خدمات مورد معامله
A15: 1 | B15: 2 | C15: 3 | F15: 4 | G15: 5 | H15: 6 | I15: 7 | K15: 8 | Q15: 9 | W15: 10 | AA15: 11
A16: ردیف | B16: کد کالا | C16: شرح کالا و یا خدمات | F16: تعداد/ مقدار | G16: واحد اندازه گیری | H16: مبلغ واحد (ریال) | I16: مبلغ کل (ریال) | K16: مبلغ تخفیف | Q16: مبلغ کل پس از تخفیف (ریال) | W16: جمع مالیات و عوارض (ریال) | AA16: جمع مبلغ کل بعلاوه جمع مالیات و عوارض ( ریال)
A17: نحوه محاسبه براساس شماره ستون ← | I17: (4*6) | Q17: (7-8) | W17: (9*9%) | AA17: (9+10)
A18: 1 | B18: -- | C18: صورت وضعیت قطعی قرارداد طراحی، تأمین و اجرای دو خطه کردن راه‏آهن (زیرسازی، پل‏سازی، روسازی) محور مشك-سيستان ش قرارداد 400/6موقت 6891/ی مورخ 93/11/20 | F18: -- | G18: -- | H18: --
A19: 2
A20: جمع کل: | I20: =SUM(I18:J19) -> 0 | W20: =SUM(W18:Z19) -> 0 | AA20: =SUM(AA18:AH19) -> 0
A21: شرایط و نحوه فروش : نقدی : □ غیر نقدی : □ صورتحساب فصلی : □
A22: توضیحات:
A24: مهر و امضاء فروشنده: | I24: مهر و امضاء خریدار:

Sheet summary
E1: پروژه رفع گلوگاه هاي ظرفيتي در امور زيربنايي راه آهن ج.ا.ا
A8: « جدول خلاصه صورت وضعيت ها »
A10: شماره صورت وضعيت | D10: دوره کارکرد | G10: تجمعی صورت وضعیت شده پيمانکار (ریال) | K10: تجمعی تایید شده توسط مشاور(ریال) | O10: تجمعی تایید شده توسط کارفرما (ریال)
A11: ارسالي | B11: تاييد شده

Sheet summary-2
F1: پروژه رفع گلوگاه هاي ظرفيتي در امور زيربنايي راه آهن ج.ا.ا
A7: « خلاصه کارکرد صورت وضعیت موقت قطعی به تفکیک فصول مرتبط »
A9: کارفرما: | D9: شرکت راه آهن ج.ا.ا | H9: مشاور: | K9: مهندسین مشاور صحن بوستان | O9: پيمانکار: | R9: مشارکت تكنيك پل رود كنكاوان معدن شيراز
A10: عنوان قرارداد: | D10: پروژه احداث خط دوم راه آهن محور مشك - سيستان به روش EPC غيرصنعتي | H10: شماره قرارداد: | K10: 400/66891/ي | O10: تاریخ قرارداد: | R10: 1393/11/20
A11: فهرست بهای رشته: | D11: راه، راه آهن و باند فرودگاه | H11: صورت وضعیت از تاريخ: | K11: 1396/12/11 | O11: تا تاريخ: | R11: ='خلاصه مالي صورت وضعیت'!E5 -> 1399/06/02
A13: فصل | B13: شرح فصل | G13: مبلغ کارکرد (ريال) | P13: کارکرد | S13: ملاحظات
G14: تا دوره قبل -کارکرد 15 | J14: اين دوره قطعی | M14: تجمعي تاکنون
A15: مهندسي | B15: خدمات مهندسي و طراحي | G15: 5.2156117e+10 | J15: =IF(M15=0,0,M15-G15) -> 6.9393801e+09 | M15: ='خلاصه مالي صورت وضعیت'!$G$14 -> 5.9095497e+10 | P15: درخواست پیمانکار
G16: 3.8974588e+10 | J16: =IF(M16=0,0,M16-G16) -> 0 | M16: ='خلاصه مالي صورت وضعیت'!$H$14 -> 0 | P16: تأیید مشاور
J17: =IF(M17=0,0,M17-G17) -> 0 | P17: تأیید کارفرما
A18: بيمه | B18: بيمه نامه ها | G18: 7.1848629e+09 | J18: =IF(M18=0,0,M18-G18) -> 0 | M18: ='خلاصه مالي صورت وضعیت'!$G$11 -> 7.1848629e+09 | P18: درخواست پیمانکار
G19: 5295842703 | J19: =IF(M19=0,0,M19-G19) -> 0 | M19: ='خلاصه مالي صورت وضعیت'!$H$11 -> 0 | P19: تأیید مشاور
J20: =IF(M20=0,0,M20-G20) -> 0 | P20: تأیید کارفرما
A21: - | B21: کارهای اضافه | G21: 28486290919 | J21: =IF(M21=0,0,M21-G21) -> 18990860613 | M21: ='خلاصه مالي صورت وضعیت'!G29 -> 47477151532 | P21: درخواست پیمانکار
G22: 0 | J22: =IF(M22=0,0,M22-G22) -> 0 | M22: ='خلاصه مالي صورت وضعیت'!H29 -> 0 | P22: تأیید مشاور
J23: =IF(M23=0,0,M23-G23) -> 0 | M23: ='خلاصه مالي صورت وضعیت'!I29 -> 0 | P23: تأیید کارفرما
A24: - | B24: تجهیز و برچیدن کارگاه | G24: 4.5144889e+10 | J24: =IF(M24=0,0,M24-G24) -> 6.3466289e+09 | M24: ='خلاصه مالي صورت وضعیت'!G12+'خلاصه مالي صورت وضعیت'!G13+'خلاصه مالي صورت وضعیت'!G32 -> 5.1491518e+10 | P24: درخواست پیمانکار
G25: 3.4458004e+10 | J25: =IF(M25=0,0,M25-G25) -> 0 | M25: ='خلاصه مالي صورت وضعیت'!H12+'خلاصه مالي صورت وضعیت'!H13+'خلاصه مالي صورت وضعیت'!H32 -> 0 | P25: تأیید مشاور
J26: =IF(M26=0,0,M26-G26) -> 0 | P26: تأیید کارفرما
A27: - | B27: تحويل موقت و بيمه مهندسي سازه‌هاي تكميل شده | G27: 0 | M27: ='خلاصه مالي صورت وضعیت'!G31+'خلاصه مالي صورت وضعیت'!G33 -> 1.0777294e+10 | P27: درخواست پیمانکار
G28: 0 | M28: ='خلاصه مالي صورت وضعیت'!H31+'خلاصه مالي صورت وضعیت'!H33 -> 0 | P28: تأیید مشاور
P29: تأیید کارفرما
A30: - | B30: مقدمات لازم جهت فعاليتهاي اجرايي | G30: 5.9802009e+09 | J30: =IF(M30=0,0,M30-G30) -> 7184862.9 | M30: ='خلاصه مالي صورت وضعیت'!G10 -> 5987385758 | P30: درخواست پیمانکار
G31: 5.8796128e+09 | J31: =IF(M31=0,0,M31-G31) -> 0 | M31: ='خلاصه مالي صورت وضعیت'!H10 -> 0 | P31: تأیید مشاور
P32: تأیید کارفرما
A33: 1 | B33: عملیات تخریب | G33: 0 | J33: =IF(M33=0,0,M33-G33) -> 0 | M33: =SUMIF('خدمات اجرایی '!F:F,'summary-2'!A33,'خدمات اجرایی '!L:L) -> 0 | P33: درخواست پیمانکار
G34: 0 | J34: =IF(M34=0,0,M34-G34) -> 0 | M34: =SUMIF('خدمات اجرایی '!F:F,'summary-2'!A33,'خدمات اجرایی '!Q:Q) -> 0 | P34: تأیید مشاور
J35: =IF(M35=0,0,M35-G35) -> 0 | P35: تأیید کارفرما
A36: 2 | B36: عملیات خاکی با دست | G36: 0 | J36: =IF(M36=0,0,M36-G36) -> 0 | M36: =SUMIF('خدمات اجرایی '!F:F,'summary-2'!A36,'خدمات اجرایی '!L:L) -> 0 | P36: درخواست پیمانکار
G37: 0 | J37: =IF(M37=0,0,M37-G37) -> 0 | M37: =SUMIF('خدمات اجرایی '!F:F,'summary-2'!A36,'خدمات اجرایی '!Q:Q) -> 0 | P37: تأیید مشاور
J38: =IF(M38=0,0,M38-G38) -> 0 | P38: تأیید کارفرما
A39: 3 | B39: عملیات خاکی با ماشین | G39: 1.4008374e+11 | J39: =IF(M39=0,0,M39-G39) -> 1.4517075e+08 | M39: =SUMIF('خدمات اجرایی '!F:F,'summary-2'!A39,'خدمات اجرایی '!L:L) -> 1.4022891e+11 | P39: درخواست پیمانکار
G40: 1.3997263e+11 | J40: =IF(M40=0,0,M40-G40) -> 0 | M40: =SUMIF('خدمات اجرایی '!F:F,'summary-2'!A39,'خدمات اجرایی '!Q:Q) -> 0 | P40: تأیید مشاور
J41: =IF(M41=0,0,M41-G41) -> 0 | P41: تأیید کارفرما
A42: 6 | B42: عملیات بنایی با سنگ | G42: 2.54245e+09 | J42: =IF(M42=0,0,M42-G42) -> 0 | M42: =SUMIF('خدمات اجرایی '!F:F,'summary-2'!A42,'خدمات اجرایی '!L:L) -> 2.54245e+09 | P42: درخواست پیمانکار
G43: 2.4831261e+09 | J43: =IF(M43=0,0,M43-G43) -> 0 | M43: =SUMIF('خدمات اجرایی '!F:F,'summary-2'!A42,'خدمات اجرایی '!Q:Q) -> 0 | P43: تأیید مشاور
J44: =IF(M44=0,0,M44-G44) -> 0 | P44: تأیید کارفرما
A45: 8 | B45: قالب بندی و چوب بست | G45: 25424499588 | J45: =IF(M45=0,0,M45-G45) -> 0 | M45: =SUMIF('خدمات اجرایی '!F:F,'summary-2'!A45,'خدمات اجرایی '!L:L) -> 25424499588 | P45: درخواست پیمانکار
G46: 2.5255003e+10 | J46: =IF(M46=0,0,M46-G46) -> 0 | M46: =SUMIF('خدمات اجرایی '!F:F,'summary-2'!A45,'خدمات اجرایی '!Q:Q) -> 0 | P46: تأیید مشاور
J47: =IF(M47=0,0,M47-G47) -> 0 | P47: تأیید کارفرما
A48: 9 | B48: کارهای فولادی با میلگرد | G48: 50848999176 | J48: =IF(M48=0,0,M48-G48) -> 0 | M48: =SUMIF('خدمات اجرایی '!F:F,'summary-2'!A48,'خدمات اجرایی '!L:L) -> 50848999176 | P48: درخواست پیمانکار
B49: کارهای فولادی با میلگرد | G49: 5.0510006e+10 | J49: =IF(M49=0,0,M49-G49) -> 0 | M49: =SUMIF('خدمات اجرایی '!F:F,'summary-2'!A48,'خدمات اجرایی '!Q:Q) -> 0 | P49: تأیید مشاور
B50: کارهای فولادی با میلگرد | J50: =IF(M50=0,0,M50-G50) -> 0 | P50: تأیید کارفرما
A51: 11 | B51: کارهای فولادی سبک | G51: 6.3278755e+09 | J51: =IF(M51=0,0,M51-G51) -> 1.5819689e+09 | M51: =SUMIF('خدمات اجرایی '!F:F,'summary-2'!A51,'خدمات اجرایی '!L:L) -> 7.9098443e+09 | P51: درخواست پیمانکار
B52: کارهای فولادی با میلگرد | G52: 5.2732295e+08 | J52: =IF(M52=0,0,M52-G52) -> 0 | M52: =SUMIF('خدمات اجرایی '!F:F,'summary-2'!A51,'خدمات اجرایی '!Q:Q) -> 0 | P52: تأیید مشاور
B53: کارهای فولادی با میلگرد | J53: =IF(M53=0,0,M53-G53) -> 0 | P53: تأیید کارفرما
A54: 12 | B54: بتن درجا | G54: 1.6102183e+10 | J54: =IF(M54=0,0,M54-G54) -> 0 | M54: ='خدمات اجرایی '!L24*0.2+'خدمات اجرایی '!L93*0.8+'خدمات اجرایی '!L162*0.9 -> 1.6102183e+10 | P54: درخواست پیمانکار
B55: بتن درجا | G55: 1.6068284e+10 | J55: =IF(M55=0,0,M55-G55) -> 0 | M55: ='خدمات اجرایی '!Q24*0.2+'خدمات اجرایی '!Q93*0.8+'خدمات اجرایی '!Q162*0.9 -> 0 | P55: تأیید مشاور
B56: بتن درجا | J56: =IF(M56=0,0,M56-G56) -> 0 | P56: تأیید کارفرما
A57: 13 | B57: بتن پیش ساخته | G57: 8.8591328e+10 | J57: =IF(M57=0,0,M57-G57) -> -4.3537841e+10 | M57: =SUMIF('خدمات تامین'!F:F,'summary-2'!A57,'خدمات تامین'!L:L)+'خدمات اجرایی '!L24*0.8+'خدمات اجرایی '!L93*0.2+'خدمات اجرایی '!L162*0.1 -> 4.5053487e+10 | P57: درخواست پیمانکار
B58: بتن پیش ساخته | G58: 5.0850168e+10 | J58: =IF(M58=0,0,M58-G58) -> 0 | M58: =SUMIF('خدمات تامین'!F:F,'summary-2'!A57,'خدمات تامین'!Q:Q)+'خدمات اجرایی '!Q24*0.8+'خدمات اجرایی '!Q93*0.2+'خدمات اجرایی '!Q162*0.1 -> 0 | P58: تأیید مشاور
B59: بتن پیش ساخته | J59: =IF(M59=0,0,M59-G59) -> 0 | P59: تأیید کارفرما
A60: 14 | B60: زیراساس، اساس و بالاست | G60: 1.6678942e+11 | J60: =IF(M60=0,0,M60-G60) -> -4.6072724e+10 | M60: =SUMIF('خدمات اجرایی '!F:F,'summary-2'!A60,'خدمات اجرایی '!L:L) -> 1.2071669e+11 | P60: درخواست پیمانکار
B61: زیراساس، اساس و بالاست | G61: 1.0882564e+11 | J61: =IF(M61=0,0,M61-G61) -> 0 | M61: =SUMIF('خدمات اجرایی '!F:F,'summary-2'!A60,'خدمات اجرایی '!Q:Q) -> 0 | P61: تأیید مشاور
B62: زیراساس، اساس و بالاست | J62: =IF(M62=0,0,M62-G62) -> 0 | P62: تأیید کارفرما
A63: 16 | B63: عایق کاری | G63: 1.4124722e+09 | J63: =IF(M63=0,0,M63-G63) -> 0 | M63: =SUMIF('خدمات اجرایی '!F:F,'summary-2'!A63,'خدمات اجرایی '!L:L) -> 1.4124722e+09 | P63: درخواست پیمانکار
B64: عایق کاری | G64: 1.4030557e+09 | J64: =IF(M64=0,0,M64-G64) -> 0 | M64: =SUMIF('خدمات اجرایی '!F:F,'summary-2'!A63,'خدمات اجرایی '!Q:Q) -> 0 | P64: تأیید مشاور
B65: عایق کاری | J65: =IF(M65=0,0,M65-G65) -> 0 | P65: تأیید کارفرما
A66: 19 | B66: کارهای متفرقه | G66: 0 | J66: =IF(M66=0,0,M66-G66) -> 0 | M66: =SUMIF('خدمات اجرایی '!F:F,'summary-2'!A66,'خدمات اجرایی '!L:L) -> 0 | P66: درخواست پیمانکار
G67: 0 | J67: =IF(M67=0,0,M67-G67) -> 0 | M67: =SUMIF('خدمات اجرایی '!F:F,'summary-2'!A66,'خدمات اجرایی '!Q:Q) -> 0 | P67: تأیید مشاور
J68: =IF(M68=0,0,M68-G68) -> 0 | P68: تأیید کارفرما
A69: 20 | B69: حمل و نقل | G69: 3.9549222e+09 | J69: =IF(M69=0,0,M69-G69) -> 0 | M69: =SUMIF('خدمات اجرایی '!F:F,'summary-2'!A69,'خدمات اجرایی '!L:L) -> 3.9549222e+09 | P69: درخواست پیمانکار
B70: حمل و نقل | G70: 3.928556e+09 | J70: =IF(M70=0,0,M70-G70) -> 0 | M70: =SUMIF('خدمات اجرایی '!F:F,'summary-2'!A69,'خدمات اجرایی '!Q:Q) -> 0 | P70: تأیید مشاور
B71: حمل و نقل | J71: =IF(M71=0,0,M71-G71) -> 0 | P71: تأیید کارفرما
A72: 21 | B72: کارهای دستمزدی | G72: 1.9276346e+09 | J72: =IF(M72=0,0,M72-G72) -> 0 | M72: =SUMIF('خدمات اجرایی '!F:F,'summary-2'!A72,'خدمات اجرایی '!L:L) -> 1.9276346e+09 | P72: درخواست پیمانکار
B73: حمل و نقل | G73: 5179064.7 | J73: =IF(M73=0,0,M73-G73) -> 0 | M73: =SUMIF('خدمات اجرایی '!F:F,'summary-2'!A72,'خدمات اجرایی '!Q:Q) -> 0 | P73: تأیید مشاور
B74: حمل و نقل | J74: =IF(M74=0,0,M74-G74) -> 0 | P74: تأیید کارفرما
A75: 22 | B75: ریل، سوزن و ملحقات | G75: 1.8862706e+11 | J75: =IF(M75=0,0,M75-G75) -> -9.8389265e+10 | M75: =SUMIF('خدمات اجرایی '!F:F,'summary-2'!A75,'خدمات اجرایی '!L:L)+SUMIF('خدمات تامین'!F:F,'summary-2'!A75,'خدمات تامین'!L:L) -> 9.0237793e+10 | P75: درخواست پیمانکار
B76: ریل، سوزن و ملحقات | G76: 8.6170531e+10 | J76: =IF(M76=0,0,M76-G76) -> 0 | M76: =SUMIF('خدمات اجرایی '!F:F,'summary-2'!A75,'خدمات اجرایی '!Q:Q)+SUMIF('خدمات تامین'!F:F,'summary-2'!A75,'خدمات تامین'!Q:Q) -> 0 | P76: تأیید مشاور
B77: ریل، سوزن و ملحقات | J77: =IF(M77=0,0,M77-G77) -> 0 | P77: تأیید کارفرما
A78: 23 | B78: اجرای روسازی راه آهن | G78: 5.6549431e+09 | J78: =IF(M78=0,0,M78-G78) -> 3.9187031e+09 | M78: =SUMIF('خدمات اجرایی '!F:F,'summary-2'!A78,'خدمات اجرایی '!L:L) -> 9.5736462e+09 | P78: درخواست پیمانکار
B79: اجرای روسازی راه آهن | G79: 1.5537194e+08 | J79: =IF(M79=0,0,M79-G79) -> 0 | M79: =SUMIF('خدمات اجرایی '!F:F,'summary-2'!A78,'خدمات اجرایی '!Q:Q) -> 0 | P79: تأیید مشاور
B80: اجرای روسازی راه آهن | J80: =IF(M80=0,0,M80-G80) -> 0 | P80: تأیید کارفرما
A81: جمع کل | G81: =G15+G18+G21+G24+G27+G30+G39+G42+G45+G48+G51+G54+G57+G60+G63+G69+G72+G75+G78 -> 8.3723988e+11 | J81: =IF(M81=0,0,M81-G81) -> -1.3929264e+11 | M81: =M15+M18+M21+M24+M27+M30+M39+M42+M45+M48+M51+M54+M57+M60+M63+M69+M72+M75+M78 -> 6.9794725e+11 | P81: درخواست پیمانکار | V81: =M81+'خدمات اجرایی '!L216 -> 7.454244e+11
G82: =G16+G19+G25+G28+G31+G40+G43+G46+G49+G52+G55+G58+G61+G64+G70+G73+G76+G79 -> 5.7076291e+11 | J82: =IF(M82=0,0,M82-G82) -> 0 | P82: تأیید مشاور | V82: 2.8486291e+10
J83: =IF(M83=0,0,M83-G83) -> 0 | P83: تأیید کارفرما | V83: =V82+G81 -> 8.6572617e+11
A85: مهر و امضای پیمانکار | H85: مهر و امضا مشاور زیر بنایی | O85: مهر و امضا کارفرما
G88: 528078903629 | J88: 4.2684011e+10 | M88: 5.7076291e+11
A89: بابت بالاست | G89: 528078903629 | J89: 7.2861865e+10 | M89: 6.0094077e+11
G90: =G89-G88 -> 0 | J90: =J89-J88 -> 3.0177854e+10 | M90: =M89-M88 -> 3.0177854e+10
G91: 528078903629 | J91: 7.8015729e+10 | M91: 6.0609463e+11
A92: تراورس+ بالاست | G92: =G91-G88 -> 0 | J92: =J91-J88 -> 3.5331718e+10 | M92: =M91-M88 -> 3.5331718e+10
A93: بالاست | G93: =G92-G90 -> 0 | J93: =J92-J90 -> 5.1538636e+09 | M93: =M92-M90 -> 5.1538636e+09

Sheet summary-Adjustment
F1: پروژه رفع گلوگاه هاي ظرفيتي در امور زيربنايي راه آهن ج.ا.ا
A4: Rev | D4: Volume | F4: Doc. No | I4: Doc. Type | K4: Stu. Gro | M4: Sub. Proj | O4: Proj | Q4: کد مدرک
A5: =[1]Cover!A5 -> 00 | D5: =[1]Cover!C5 -> 01 | F5: =[1]Cover!E5 -> 025 | I5: =[1]Cover!G5 -> ST | K5: =[1]Cover!I5 -> ECO | M5: =[1]Cover!K5 -> 18 | O5: =[1]Cover!M5 -> 95210 | Q5: ="صفحه 4 از "&[1]Cover!S5 -> صفحه 4 از 24
A7: « خلاصه کارکرد صورت وضعیت موقت قطعی به تفکیک فصول - مشمول تعديل »
A9: کارفرما: | D9: شرکت راه آهن ج.ا.ا | H9: مشاور: | K9: مهندسین مشاور صحن بوستان | O9: پيمانکار: | R9: مشارکت تكنيك پل رود كنكاوان معدن شيراز
A10: عنوان قرارداد: | D10: پروژه احداث خط دوم راه آهن محور مشك - سيستان به روش EPC غيرصنعتي | H10: شماره قرارداد: | K10: 400/66891/ي | O10: تاریخ قرارداد: | R10: 1393/11/20
A11: فهرست بهای رشته: | D11: راه، راه آهن و باند فرودگاه | H11: صورت وضعیت از تاريخ: | K11: 1396/12/11 | O11: تا تاريخ: | R11: ='خلاصه مالي صورت وضعیت'!E5 -> 1399/06/02
A13: فصل | B13: شرح فصل | G13: مبلغ کارکرد (ريال) | P13: کارکرد | S13: تعديل با استفاده از شاخص
G14: تا دوره قبل-کارکرد 15 | J14: اين دوره قطعی | M14: تجمعي تاکنون
A15: - | B15: مقدمات لازم جهت فعاليتهاي اجرايي +کارهای اضافه | G15: ='summary-2'!G30:I30 -> 5.9802009e+09 | J15: =IF(M15=0,0,M15-G15) -> 4.7484336e+10 | M15: ='خلاصه مالي صورت وضعیت'!G29+'خلاصه مالي صورت وضعیت'!G10 -> 53464537290 | P15: درخواست پیمانکار | S15: رشته اي فهرست بهاي راه، راه آهن و باند فرودگاه
G16: ='summary-2'!G31:I31 -> 5.8796128e+09 | J16: =IF(M16=0,0,M16-G16) -> 0 | M16: ='summary-2'!M31:O31 -> 0 | P16: تأیید مشاور
J17: =IF(M17=0,0,M17-G17) -> 0 | P17: تأیید کارفرما
A18: - | B18: تجهیز و برچیدن کارگاه | G18: ='summary-2'!G24:I24 -> 4.5144889e+10 | J18: =IF(M18=0,0,M18-G18) -> 1.2334015e+10 | M18: ='خلاصه مالي صورت وضعیت'!G12+'خلاصه مالي صورت وضعیت'!G13+'خلاصه مالي صورت وضعیت'!G31+'خلاصه مالي صورت وضعیت'!G32 -> 5.7478903e+10 | P18: درخواست پیمانکار | S18: ميانگين رشته اي فهرست بهاي راه، راه آهن و باند فرودگاه و فهرست بهاي ابنيه
G19: ='summary-2'!G25:I25 -> 3.4458004e+10 | J19: =IF(M19=0,0,M19-G19) -> 0 | M19: ='summary-2'!M25:O25 -> 0 | P19: تأیید مشاور
J20: =IF(M20=0,0,M20-G20) -> 0 | P20: تأیید کارفرما
A21: 1 | B21: عملیات تخریب | J21: =IF(M21=0,0,M21-G21) -> 0 | M21: ='summary-2'!M33 -> 0 | P21: درخواست پیمانکار | S21: فصل يك فهرست بهاي راه، راه آهن و باند فرودگاه
J22: =IF(M22=0,0,M22-G22) -> 0 | M22: ='summary-2'!M34 -> 0 | P22: تأیید مشاور
J23: =IF(M23=0,0,M23-G23) -> 0 | M23: ='summary-2'!M35 -> 0 | P23: تأیید کارفرما
A24: 2 | B24: عملیات خاکی با دست | J24: =IF(M24=0,0,M24-G24) -> 0 | M24: ='summary-2'!M36 -> 0 | P24: درخواست پیمانکار | S24: فصل دو فهرست بهاي راه، راه آهن و باند فرودگاه
J25: =IF(M25=0,0,M25-G25) -> 0 | M25: ='summary-2'!M37 -> 0 | P25: تأیید مشاور
J26: =IF(M26=0,0,M26-G26) -> 0 | M26: ='summary-2'!M38 -> 0 | P26: تأیید کارفرما
A27: 3 | B27: عملیات خاکی با ماشین | G27: ='summary-2'!G39:I39 -> 1.4008374e+11 | J27: =IF(M27=0,0,M27-G27) -> 1.4517075e+08 | M27: ='summary-2'!M39 -> 1.4022891e+11 | P27: درخواست پیمانکار | S27: فصل سه فهرست بهاي راه، راه آهن و باند فرودگاه
G28: ='summary-2'!G40:I40 -> 1.3997263e+11 | J28: =IF(M28=0,0,M28-G28) -> 0 | M28: ='summary-2'!M40 -> 0 | P28: تأیید مشاور
J29: =IF(M29=0,0,M29-G29) -> 0 | M29: ='summary-2'!M41 -> 0 | P29: تأیید کارفرما
A30: 6 | B30: عملیات بنایی با سنگ | G30: ='summary-2'!G42:I42 -> 2.54245e+09 | J30: =IF(M30=0,0,M30-G30) -> 0 | M30: ='summary-2'!M42 -> 2.54245e+09 | P30: درخواست پیمانکار | S30: فصل شش فهرست بهاي راه، راه آهن و باند فرودگاه
G31: ='summary-2'!G43:I43 -> 2.4831261e+09 | J31: =IF(M31=0,0,M31-G31) -> 0 | M31: ='summary-2'!M43 -> 0 | P31: تأیید مشاور
J32: =IF(M32=0,0,M32-G32) -> 0 | M32: ='summary-2'!M44 -> 0 | P32: تأیید کارفرما
A33: 8 | B33: قالب بندی و چوب بست | G33: ='summary-2'!G45:I45 -> 25424499588 | J33: =IF(M33=0,0,M33-G33) -> 0 | M33: ='summary-2'!M45 -> 25424499588 | P33: درخواست پیمانکار | S33: فصل هشت فهرست بهاي راه، راه آهن و باند فرودگاه
G34: ='summary-2'!G46:I46 -> 2.5255003e+10 | J34: =IF(M34=0,0,M34-G34) -> 0 | M34: ='summary-2'!M46 -> 0 | P34: تأیید مشاور
J35: =IF(M35=0,0,M35-G35) -> 0 | M35: ='summary-2'!M47 -> 0 | P35: تأیید کارفرما
A36: 9 | B36: کارهای فولادی با میلگرد | G36: ='summary-2'!G48:I48 -> 50848999176 | J36: =IF(M36=0,0,M36-G36) -> 0 | M36: ='summary-2'!M48 -> 50848999176 | P36: درخواست پیمانکار | S36: فصل نه فهرست بهاي راه، راه آهن و باند فرودگاه
A37: 9 | B37: کارهای فولادی با میلگرد | G37: ='summary-2'!G49:I49 -> 5.0510006e+10 | J37: =IF(M37=0,0,M37-G37) -> 0 | M37: ='summary-2'!M49 -> 0 | P37: تأیید مشاور
A38: 9 | B38: کارهای فولادی با میلگرد | J38: =IF(M38=0,0,M38-G38) -> 0 | M38: ='summary-2'!M50 -> 0 | P38: تأیید کارفرما
A39: 11 | B39: کارهای فولادی سبک | G39: ='summary-2'!G51:I51 -> 6.3278755e+09 | J39: =IF(M39=0,0,M39-G39) -> 1.5819689e+09 | M39: ='summary-2'!M51 -> 7.9098443e+09 | P39: درخواست پیمانکار | S39: فصل یازده فهرست بهاي راه، راه آهن و باند فرودگاه
A40: 12 | B40: کارهای فولادی با میلگرد | G40: ='summary-2'!G52:I52 -> 5.2732295e+08 | J40: =IF(M40=0,0,M40-G40) -> 0 | M40: ='summary-2'!M52 -> 0 | P40: تأیید مشاور
A41: 12 | B41: کارهای فولادی با میلگرد | J41: =IF(M41=0,0,M41-G41) -> 0 | M41: ='summary-2'!M53 -> 0 | P41: تأیید کارفرما
A42: 12 | B42: بتن درجا | G42: ='summary-2'!G54:I54 -> 1.6102183e+10 | J42: =IF(M42=0,0,M42-G42) -> 0 | M42: ='summary-2'!M54 -> 1.6102183e+10 | P42: درخواست پیمانکار | S42: فصل دوازده فهرست بهاي راه، راه آهن و باند فرودگاه
A43: 12 | B43: بتن درجا | G43: ='summary-2'!G55:I55 -> 1.6068284e+10 | J43: =IF(M43=0,0,M43-G43) -> 0 | M43: ='summary-2'!M55 -> 0 | P43: تأیید مشاور
A44: 12 | B44: بتن درجا | J44: =IF(M44=0,0,M44-G44) -> 0 | M44: ='summary-2'!M56 -> 0 | P44: تأیید کارفرما
A45: 13 | B45: بتن پیش ساخته | G45: ='summary-2'!G57:I57 -> 8.8591328e+10 | J45: =IF(M45=0,0,M45-G45) -> -4.3537841e+10 | M45: ='summary-2'!M57 -> 4.5053487e+10 | P45: درخواست پیمانکار | S45: فصل سيزده فهرست بهاي راه، راه آهن و باند فرودگاه
A46: 13 | B46: بتن پیش ساخته | G46: ='summary-2'!G58:I58 -> 5.0850168e+10 | J46: =IF(M46=0,0,M46-G46) -> 0 | M46: ='summary-2'!M58 -> 0 | P46: تأیید مشاور
A47: 13 | B47: بتن پیش ساخته | J47: =IF(M47=0,0,M47-G47) -> 0 | M47: ='summary-2'!M59 -> 0 | P47: تأیید کارفرما
A48: 14 | B48: زیراساس، اساس و بالاست | G48: ='summary-2'!G60:I60 -> 1.6678942e+11 | J48: =IF(M48=0,0,M48-G48) -> -4.6072724e+10 | M48: ='summary-2'!M60 -> 1.2071669e+11 | P48: درخواست پیمانکار | S48: فصل چهارده فهرست بهاي راه، راه آهن و باند فرودگاه
A49: 14 | B49: زیراساس، اساس و بالاست | G49: ='summary-2'!G61:I61 -> 1.0882564e+11 | J49: =IF(M49=0,0,M49-G49) -> 0 | M49: ='summary-2'!M61 -> 0 | P49: تأیید مشاور
A50: 14 | B50: زیراساس، اساس و بالاست | J50: =IF(M50=0,0,M50-G50) -> 0 | M50: ='summary-2'!M62 -> 0 | P50: تأیید کارفرما
A51: 16 | B51: عایق کاری | G51: ='summary-2'!G63:I63 -> 1.4124722e+09 | J51: =IF(M51=0,0,M51-G51) -> 0 | M51: ='summary-2'!M63 -> 1.4124722e+09 | P51: درخواست پیمانکار | S51: فصل شانزده فهرست بهاي راه، راه آهن و باند فرودگاه
A52: 16 | B52: عایق کاری | G52: ='summary-2'!G64:I64 -> 1.4030557e+09 | J52: =IF(M52=0,0,M52-G52) -> 0 | M52: ='summary-2'!M64 -> 0 | P52: تأیید مشاور
A53: 16 | B53: عایق کاری | J53: =IF(M53=0,0,M53-G53) -> 0 | M53: ='summary-2'!M65 -> 0 | P53: تأیید کارفرما
A54: 19 | B54: کارهای متفرقه | J54: =IF(M54=0,0,M54-G54) -> 0 | M54: ='summary-2'!M66 -> 0 | P54: درخواست پیمانکار | S54: فصل نوزده فهرست بهاي راه، راه آهن و باند فرودگاه
A55: 20 | J55: =IF(M55=0,0,M55-G55) -> 0 | M55: ='summary-2'!M67 -> 0 | P55: تأیید مشاور
A56: 20 | J56: =IF(M56=0,0,M56-G56) -> 0 | M56: ='summary-2'!M68 -> 0 | P56: تأیید کارفرما
A57: 20 | B57: حمل و نقل | G57: ='summary-2'!G69:I69 -> 3.9549222e+09 | J57: =IF(M57=0,0,M57-G57) -> 0 | M57: ='summary-2'!M69 -> 3.9549222e+09 | P57: درخواست پیمانکار | S57: فصل بيست فهرست بهاي راه، راه آهن و باند فرودگاه
A58: 20 | B58: حمل و نقل | G58: ='summary-2'!G70:I70 -> 3.928556e+09 | J58: =IF(M58=0,0,M58-G58) -> 0 | M58: ='summary-2'!M70 -> 0 | P58: تأیید مشاور
A59: 20 | B59: حمل و نقل | J59: =IF(M59=0,0,M59-G59) -> 0 | M59: ='summary-2'!M71 -> 0 | P59: تأیید کارفرما
A60: 21 | B60: کارهای دستمزدی | G60: ='summary-2'!G72:I72 -> 1.9276346e+09 | J60: =IF(M60=0,0,M60-G60) -> 0 | M60: ='summary-2'!M72 -> 1.9276346e+09 | P60: درخواست پیمانکار | S60: فصل بيست و یک فهرست بهاي راه، راه آهن و باند فرودگاه
A61: 20 | B61: حمل و نقل | G61: ='summary-2'!G73:I73 -> 5179064.7 | J61: =IF(M61=0,0,M61-G61) -> 0 | M61: ='summary-2'!M73 -> 0 | P61: تأیید مشاور
A62: 20 | B62: حمل و نقل | J62: =IF(M62=0,0,M62-G62) -> 0 | M62: ='summary-2'!M74 -> 0 | P62: تأیید کارفرما
A63: 22 | B63: ریل، سوزن و ملحقات | G63: ='summary-2'!G75:I75 -> 1.8862706e+11 | J63: =IF(M63=0,0,M63-G63) -> -9.8389265e+10 | M63: ='summary-2'!M75 -> 9.0237793e+10 | P63: درخواست پیمانکار | S63: فصل بيست و دو فهرست بهاي راه، راه آهن و باند فرودگاه
A64: 22 | B64: ریل، سوزن و ملحقات | G64: ='summary-2'!G76:I76 -> 8.6170531e+10 | J64: =IF(M64=0,0,M64-G64) -> 0 | M64: ='summary-2'!M76 -> 0 | P64: تأیید مشاور
A65: 22 | B65: ریل، سوزن و ملحقات | J65: =IF(M65=0,0,M65-G65) -> 0 | M65: ='summary-2'!M77 -> 0 | P65: تأیید کارفرما
A66: 23 | B66: اجرای روسازی راه آهن | G66: ='summary-2'!G78:I78 -> 5.6549431e+09 | J66: =IF(M66=0,0,M66-G66) -> 3.9187031e+09 | M66: ='summary-2'!M78 -> 9.5736462e+09 | P66: درخواست پیمانکار | S66: فصل بيست و سه فهرست بهاي راه، راه آهن و باند فرودگاه
A67: 23 | B67: اجرای روسازی راه آهن | G67: ='summary-2'!G79:I79 -> 1.5537194e+08 | J67: =IF(M67=0,0,M67-G67) -> 0 | M67: ='summary-2'!M79 -> 0 | P67: تأیید مشاور
A68: 23 | B68: اجرای روسازی راه آهن | J68: =IF(M68=0,0,M68-G68) -> 0 | M68: ='summary-2'!M80 -> 0 | P68: تأیید کارفرما
A70: مهر و امضای پیمانکار | H70: مهر و امضا مشاور زیر بنایی | O70: مهر و امضا کارفرما
J73: تعدیل نمیگیرد-طراحی | M73: ='خلاصه مالي صورت وضعیت'!G14 -> 5.9095497e+10
J74: تعدیل نمیگیرد-بیمه | M74: ='خلاصه مالي صورت وضعیت'!G11+'خلاصه مالي صورت وضعیت'!G33 -> 1.1974772e+10
J75: جمع ردیف های تعدیل میگیرد | M75: =SUM(M15:O68) -> 6.2687698e+11
J76: جمع صورت کارکرد | M76: =M75+M74+M73 -> 6.9794725e+11

Sheet خلاصه متره کارکرد
D1: کارفرما: | E1: راه‏آهن جمهوری اسلامی ایران | K1: عنوان قرارداد: | L1: طراحی، تأمین و اجرای دو خطه کردن راه‏آهن (زیرسازی، پل‏سازی، روسازی) محور مشك-سيستان
D2: مشاور طرح: | E2: مهندسین مشاور صحن بوستان
D3: مشارکت: | E3: مشاركت تكنيك-پل‏رود-کنکاوان معدن شیراز | K3: شماره و تاریخ ابلاغ قرارداد: | L3: 400/66891/ی مورخ 93/11/20
D4: صورت‏وضعیت شماره: | E4: قطعی | J4: مبلغ قرارداد (ریال): | L4: 1197477151532
D5: تاریخ صورت‏وضعیت: | E5: 1399/06/02
A6: خلاصه متره کارکرد قطعی
A8: ردیف | B8: شرح | C8: کیلومتر شروع | D8: کیلومتر پایان | E8: طول(m) | F8: تعداد تراورس مورد نیاز | G8: بالاست مرحله اول اجراشده | H8: تعداد تراورس اجراشده | I8: طول ریل ریسه شده (m) | J8: درصد بالاست اجرا شده | K8: درصد تراورس اجرا شده | L8: درصد ریل ریسه شده | M8: توضیحات
A9: 1 | B9: بلاک خیر آباد-سیستان | C9: 509330 | D9: 524412 | E9: =D9-C9 -> 15082 | F9: =ROUND(E9/0.6,0) -> 25137 | G9: =E9-40-50-50-50-50-5635 -> 9207 | H9: 0 | J9: =G9/E9*100 -> 61.04628 | K9: =H9/F9*100 -> 0 | L9: =I9/E9*100 -> 0
A10: 2 | B10: ایستگاه خیر آباد | C10: =D9 -> 524412 | D10: 525828 | E10: =D10-C10 -> 1416 | F10: =ROUND(E10/0.6,0) -> 2360 | G10: =E10-20 -> 1396 | H10: 0 | J10: =G10/E10*100 -> 98.587571 | K10: =H10/F10*100 -> 0 | L10: =I10/E10*100 -> 0
A11: 3 | B11: بلاک هرند-خیر آباد | C11: =D10 -> 525828 | D11: 540260 | E11: =D11-C11 -> 14432 | F11: =ROUND(E11/0.6,0) -> 24053 | G11: =E11-15-140-30-45-25-20-70-20-25-30-20-25-30-50-20-30-20-15-25-15-20-20-20-10-10-5-10-10-12 -> 13645 | H11: 0 | J11: =G11/E11*100 -> 94.54684 | K11: =H11/F11*100 -> 0 | L11: =I11/E11*100 -> 0
A12: 4 | B12: ایستگاه هرند | C12: =D11 -> 540260 | D12: 541629 | E12: =D12-C12 -> 1369 | F12: =ROUND(E12/0.6,0) -> 2282 | G12: =E12 -> 1369 | H12: 0 | I12: =105*25 -> 2625 | J12: =G12/E12*100 -> 100 | K12: =H12/F12*100 -> 0 | L12: =I12/E12*100/2 -> 95.8729 | M12: یکصد پنج شاخه 25 متری در ایستگاه هرند دپو شده بود
A13: 5 | B13: بلاک مشک -هرند | C13: =D12 -> 541629 | D13: 556118 | E13: =D13-C13 -> 14489 | F13: =ROUND(E13/0.6,0) -> 24148 | G13: =E13-20 -> 14469 | H13: 10982 | I13: =6575*2 -> 13150 | J13: =G13/E13*100 -> 99.861964 | K13: =H13/F13*100 -> 45.477886 | L13: =I13/E13/2*100 -> 45.379253 | M13: چیدمان تراورس هرند به سمت مشک
A14: 6 | B14: ایستگاه مشک | C14: =D13 -> 556118 | D14: 557478 | E14: =D14-C14 -> 1360 | F14: =ROUND(E14/0.6,0) -> 2267 | G14: =E14 -> 1360 | H14: 0 | J14: =G14/E14*100 -> 100 | K14: =H14/F14*100 -> 0 | L14: =I14/E14*100 -> 0
B15: جمع | C15: =C9 -> 509330 | D15: 557478 | E15: =SUM(E9:E14) -> 48148 | F15: =ROUND(E15/0.6,0) -> 80247 | G15: =SUM(G9:G14) -> 41446 | H15: =SUM(H9:H14) -> 10982 | I15: =SUM(I9:I14) -> 15775 | J15: =G15/E15*100 -> 86.080419 | K15: =H15/F15*100 -> 13.685247 | L15: =I15/E15/2*100 -> 16.381781
A16: با توجه به تطویل مدت پیمان تا تاریخ 1399/06/02 (بیش از 3/5 سال مازاد بر مدت اولیه پیمان) هزینه خدمات مستمر قید شده در ساختار شکست چندین برابر هزینه پیش بینی شده صورت گرفته است لذا درصد منظور شده در کارکرد با توجه به ساختار شکست پروژه 100% منظور شده است بنابراین درصد اعمال خدمات سازمان دهی وبرنامه ریزی،بیمه نامه ها،تجهیز اولیه کارگاه، تجهیز مستمر کارگاه ،خدمات طراحی ومهندسی پیش از اجرا وحین اجرا واختتامیه پروژه 100% منظور شده است .در مورد خدمات اجرایی فعالیت زیرسازی پروژه به صورت 100% انجام شده در خصوص آیتم کار اضافه در ساختار شکست این ردیف تخفیفی بود که پیمانکار در زمان انعقاد قرارداد به کارفرما داده بود به این شکل در صورتی که کارفرما کار اضافه ای در چارچوب قرارداد به پیمانکار ابلاغ نماید پیمانکار مکلف است تا این سقف نسبت به انجام آن اقدام نماید (بدون دریافت هیچ مبلغی ) در غیر اینصورت مبلغ فوق باید به پیمانکار پرداخت گردد با توجه به عدم ابلاغ کار اضافه در زمان قرارداد لذا مبلغ فوق باید به پیمانکار پرداخت گردد ،فعالیت های مربوط به روسازی براساس متره فوق انجام گرفته است (بر اساس برداشت کارگاهی مورخ 99/06/20 ) در خصوص خدمات تامین درصد مربوطه با توجه به انجام فعالیت براساس ساختار شکست منظور شده است.مدارک مربوطه در پیوست مدارک پشتیبان ارائه شده است.

Sheet خلاصه مالي صورت وضعیت
D1: کارفرما: | E1: راه‏آهن جمهوری اسلامی ایران | G1: عنوان قرارداد: | H1: طراحی، تأمین و اجرای دو خطه کردن راه‏آهن (زیرسازی، پل‏سازی، روسازی) محور مشك-سيستان
D2: مشاور طرح: | E2: مهندسین مشاور صحن بوستان
D3: مشارکت: | E3: مشاركت تكنيك-پل‏رود-کنکاوان معدن شیراز | G3: شماره و تاریخ ابلاغ قرارداد: | H3: 400/66891/ی مورخ 93/11/20
D4: صورت‏وضعیت شماره: | E4: قطعی | G4: مبلغ قرارداد (ریال): | H4: 1197477151532
D5: تاریخ صورت‏وضعیت: | E5: 1399/06/02
A6: ردیف | B6: W.B.S | C6: عنوان فعالیت | F6: تایید شده قبلی (کارکرد 15) | G6: پیمانکار-قطعی | H6: مشاور کارفرما | I6: توضیحات
A8: 1 | B8: 1 | C8: پروژه طراحی، تامین و اجرای دو خطه کردن راه‏آهن محور مشک–سیستان | F8: =SUM(F9,F14,F17,F22,F30) -> 5.7076291e+11 | G8: =SUM(G9,G14,G17,G22,G30) -> 6.9794725e+11 | H8: =SUM(H9,H14,H17,H22,H30) -> 0
A9: 2 | B9: 1.3 | C9: فعالیت‌های مقدماتی، برنامه‏ریزی و تجهيز كارگاه | F9: =SUM(F10:F13) -> 4.5633459e+10 | G9: =SUM(G10:G13) -> 6.1071335e+10 | H9: =SUM(H10:H13) -> 0
A10: 3 | B10: 1.3.1 | C10: مقدمات لازم جهت فعاليت هاي اجرايي | F10: ='سازمان دهی و برنامه ریزی پروژه'!I8 -> 5.8796128e+09 | G10: ='سازمان دهی و برنامه ریزی پروژه'!L8 -> 5987385758 | H10: ='سازمان دهی و برنامه ریزی پروژه'!Q8 -> 0
A11: 4 | B11: 1.3.2 | C11: بيمه‌نامه‌ها | F11: ='بیمه نامه ها'!I8 -> 5295842703 | G11: ='بیمه نامه ها'!L8 -> 7.1848629e+09 | H11: ='بیمه نامه ها'!Q8 -> 0
A12: 5 | B12: 1.3.3 | C12: تجهیز اوليه کارگاه | F12: ='تجهیز کارگاه اولیه'!I8 -> 1.8759078e+10 | G12: ='تجهیز کارگاه اولیه'!L8 -> 20357111576 | H12: ='تجهیز کارگاه اولیه'!Q8 -> 0
A13: 6 | B13: 1.3.4 | C13: تجهيز مستمر كارگاه | F13: ='تجهیز کارگاه مستمر'!I8 -> 1.5698925e+10 | G13: ='تجهیز کارگاه مستمر'!L8 -> 2.7541974e+10 | H13: ='تجهیز کارگاه مستمر'!Q8 -> 0
A14: 7 | B14: 1.4 | C14: خدمات طراحي و مهندسی | F14: =SUM(F15:F16) -> 3.8974588e+10 | G14: =SUM(G15:G16) -> 5.9095497e+10 | H14: =SUM(H15:H16) -> 0
A15: 8 | B15: 1.4.1 | C15: خدمات طراحي و مهندسی پيش از اجرا | F15: ='خدمات طراحي مهندسي پیش از اجرا'!I8 -> 1.9214419e+10 | G15: ='خدمات طراحي مهندسي پیش از اجرا'!L8 -> 2.095585e+10 | H15: ='خدمات طراحي مهندسي پیش از اجرا'!Q8 -> 0
A16: 9 | B16: 1.4.2 | C16: خدمات مهندسی حین اجرا | F16: ='خدمات طراحي و مهندسي حین اجرا'!I8 -> 1.9760169e+10 | G16: ='خدمات طراحي و مهندسي حین اجرا'!L8 -> 3.8139647e+10 | H16: ='خدمات طراحي و مهندسي حین اجرا'!Q8 -> 0
A17: 10 | B17: 1.5 | C17: خدمات تامین | F17: =F18+F19+F20+F21 -> 1.2783398e+11 | G17: =G18+G19+G20+G21 -> 1.2554198e+11 | H17: =H18+H19+H20+H21 -> 0
A18: 11 | B18: 1.5.1 | C18: ريل | F18: ='خدمات تامین'!I9 -> 5.8196709e+10 | G18: ='خدمات تامین'!L9 -> 6.466301e+10 | H18: ='خدمات تامین'!Q9 -> 0
A19: 12 | B19: 1.5.2 | C19: سوزن | F19: ='خدمات تامین'!I16 -> 2.5147801e+10 | G19: ='خدمات تامین'!L16 -> 2.5147801e+10 | H19: ='خدمات تامین'!Q16 -> 0
A20: 13 | B20: 1.5.3 | C20: تراورس | F20: ='خدمات تامین'!I21 -> 4.1663448e+10 | G20: ='خدمات تامین'!L21 -> 3.5731171e+10 | H20: ='خدمات تامین'!Q21 -> 0
A21: 14 | B21: 1.5.4 | C21: ملحقات | F21: ='خدمات تامین'!I27 -> 2.8260202e+09 | G21: ='خدمات تامین'!L27 -> 0 | H21: ='خدمات تامین'!Q27 -> 0
A22: 15 | B22: 1.6 | C22: عملیات اجرایی | F22: =F23+F24+F25+F26+F27+F28+F29 -> 3.5832089e+11 | G22: =G23+G24+G25+G26+G27+G28+G29 -> 4.3786871e+11 | H22: =H23+H24+H25+H26+H27+H28+H29 -> 0
A23: 16 | B23: 1.6.1 | C23: بلوک مشک-هرند | F23: ='خدمات اجرایی '!I9 -> 1.0265534e+11 | G23: ='خدمات اجرایی '!L9 -> 1.1579914e+11 | H23: ='خدمات اجرایی '!Q9 -> 0
A24: 17 | B24: 1.6.2 | C24: ایستگاه مشک | F24: ='خدمات اجرایی '!I51 -> 1.5819677e+10 | G24: ='خدمات اجرایی '!L51 -> 1.7191313e+10 | H24: ='خدمات اجرایی '!Q51 -> 0
A25: 18 | B25: 1.6.3 | C25: بلوک هرند-خیرآباد | F25: ='خدمات اجرایی '!I78 -> 1.0433132e+11 | G25: ='خدمات اجرایی '!L78 -> 1.1247517e+11 | H25: ='خدمات اجرایی '!Q78 -> 0
A26: 19 | B26: 1.6.4 | C26: ایستگاه هرند | F26: ='خدمات اجرایی '!I120 -> 1.5847242e+10 | G26: ='خدمات اجرایی '!L120 -> 1.7649113e+10 | H26: ='خدمات اجرایی '!Q120 -> 0
A27: 20 | B27: 1.6.5 | C27: بلوک خیرآباد-سیستان | F27: ='خدمات اجرایی '!I147 -> 1.0380321e+11 | G27: ='خدمات اجرایی '!L147 -> 1.1006354e+11 | H27: ='خدمات اجرایی '!Q147 -> 0
A28: 21 | B28: 1.6.6 | C28: ایستگاه خیرآباد | F28: ='خدمات اجرایی '!I189 -> 1.5864102e+10 | G28: ='خدمات اجرایی '!L189 -> 1.7213265e+10 | H28: ='خدمات اجرایی '!Q189 -> 0
A29: 22 | B29: 1.6.7 | C29: کارهای اضافی | F29: ='خدمات اجرایی '!I216 -> 0 | G29: ='خدمات اجرایی '!L216 -> 47477151532 | H29: ='خدمات اجرایی '!Q216 -> 0
A30: 23 | B30: 1.7 | C30: اختتامیه پروژه | F30: =SUM(F31:F33) -> 0 | G30: =SUM(G31:G33) -> 1.4369726e+10 | H30: =SUM(H31:H33) -> 0
A31: 24 | B31: 1.7.1 | C31: تحويل موقت كل پروژه | F31: =اختتامیه!I9 -> 0 | G31: =اختتامیه!L9 -> 5.9873858e+09 | H31: =اختتامیه!Q9 -> 0
A32: 25 | B32: 1.7.2 | C32: برچيدن كارگاه | F32: =اختتامیه!I10 -> 0 | G32: =اختتامیه!L10 -> 3.5924315e+09 | H32: =اختتامیه!Q10 -> 0
A33: 26 | B33: 1.7.3 | C33: بيمه مهندسي سازه‌هاي تكميل شده | F33: =اختتامیه!I11 -> 0 | G33: =اختتامیه!L11 -> 4.7899086e+09 | H33: =اختتامیه!Q11 -> 0
F36: 1197477151532 | G36: 1197477151532 | H36: مبلغ پروژه
F37: 47477151532 | G37: 47477151532 | H37: کار اضافه
F38: =F36-F37 -> 1150000000000 | G38: =G36-G37 -> 1150000000000
F39: =F8/F38*F37 -> 2.356365e+10 | G39: =G8/G38*G37 -> 2.8814389e+10 | H39: مبلغ کار اضافه این کارکرد

Sheet جمع بندي صورت وضعیت
H1: کارفرما: | I1: راه آهن جمهوری اسلامی ایران | L1: عنوان قرارداد: | M1: طراحی،تامین و اجرای دوخطه کردن راه آهن(زیرسازی،پل سازی و روسازی)محور ساسان شبنم
H2: مشاور طرح: | I2: مهندسین مشاور صحن بوستان
H3: مشارکت: | I3: اهورامهرگستران-جهادنصرحمزه طرح نوانديشان-گمانه كاو | L3: شماره و تاریخ ابلاغ قرارداد: | M3: 400/71523/ي مورخ 93/12/10
H4: صورت وضعبت شماره: | I4: 2 | L4: مبلغ قرارداد: | M4: 768000000000
H5: تاریخ صورت وضعیت: | I5: 94/0.5/17
A6: ردیف | B6: W.B.S | C6: عنوان فعالیت | D6: هزینه کامل (ريال) | E6: وزن کامل (%) | F6: واحد | G6: گروه مشارکت | J6: مشاور زیر بنایی | M6: کارفرما
G7: درصد پیشرفت از (کل) | H7: درصد پیشرفت وزنی | I7: مبلغ(ریال) | J7: درصد پیشرفت از (کل) | K7: درصد پیشرفت وزنی | L7: مبلغ(ریال) | M7: درصد پیشرفت از (کل) | N7: درصد پیشرفت وزنی | O7: مبلغ(ریال)
A8: 1 | B8: 1 | C8: پروژه طراحی، تامین و اجرای دو خطه کردن راه آهن محور ساسان – شبنم | D8: =D11+D16+D19+D20+D21 -> 768000000000 | E8: =E11+E16+E19+E20+E21 -> 100 | I8: =SUM(I11,I16,I19,I20,I21) -> #REF! | L8: =SUM(L11,L16,L19,L20,L21) -> #REF! | O8: =SUM(O11,O16,O19,O20,O21) -> #REF!
A9: 2 | B9: 1.1 | C9: آغاز | D9: 0 | E9: 0
A10: 3 | B10: 1.2 | C10: تحویل زمین | D10: 0 | E10: 0
A11: 4 | B11: 1.3 | C11: فعالیت‌های مقدماتی، برنامه ریزی و تجهيز كارگاه | D11: =E11*$M$4/100 -> 3.6096e+10 | E11: =SUM(E12:E15) -> 4.7 | G11: =(G12*$E$12+G13*$E$13+G14*$E$14+G15*$E$15)/$E$11 -> 1 | H11: =G11*E11 -> 4.7 | I11: =G11*D11 -> 3.6096e+10 | J11: =(J12*$E$12+J13*$E$13+J14*$E$14+J15*$E$15)/$E$11 -> 0 | K11: =J11*E11 -> 0 | L11: =J11*D11 -> 0 | M11: =(M12*$E$12+M13*$E$13+M14*$E$14+M15*$E$15)/$E$11 -> #REF! | N11: =M11*E11 -> #REF! | O11: =M11*D11 -> #REF!
A12: 5 | B12: 1.3.1 | C12: سازماندهي و برنامه ریزی پروژه | D12: =E12*$M$4/100 -> 3840000000 | E12: 0.5 | G12: ='سازمان دهی و برنامه ریزی پروژه'!J8 -> 1 | H12: ='سازمان دهی و برنامه ریزی پروژه'!K8 -> 0.005 | I12: ='سازمان دهی و برنامه ریزی پروژه'!L8 -> 5987385758 | J12: ='سازمان دهی و برنامه ریزی پروژه'!O8 -> 0 | K12: ='سازمان دهی و برنامه ریزی پروژه'!P8 -> 0 | L12: ='سازمان دهی و برنامه ریزی پروژه'!Q8 -> 0 | M12: ='سازمان دهی و برنامه ریزی پروژه'!#REF! -> #REF! | N12: ='سازمان دهی و برنامه ریزی پروژه'!#REF! -> #REF! | O12: ='سازمان دهی و برنامه ریزی پروژه'!S8 -> 0
A13: 6 | B13: 1.3.2 | C13: بيمه‌نامه‌ها | D13: =E13*$M$4/100 -> 4608000000 | E13: 0.6 | G13: ='بیمه نامه ها'!J$8 -> 1 | H13: ='بیمه نامه ها'!K8 -> 0.006 | I13: ='بیمه نامه ها'!L8 -> 7.1848629e+09 | J13: ='بیمه نامه ها'!O$8 -> 0 | K13: ='بیمه نامه ها'!P$8 -> 0 | L13: ='بیمه نامه ها'!Q$8 -> 0 | M13: ='بیمه نامه ها'!#REF! -> #REF! | N13: ='بیمه نامه ها'!#REF! -> #REF! | O13: ='بیمه نامه ها'!S$8 -> 0
A14: 7 | B14: 1.3.3 | C14: تجهیز اوليه کارگاه | D14: =E14*$M$4/100 -> 9216000000 | E14: 1.2 | G14: ='تجهیز کارگاه اولیه'!J8 -> 1 | H14: ='تجهیز کارگاه اولیه'!K8 -> 0.017 | I14: ='تجهیز کارگاه اولیه'!L8 -> 20357111576 | J14: ='تجهیز کارگاه اولیه'!O8 -> 0 | K14: ='تجهیز کارگاه اولیه'!P8 -> 0 | L14: ='تجهیز کارگاه اولیه'!Q8 -> 0 | M14: ='تجهیز کارگاه اولیه'!#REF! -> #REF! | N14: ='تجهیز کارگاه اولیه'!#REF! -> #REF! | O14: ='تجهیز کارگاه اولیه'!S8 -> 0
A15: 8 | B15: 1.3.4 | C15: تجهيز مستمر كارگاه | D15: =E15*$M$4/100 -> 18432000000 | E15: 2.4 | G15: ='تجهیز کارگاه مستمر'!J8 -> 1 | H15: ='تجهیز کارگاه مستمر'!K8 -> 0.023 | I15: ='تجهیز کارگاه مستمر'!L8 -> 2.7541974e+10 | J15: ='تجهیز کارگاه مستمر'!O$8 -> 0 | K15: ='تجهیز کارگاه مستمر'!P$8 -> 0 | L15: ='تجهیز کارگاه مستمر'!Q$8 -> 0 | M15: ='تجهیز کارگاه مستمر'!#REF! -> #REF! | N15: ='تجهیز کارگاه مستمر'!#REF! -> #REF! | O15: ='تجهیز کارگاه مستمر'!S$8 -> 0
A16: 9 | B16: 1.4 | C16: خدمات طراحي و مهندسی | D16: =E16*$M$4/100 -> 8.1403491e+10 | E16: =E17+E18 -> 10.599413 | G16: =(G17*$E$17+G18*$E$18)/$E$16 -> 0.987 | H16: =G16*E16 -> 10.461621 | I16: =G16*D16 -> 8.0345246e+10 | J16: =(J17*$E$17+J18*$E$18)/$E$16 -> 0 | K16: =J16*E16 -> 0 | L16: =J16*D16 -> 0 | M16: =(M17*$E$17+M18*$E$18)/$E$16 -> #REF! | N16: =M16*E16 -> #REF! | O16: =M16*D16 -> #REF!
A17: 10 | B17: 1.4.1 | C17: خدمات طراحي و مهندسی پيش از اجرا | D17: =E17*$M$4/100 -> 2.8491222e+10 | E17: 3.7097945 | G17: ='خدمات طراحي مهندسي پیش از اجرا'!J8 -> 1 | H17: ='خدمات طراحي مهندسي پیش از اجرا'!K8 -> 0.0175 | I17: ='خدمات طراحي مهندسي پیش از اجرا'!L8 -> 2.095585e+10 | J17: ='خدمات طراحي مهندسي پیش از اجرا'!O8 -> 0 | K17: ='خدمات طراحي مهندسي پیش از اجرا'!P8 -> 0 | L17: ='خدمات طراحي مهندسي پیش از اجرا'!Q8 -> 0 | M17: ='خدمات طراحي مهندسي پیش از اجرا'!#REF! -> #REF! | N17: ='خدمات طراحي مهندسي پیش از اجرا'!#REF! -> #REF! | O17: ='خدمات طراحي مهندسي پیش از اجرا'!S8 -> 0
A18: 11 | B18: 1.4.2 | C18: خدمات مهندسی حین اجرا | D18: =E18*$M$4/100 -> 5.2912269e+10 | E18: 6.8896184 | G18: ='خدمات طراحي و مهندسي حین اجرا'!J$8 -> 0.98 | H18: ='خدمات طراحي و مهندسي حین اجرا'!K8 -> 0.03185 | I18: ='خدمات طراحي و مهندسي حین اجرا'!L8 -> 3.8139647e+10 | J18: ='خدمات طراحي و مهندسي حین اجرا'!O$8 -> 0 | K18: ='خدمات طراحي و مهندسي حین اجرا'!P$8 -> 0 | L18: ='خدمات طراحي و مهندسي حین اجرا'!Q$8 -> 0 | M18: ='خدمات طراحي و مهندسي حین اجرا'!#REF! -> #REF! | N18: ='خدمات طراحي و مهندسي حین اجرا'!#REF! -> #REF! | O18: ='خدمات طراحي و مهندسي حین اجرا'!S$8 -> 0
A19: 12 | B19: 1.5 | C19: خدمات تامین | D19: =E19*$M$4/100 -> 268804508978 | E19: 35.000587 | G19: ='خدمات تامین'!J$8 -> 0.27244992 | H19: ='خدمات تامین'!K8 -> 0.10483873 | I19: ='خدمات تامین'!L8 -> 1.2554198e+11 | J19: ='خدمات تامین'!O$8 -> 0 | K19: ='خدمات تامین'!P$8 -> 0 | L19: ='خدمات تامین'!Q$8 -> 0 | M19: ='خدمات تامین'!#REF! -> #REF! | N19: ='خدمات تامین'!#REF! -> #REF! | O19: ='خدمات تامین'!S$8 -> 0
A20: 13 | B20: 1.6 | C20: عملیات اجرایی | D20: =E20*$M$4/100 -> 369408000000 | E20: 48.1 | G20: =#REF! -> #REF! | H20: =#REF! -> #REF! | I20: =#REF! -> #REF! | J20: =#REF! -> #REF! | K20: =#REF! -> #REF! | L20: =#REF! -> #REF! | M20: =#REF! -> #REF! | N20: =#REF! -> #REF! | O20: =#REF! -> #REF!
A21: 14 | B21: 1.7 | C21: اختتامیه پروژه | D21: =E21*$M$4/100 -> 12288000000 | E21: =SUM(E22:E24) -> 1.6 | G21: =اختتامیه!J8 -> 1 | H21: =اختتامیه!K8 -> 0.012 | I21: =اختتامیه!L8 -> 1.4369726e+10 | J21: =اختتامیه!O8 -> 0 | K21: =اختتامیه!P8 -> 0 | L21: =اختتامیه!Q8 -> 0 | M21: =اختتامیه!#REF! -> #REF! | N21: =اختتامیه!#REF! -> #REF! | O21: =اختتامیه!S8 -> 0
A22: 15 | B22: 1.7.1 | C22: تحويل موقت كل پروژه | D22: =E22*$M$4/100 -> 6144000000 | E22: 0.8 | G22: =اختتامیه!J9 -> 1 | H22: =اختتامیه!K9 -> 0.005 | I22: =اختتامیه!L9 -> 5.9873858e+09 | J22: =اختتامیه!O9 -> 0 | K22: =اختتامیه!P9 -> 0 | L22: =اختتامیه!Q9 -> 0 | M22: =اختتامیه!#REF! -> #REF! | N22: =اختتامیه!#REF! -> #REF! | O22: =اختتامیه!S9 -> 0
A23: 16 | B23: 1.7.2 | C23: برچيدن كارگاه | D23: =E23*$M$4/100 -> 3072000000 | E23: 0.4 | G23: =اختتامیه!J10 -> 1 | H23: =اختتامیه!K10 -> 0.003 | I23: =اختتامیه!L10 -> 3.5924315e+09 | J23: =اختتامیه!O10 -> 0 | K23: =اختتامیه!P10 -> 0 | L23: =اختتامیه!Q10 -> 0 | M23: =اختتامیه!#REF! -> #REF! | N23: =اختتامیه!#REF! -> #REF! | O23: =اختتامیه!S10 -> 0
A24: 17 | B24: 1.7.3 | C24: بيمه مهندسي سازه‌هاي تكميل شده | D24: =E24*$M$4/100 -> 3072000000 | E24: 0.4 | G24: =اختتامیه!J11 -> 1 | H24: =اختتامیه!K11 -> 0.004 | I24: =اختتامیه!L11 -> 4.7899086e+09 | J24: =اختتامیه!O11 -> 0 | K24: =اختتامیه!P11 -> 0 | L24: =اختتامیه!Q11 -> 0 | M24: =اختتامیه!#REF! -> #REF! | N24: =اختتامیه!#REF! -> #REF! | O24: =اختتامیه!S11 -> 0
A25: 18 | B25: 1.8 | C25: پایان | D25: =E25*$M$4/100 -> 0 | E25: 0
G26: مهر و امضا گروه مشارکت اهورا مهر گستران | H26: مهر و امضا گروه مشارکت اهورا مهر گستران | I26: مهر و امضا گروه مشارکت اهورا مهر گستران | J26: مهر و امضا مشاور زیر بنایی مهندسین مشاور صحن بوستان | K26: مهر و امضا مشاور زیر بنایی مهندسین مشاور صحن بوستان | L26: مهر و امضا مشاور زیر بنایی مهندسین مشاور صحن بوستان | M26: تایید کارفرما | N26: تایید کارفرما | O26: تایید کارفرما

Sheet سازمان دهی و برنامه ریزی پروژه
D1: کارفرما: | E1: راه‏آهن جمهوری اسلامی ایران | O1: عنوان قرارداد: | Q1: طراحی، تأمین و اجرای دو خطه کردن راه‏آهن (زیرسازی، پل‏سازی، روسازی) محور مشك-سيستان
D2: مشاور طرح: | E2: مهندسین مشاور صحن بوستان
D3: مشارکت: | E3: مشاركت تكنيك-پل‏رود-کنکاوان معدن شیراز | O3: شماره و تاریخ ابلاغ قرارداد: | Q3: 400/66891/ی مورخ 93/11/20
D4: صورت‏وضعیت شماره: | E4: ='خلاصه مالي صورت وضعیت'!E4 -> قطعی | O4: مبلغ قرارداد (ریال): | Q4: ='خلاصه مالي صورت وضعیت'!H4:H5 -> 1197477151532
D5: تاریخ صورت‏وضعیت: | E5: ='خلاصه مالي صورت وضعیت'!E5 -> 1399/06/02
A6: ردیف | B6: W.B.S | C6: عنوان فعالیت | D6: هزینه کامل (ريال) | E6: وزن کامل (%) | F6: فصل مرتبط از فهرست بها | G6: تایید شده کارکرد قبلی (ص.و15) | J6: پیمانکار-قطعی | M6: توضیحات پیمانکار | O6: مشاور کارفرما | R6: توضیحات مشاور | T6: مدارك پشتيبان
D7: بر اساس ساختار شکست مصوب طی نامه شماره مورخ | G7: درصد پیشرفت از سرفصل (کل) | H7: درصد پیشرفت وزنی | I7: مبلغ (ریال) | J7: درصد پیشرفت از سرفصل (کل) | K7: درصد پیشرفت وزنی | L7: مبلغ (ریال) | O7: درصد پیشرفت از صد (کل) | P7: درصد پیشرفت وزنی | Q7: مبلغ (ریال)
A8: 1 | B8: 1.3.1 | C8: مقدمات لازم جهت فعاليت هاي اجرايي | D8: =SUM(D9:D17) -> 5987385758 | E8: =SUM(E9:E17) -> 0.005 | G8: =-I8/D8 -> -0.982 | H8: 0.00491 | I8: 5.8796128e+09 | J8: =L8/D8 -> 1 | K8: =SUM(K9:K17) -> 0.005 | L8: =SUM(L9:L17) -> 5987385758 | O8: =Q8/D8 -> 0 | P8: =Q8/Q4 -> 0 | Q8: =SUM(Q9:Q17) -> 0
A9: 2 | B9: 1.3.1.1 | C9: انتصاب و معرفی نماینده مشارکت (مدیر پروژه) | D9: =E9*$Q$4 -> 0 | E9: =CBS!D11 -> 0 | G9: 1 | H9: 0 | I9: 0 | J9: 1 | K9: =J9*E9 -> 0 | L9: =K9*$Q$4 -> 0 | P9: =O9*E9 -> 0 | Q9: =P9*$Q$4 -> 0
A10: 3 | B10: 1.3.1.2 | C10: تشکیل دفتر و سازمان کلیدی پروژه | D10: =E10*$Q$4 -> 4.19117e+08 | E10: =CBS!D12 -> 0.00035 | G10: 1 | H10: 0.00035 | I10: 4.19117e+08 | J10: 1 | K10: =J10*E10 -> 0.00035 | L10: =K10*$Q$4 -> 4.19117e+08 | P10: =O10*E10 -> 0 | Q10: =P10*$Q$4 -> 0
A11: 4 | B11: 1.3.1.3 | C11: تهیه و اعلام چارت سازمانی، شرح وظایف و حدود اختیارات و مسئولیت‏ها و شرایط احراز تیم پروژه | D11: =E11*$Q$4 -> 8.9810786e+08 | E11: =CBS!D13 -> 0.00075 | G11: 1 | H11: 0.00075 | I11: 8.9810786e+08 | J11: 1 | K11: =J11*E11 -> 0.00075 | L11: =K11*$Q$4 -> 8.9810786e+08 | P11: =O11*E11 -> 0 | Q11: =P11*$Q$4 -> 0
A12: 5 | B12: 1.3.1.4 | C12: تشکیل و تعریف نظام مدیریت پروژه، تهیه و ارسال ویرایش اول برنامه زمان‏بندی و ساختار شکست هزینه و سایر مدارک مرتبط برنامه‏ریزی | D12: =E12*$Q$4 -> 1.5567203e+09 | E12: =CBS!D14 -> 0.0013 | G12: 1 | H12: 0.0013 | I12: 1.5567203e+09 | J12: 1 | K12: =J12*E12 -> 0.0013 | L12: =K12*$Q$4 -> 1.5567203e+09 | P12: =O12*E12 -> 0 | Q12: =P12*$Q$4 -> 0
A13: 6 | B13: 1.3.1.5 | C13: برنامه‏ریزی و تعیین مشخصات و فهرست کامل اقدامات تجهیز کارگاه به همراه نقشه جانمایی | D13: =E13*$Q$4 -> 5.9873858e+08 | E13: =CBS!D15 -> 0.0005 | G13: 1 | H13: 0.0005 | I13: 5.9873858e+08 | J13: 1 | K13: =J13*E13 -> 0.0005 | L13: =K13*$Q$4 -> 5.9873858e+08 | P13: =O13*E13 -> 0 | Q13: =P13*$Q$4 -> 0
A14: 7 | B14: 1.3.1.6 | C14: تهیه و ارسال گردش فعالیتها و روابط بین مشارکت، مشاور و کارفرما (Coordination Procedure) | D14: =E14*$Q$4 -> 3.5924315e+08 | E14: =CBS!D16 -> 0.0003 | G14: 1 | H14: 0.0003 | I14: 3.5924315e+08 | J14: 1 | K14: =J14*E14 -> 0.0003 | L14: =K14*$Q$4 -> 3.5924315e+08 | P14: =O14*E14 -> 0 | Q14: =P14*$Q$4 -> 0
A15: 8 | B15: 1.3.1.7 | C15: تهیه و ارسال روش‏های اجرایی و دستورالعمل‏های کاری شامل: QA ،QC ،HSE ،5S و … | D15: =E15*$Q$4 -> 1.7962157e+09 | E15: =CBS!D17 -> 0.0015 | G15: 1 | H15: 0.0015 | I15: 1.7962157e+09 | J15: 1 | K15: =J15*E15 -> 0.0015 | L15: =K15*$Q$4 -> 1.7962157e+09 | P15: =O15*E15 -> 0 | Q15: =P15*$Q$4 -> 0
A16: 9 | B16: 1.3.1.8 | C16: تهیه و ارسال لیست کامل مدارک پیمانکار | D16: =E16*$Q$4 -> 3.5924315e+08 | E16: =CBS!D18 -> 0.0003 | G16: 0.7 | H16: 0.00021 | I16: 2.514702e+08 | J16: 1 | K16: =J16*E16 -> 0.0003 | L16: =K16*$Q$4 -> 3.5924315e+08 | M16: لیست مدارک به مشاور ارسال شده است | P16: =O16*E16 -> 0 | Q16: =P16*$Q$4 -> 0
A17: 10 | B17: 1.3.1.9 | C17: پایان سازمان‏دهی و برنامه‏ریزی مقدماتی پروژه | D17: =E17*$Q$4 -> 0 | E17: =CBS!D19 -> 0 | G17: 0 | H17: 0 | I17: 0 | K17: =J17*E17 -> 0 | L17: =K17*$Q$4 -> 0 | P17: =O17*E17 -> 0 | Q17: =P17*$Q$4 -> 0

Sheet بیمه نامه ها
D1: کارفرما: | E1: راه‏آهن جمهوری اسلامی ایران | O1: عنوان قرارداد: | Q1: طراحی، تأمین و اجرای دو خطه کردن راه‏آهن (زیرسازی، پل‏سازی، روسازی) محور مشك-سيستان
D2: مشاور طرح: | E2: مهندسین مشاور صحن بوستان
D3: مشارکت: | E3: مشاركت تكنيك-پل‏رود-کنکاوان معدن شیراز | O3: شماره و تاریخ ابلاغ قرارداد: | Q3: 400/66891/ی مورخ 93/11/20
D4: صورت‏وضعیت شماره: | E4: ='خلاصه مالي صورت وضعیت'!E4 -> قطعی | O4: مبلغ قرارداد (ریال): | Q4: ='خلاصه مالي صورت وضعیت'!H4:H5 -> 1197477151532
D5: تاریخ صورت‏وضعیت: | E5: ='خلاصه مالي صورت وضعیت'!E5 -> 1399/06/02
A6: ردیف | B6: W.B.S | C6: عنوان فعالیت | D6: هزینه کامل (ريال) | E6: وزن کامل (%) | F6: فصل مرتبط از فهرست بها | G6: تایید شده کارکرد قبلی (ص.و15) | J6: پیمانکار-قطعی | M6: توضیحات پیمانکار | O6: مشاور کارفرما | R6: توضیحات مشاور | T6: مدارك پشتيبان
D7: بر اساس ساختار شکست مصوب طی نامه شماره مورخ | G7: درصد پیشرفت از سرفصل (کل) | H7: درصد پیشرفت وزنی | I7: مبلغ (ریال) | J7: درصد پیشرفت از سرفصل (کل) | K7: درصد پیشرفت وزنی | L7: مبلغ (ریال) | O7: درصد پیشرفت از صد (کل) | P7: درصد پیشرفت وزنی | Q7: مبلغ (ریال)
A8: 1 | B8: 1.3.2 | C8: بيمه‌نامه‌ها | D8: =E8*$Q$4 -> 7.1848629e+09 | E8: =SUM(E9:E12) -> 0.006 | G8: ='[2]بیمه نامه ها'!J8 -> 0.73708333 | H8: ='[2]بیمه نامه ها'!K8 -> 0.0044225 | I8: ='[2]بیمه نامه ها'!L8 -> 5295842703 | J8: =L8/D8 -> 1 | K8: =SUM(K9:K12) -> 0.006 | L8: =SUM(L9:L12) -> 7.1848629e+09 | M8: کلیه بیمه نامه در طول مدت اولیه پروژه وچند سال بعد از آن ارائه شده است | O8: =(O9*$E$9+O10*$E$10+O11*$E$11+O12*$E$12)/E8 -> 0 | P8: =SUM(P9:P12) -> 0 | Q8: =SUM(Q9:Q12) -> 0
A9: 2 | B9: 1.3.2.1 | C9: ارائه بيمه تمام خطر پيمانكاري و اخذ تاييد مشاور | D9: =E9*$Q$4 -> 1.1974772e+09 | E9: =CBS!F21 -> 0.001 | G9: ='[2]بیمه نامه ها'!J9 -> 0.56 | H9: ='[2]بیمه نامه ها'!K9 -> 0.00056 | I9: ='[2]بیمه نامه ها'!L9 -> 6.705872e+08 | J9: 1 | K9: =J9*E9 -> 0.001 | L9: =K9*$Q$4 -> 1.1974772e+09 | P9: =O9*E9 -> 0 | Q9: =O9*D9 -> 0
A10: 3 | B10: 1.3.2.2 | C10: ارائه بيمه مسئوليت و اخذ تاييد مشاور | D10: =E10*$Q$4 -> 1.1974772e+09 | E10: =CBS!F22 -> 0.001 | G10: ='[2]بیمه نامه ها'!J10 -> 0.7 | H10: ='[2]بیمه نامه ها'!K10 -> 0.0007 | I10: ='[2]بیمه نامه ها'!L10 -> 8.3823401e+08 | J10: 1 | K10: =J10*E10 -> 0.001 | L10: =K10*$Q$4 -> 1.1974772e+09 | P10: =O10*E10 -> 0 | Q10: =O10*D10 -> 0
A11: 4 | B11: 1.3.2.3 | C11: تاييد بيمه‌هاي تمام خطر و مسئوليت توسط كارفرما | D11: =E11*$Q$4 -> 1.1974772e+09 | E11: =CBS!F23 -> 0.001 | G11: ='[2]بیمه نامه ها'!J11 -> 0.6125 | H11: ='[2]بیمه نامه ها'!K11 -> 0.0006125 | I11: ='[2]بیمه نامه ها'!L11 -> 7.3345476e+08 | J11: 1 | K11: =J11*E11 -> 0.001 | L11: =K11*$Q$4 -> 1.1974772e+09 | P11: =O11*E11 -> 0 | Q11: =O11*D11 -> 0
A12: 5 | B12: 1.3.2.4 | C12: پيگيري تا صدور بيمه‌نامه‌هاي فوق | D12: =E12*$Q$4 -> 3.5924315e+09 | E12: =CBS!F24 -> 0.003 | G12: ='[2]بیمه نامه ها'!J12 -> 0.85 | H12: ='[2]بیمه نامه ها'!K12 -> 0.00255 | I12: ='[2]بیمه نامه ها'!L12 -> 3.0535667e+09 | J12: 1 | K12: =J12*E12 -> 0.003 | L12: =K12*$Q$4 -> 3.5924315e+09 | P12: =O12*E12 -> 0 | Q12: =O12*D12 -> 0

Sheet تجهیز کارگاه اولیه
D1: کارفرما: | E1: راه‏آهن جمهوری اسلامی ایران | O1: عنوان قرارداد: | Q1: طراحی، تأمین و اجرای دو خطه کردن راه‏آهن (زیرسازی، پل‏سازی، روسازی) محور مشك-سيستان
D2: مشاور طرح: | E2: مهندسین مشاور صحن بوستان
D3: مشارکت: | E3: مشاركت تكنيك-پل‏رود-کنکاوان معدن شیراز | O3: شماره و تاریخ ابلاغ قرارداد: | Q3: 400/66891/ی مورخ 93/11/20
D4: صورت‏وضعیت شماره: | E4: ='خلاصه مالي صورت وضعیت'!E4 -> قطعی | O4: مبلغ قرارداد (ریال): | Q4: ='خلاصه مالي صورت وضعیت'!H4:H5 -> 1197477151532
D5: تاریخ صورت‏وضعیت: | E5: ='خلاصه مالي صورت وضعیت'!E5 -> 1399/06/02
A6: ردیف | B6: W.B.S | C6: عنوان فعالیت | D6: هزینه کامل (ريال) | E6: وزن کامل (%) | F6: فصل مرتبط از فهرست بها | G6: تایید شده کارکرد قبلی (ص.و15) | J6: پیمانکار-قطعی | M6: توضیحات پیمانکار | O6: مشاور کارفرما | R6: توضیحات مشاور | T6: مدارك پشتيبان
D7: بر اساس ساختار شکست مصوب طی نامه شماره مورخ | G7: درصد پیشرفت از سرفصل (کل) | H7: درصد پیشرفت وزنی | I7: مبلغ (ریال) | J7: درصد پیشرفت از سرفصل (کل) | K7: درصد پیشرفت وزنی | L7: مبلغ (ریال) | O7: درصد پیشرفت از صد (کل) | P7: درصد پیشرفت وزنی | Q7: مبلغ (ریال)
A8: 1 | B8: 1.3.3 | C8: تجهیز اوليه کارگاه | D8: =E8*$Q$4 -> 20357111576 | E8: =SUM(E9:E20) -> 0.017 | G8: 0.9215 | H8: 0.0156655 | I8: 1.8759078e+10 | J8: =L8/D8 -> 1 | K8: =SUM(K9:K20) -> 0.017 | L8: =SUM(L9:L20) -> 20357111576 | M8: تجهیز کارگاه همچنین تجهیز اولیه کارگاه بسیار فراتر از پروژه در همان ابتدای پروژه انجام گردیده است | O8: =Q8/D8 -> 0 | P8: =Q8/Q4 -> 0 | Q8: =SUM(Q9:Q20) -> 0
A9: 2 | B9: 1.3.3.1 | C9: آغاز عمليات تجهيز كارگاه | D9: =E9*$Q$4 -> 0 | E9: =CBS!F27 -> 0 | G9: 0 | H9: 0 | I9: 0 | J9: 1 | K9: =J9*E9 -> 0 | L9: =K9*$Q$4 -> 0 | P9: =O9*E9 -> 0 | Q9: =$Q$4*P9 -> 0
A10: 3 | B10: 1.3.3.2 | C10: تامين و تجهيز كامل محل سكونت عوامل پيمانكار، مشاور و كارفرما | D10: =E10*$Q$4 -> 3.0535667e+09 | E10: =CBS!F28 -> 0.00255 | G10: 1 | H10: 0.00255 | I10: 3.0535667e+09 | J10: 1 | K10: =J10*E10 -> 0.00255 | L10: =K10*$Q$4 -> 3.0535667e+09 | P10: =O10*E10 -> 0 | Q10: =$Q$4*P10 -> 0
A11: 4 | B11: 1.3.3.3 | C11: محوطه‌سازي و تامين راه‌هاي دسترسي، سرويس و ارتباطي | D11: =E11*$Q$4 -> 1.2214267e+09 | E11: =CBS!F29 -> 0.00102 | G11: 1 | H11: 0.00102 | I11: 1.2214267e+09 | J11: 1 | K11: =J11*E11 -> 0.00102 | L11: =K11*$Q$4 -> 1.2214267e+09 | P11: =O11*E11 -> 0 | Q11: =$Q$4*P11 -> 0
A12: 5 | B12: 1.3.3.4 | C12: تامين و تجهيز ساختمان‌هاي موقت اداري و دفاتر كار عوامل پيمانكار، مشاور و كارفرما و تجهيز آنها | D12: =E12*$Q$4 -> 3.0535667e+09 | E12: =CBS!F30 -> 0.00255 | G12: 1 | H12: 0.00255 | I12: 3.0535667e+09 | J12: 1 | K12: =J12*E12 -> 0.00255 | L12: =K12*$Q$4 -> 3.0535667e+09 | P12: =O12*E12 -> 0 | Q12: =$Q$4*P12 -> 0
A13: 6 | B13: 1.3.3.5 | C13: تامين آب، برق، سيستم مخابراتي، اينترنت و سوخت كارگاه | D13: =E13*$Q$4 -> 2.0357112e+09 | E13: =CBS!F31 -> 0.0017 | G13: 1 | H13: 0.0017 | I13: 2.0357112e+09 | J13: 1 | K13: =J13*E13 -> 0.0017 | L13: =K13*$Q$4 -> 2.0357112e+09 | P13: =O13*E13 -> 0 | Q13: =$Q$4*P13 -> 0
A14: 7 | B14: 1.3.3.6 | C14: اقدامات ايجاد و تامين و تجهيز ساختمان‌هاي پشتيباني، انبار و تعميرگاه | D14: =E14*$Q$4 -> 1.83214e+09 | E14: =CBS!F32 -> 0.00153 | G14: 1 | H14: 0.00153 | I14: 1.83214e+09 | J14: 1 | K14: =J14*E14 -> 0.00153 | L14: =K14*$Q$4 -> 1.83214e+09 | P14: =O14*E14 -> 0 | Q14: =$Q$4*P14 -> 0
A15: 8 | B15: 1.3.3.7 | C15: تامين و تجهيز آزمايشگاه | D15: =E15*$Q$4 -> 6.1071335e+08 | E15: =CBS!F33 -> 0.00051 | G15: 1 | H15: 0.00051 | I15: 6.1071335e+08 | J15: 1 | K15: =J15*E15 -> 0.00051 | L15: =K15*$Q$4 -> 6.1071335e+08 | P15: =O15*E15 -> 0 | Q15: =$Q$4*P15 -> 0
A16: 9 | B16: 1.3.3.8 | C16: محوطه‌سازي كارگاه عمومي و كارگاه روسازي | D16: =E16*$Q$4 -> 2.0357112e+09 | E16: =CBS!F34 -> 0.0017 | G16: 1 | H16: 0.0017 | I16: 2.0357112e+09 | J16: 1 | K16: =J16*E16 -> 0.0017 | L16: =K16*$Q$4 -> 2.0357112e+09 | P16: =O16*E16 -> 0 | Q16: =$Q$4*P16 -> 0
A17: 10 | B17: 1.3.3.9 | C17: اقدامات اجرايي براي تامين و نصب ماشين‌الات و تجهيزات و راه‌اندازي آنها | D17: =E17*$Q$4 -> 3.0535667e+09 | E17: =CBS!F35 -> 0.00255 | G17: 1 | H17: 0.00255 | I17: 3.0535667e+09 | J17: 1 | K17: =J17*E17 -> 0.00255 | L17: =K17*$Q$4 -> 3.0535667e+09 | P17: =O17*E17 -> 0 | Q17: =$Q$4*P17 -> 0
A18: 11 | B18: 1.3.3.10 | C18: اقدامات اوليه براي بهداشت، ايمني و حفاظت كار و محيط زيست | D18: =E18*$Q$4 -> 1.4249978e+09 | E18: =CBS!F36 -> 0.00119 | G18: 0.95 | H18: 0.0011305 | I18: 1.3537479e+09 | J18: 1 | K18: =J18*E18 -> 0.00119 | L18: =K18*$Q$4 -> 1.4249978e+09 | P18: =O18*E18 -> 0 | Q18: =$Q$4*P18 -> 0
A19: 12 | B19: 1.3.3.11 | C19: بيمه تجهيز كارگاه | D19: =E19*$Q$4 -> 2.0357112e+09 | E19: =CBS!F25 -> 0.0017 | G19: 0.25 | H19: 0.000425 | I19: 5.0892779e+08 | J19: 1 | K19: =J19*E19 -> 0.0017 | L19: =K19*$Q$4 -> 2.0357112e+09 | P19: =O19*E19 -> 0 | Q19: =$Q$4*P19 -> 0
A20: 13 | B20: 1.3.3.12 | C20: پايان تجهيز اوليه كارگاه | D20: =E20*$Q$4 -> 0 | E20: =CBS!F38 -> 0 | G20: 0 | H20: 0 | I20: 0 | K20: =J20*E20 -> 0 | L20: =K20*$Q$4 -> 0 | P20: =O20*E20 -> 0 | Q20: =$Q$4*P20 -> 0

Sheet تجهیز کارگاه مستمر
D1: کارفرما: | E1: راه‏آهن جمهوری اسلامی ایران | O1: عنوان قرارداد: | Q1: طراحی، تأمین و اجرای دو خطه کردن راه‏آهن (زیرسازی، پل‏سازی، روسازی) محور مشك-سيستان
D2: مشاور طرح: | E2: مهندسین مشاور صحن بوستان
D3: مشارکت: | E3: مشاركت تكنيك-پل‏رود-کنکاوان معدن شیراز | O3: شماره و تاریخ ابلاغ قرارداد: | Q3: 400/66891/ی مورخ 93/11/20
D4: صورت‏وضعیت شماره: | E4: ='خلاصه مالي صورت وضعیت'!E4 -> قطعی | O4: مبلغ قرارداد (ریال): | Q4: ='خلاصه مالي صورت وضعیت'!H4:H5 -> 1197477151532
D5: تاریخ صورت‏وضعیت: | E5: ='خلاصه مالي صورت وضعیت'!E5 -> 1399/06/02
A6: ردیف | B6: W.B.S | C6: عنوان فعالیت | D6: هزینه کامل (ريال) | E6: وزن کامل (%) | F6: فصل مرتبط از فهرست بها | G6: تایید شده کارکرد قبلی (ص.و15) | J6: پیمانکار-قطعی | M6: توضیحات پیمانکار | O6: مشاور کارفرما | R6: توضیحات مشاور | T6: مدارك پشتيبان
D7: بر اساس ساختار شکست مصوب طی نامه شماره مورخ | G7: درصد پیشرفت از سرفصل (کل) | H7: درصد پیشرفت وزنی | I7: مبلغ (ریال) | J7: درصد پیشرفت از سرفصل (کل) | K7: درصد پیشرفت وزنی | L7: مبلغ (ریال) | O7: درصد پیشرفت از صد (کل) | P7: درصد پیشرفت وزنی | Q7: مبلغ (ریال)
A8: 1 | B8: 1.3.4 | C8: تجهیز مستمر کارگاه | D8: =E8*$Q$4 -> 27541974485 | E8: =SUM(E9:E18) -> 0.023 | G8: 0.57 | H8: 0.01311 | I8: 1.5698925e+10 | J8: =L8/D8 -> 1 | K8: =SUM(K9:K18) -> 0.023 | L8: =SUM(L9:L18) -> 2.7541974e+10 | M8: تجهیز مستمر کارگاه در مدت اولیه پروژه و مدت تطویل یعنی حدود چهار سال بعد ازمدت اولیه پیمان انجام گردیده است لذا پیمانکار مستحق دریافت کل مبلغ تجهیز مستمرمی باشد | O8: =Q8/D8 -> 0 | P8: =SUM(P9:P18) -> 0 | Q8: =SUM(Q9:Q18) -> 0
A9: 2 | B9: 1.3.4.1 | C9: تداوم تامين و نگهداري اقامت‌گاه عوامل پيمانكار، مشاور و كارفرما | D9: =E9*$Q$4 -> 1.3770987e+09 | E9: =CBS!D39 -> 0.00115 | G9: 0.57 | H9: 0.0006555 | I9: 7.8494627e+08 | J9: 1 | K9: =J9*E9 -> 0.00115 | L9: =K9*$Q$4 -> 1.3770987e+09 | P9: =O9*E9 -> 0 | Q9: =$Q$4*P9 -> 0
A10: 3 | B10: 1.3.4.2 | C10: تامين و سرو خوراك عوامل پيمانكار، مشاور و كارفرما | D10: =E10*$Q$4 -> 8.2625923e+09 | E10: =CBS!D40 -> 0.0069 | G10: 0.57 | H10: 0.003933 | I10: 4.7096776e+09 | J10: 1 | K10: =J10*E10 -> 0.0069 | L10: =K10*$Q$4 -> 8.2625923e+09 | P10: =O10*E10 -> 0 | Q10: =$Q$4*P10 -> 0
A11: 4 | B11: 1.3.4.3 | C11: برقراري سرويس اياب و ذهاب كارگاه | D11: =E11*$Q$4 -> 6.8854936e+09 | E11: =CBS!D41 -> 0.00575 | G11: 0.57 | H11: 0.0032775 | I11: 3.9247314e+09 | J11: 1 | K11: =J11*E11 -> 0.00575 | L11: =K11*$Q$4 -> 6.8854936e+09 | P11: =O11*E11 -> 0 | Q11: =$Q$4*P11 -> 0
A12: 5 | B12: 1.3.4.4 | C12: بكاربستن مفاد نظام ايمني و حفاظت كار | D12: =E12*$Q$4 -> 2.7541974e+09 | E12: =CBS!D42 -> 0.0023 | G12: 0.57 | H12: 0.001311 | I12: 1.5698925e+09 | J12: 1 | K12: =J12*E12 -> 0.0023 | L12: =K12*$Q$4 -> 2.7541974e+09 | P12: =O12*E12 -> 0 | Q12: =$Q$4*P12 -> 0
A13: 6 | B13: 1.3.4.5 | C13: بكاربستن مفاد نظام بهداشت و حفظ محيط زيست | D13: =E13*$Q$4 -> 2.7541974e+09 | E13: =CBS!D43 -> 0.0023 | G13: 0.57 | H13: 0.001311 | I13: 1.5698925e+09 | J13: 1 | K13: =J13*E13 -> 0.0023 | L13: =K13*$Q$4 -> 2.7541974e+09 | P13: =O13*E13 -> 0 | Q13: =$Q$4*P13 -> 0
A14: 7 | B14: 1.3.4.6 | C14: تداوم بهره‌مندي كارگاه از آب، برق، گاز، سوخت، تلفن و اينترنت | D14: =E14*$Q$4 -> 4.1312962e+09 | E14: =CBS!D44 -> 0.00345 | G14: 0.57 | H14: 0.0019665 | I14: 2.3548388e+09 | J14: 1 | K14: =J14*E14 -> 0.00345 | L14: =K14*$Q$4 -> 4.1312962e+09 | P14: =O14*E14 -> 0 | Q14: =$Q$4*P14 -> 0
A15: 8 | B15: 1.3.4.7 | C15: رعايت نظم و انضباط در محوطه و محيط‌هاي اداري، كارگاهي و كارگري در انطباق با 5s | D15: =E15*$Q$4 -> 2.7541974e+08 | E15: =CBS!D45 -> 0.00023 | G15: 0.57 | H15: 0.0001311 | I15: 1.5698925e+08 | J15: 1 | K15: =J15*E15 -> 0.00023 | L15: =K15*$Q$4 -> 2.7541974e+08 | P15: =O15*E15 -> 0 | Q15: =$Q$4*P15 -> 0
A16: 9 | B16: 1.3.4.8 | C16: تداوم فعاليت‌هاي نت از طريق سنجش ميزان آماده بكار بودن ماشين‌آلات و تجهيزات | D16: =E16*$Q$4 -> 5.5083949e+08 | E16: =CBS!D46 -> 0.00046 | G16: 0.57 | H16: 0.0002622 | I16: 3.1397851e+08 | J16: 1 | K16: =J16*E16 -> 0.00046 | L16: =K16*$Q$4 -> 5.5083949e+08 | P16: =O16*E16 -> 0 | Q16: =$Q$4*P16 -> 0
A17: 10 | B17: 1.3.4.9 | C17: تداوم فعاليت‌هاي انبارداري و مديريت و حفاظت اقلام | D17: =E17*$Q$4 -> 2.7541974e+08 | E17: =CBS!D47 -> 0.00023 | G17: 0.57 | H17: 0.0001311 | I17: 1.5698925e+08 | J17: 1 | K17: =J17*E17 -> 0.00023 | L17: =K17*$Q$4 -> 2.7541974e+08 | P17: =O17*E17 -> 0 | Q17: =$Q$4*P17 -> 0
A18: 11 | B18: 1.3.4.10 | C18: تداوم حفظ و نگهداري دفاتر، محيط‌هاي اداري و پشتيباني در سطح استاندارد نور و تهويه و ... | D18: =E18*$Q$4 -> 2.7541974e+08 | E18: =CBS!D48 -> 0.00023 | G18: 0.57 | H18: 0.0001311 | I18: 1.5698925e+08 | J18: 1 | K18: =J18*E18 -> 0.00023 | L18: =K18*$Q$4 -> 2.7541974e+08 | P18: =O18*E18 -> 0 | Q18: =$Q$4*P18 -> 0

Sheet خدمات طراحي  مهندسي پیش از اجرا
D1: کارفرما: | E1: راه‏آهن جمهوری اسلامی ایران | O1: عنوان قرارداد: | Q1: طراحی، تأمین و اجرای دو خطه کردن راه‏آهن (زیرسازی، پل‏سازی، روسازی) محور مشك-سيستان
D2: مشاور طرح: | E2: مهندسین مشاور صحن بوستان
D3: مشارکت: | E3: مشاركت تكنيك-پل‏رود-کنکاوان معدن شیراز | O3: شماره و تاریخ ابلاغ قرارداد: | Q3: 400/66891/ی مورخ 93/11/20
D4: صورت‏وضعیت شماره: | E4: موقت 16 | O4: مبلغ قرارداد (ریال): | Q4: ='خلاصه مالي صورت وضعیت'!H4:H5 -> 1197477151532
D5: تاریخ صورت‏وضعیت: | E5: ='خلاصه مالي صورت وضعیت'!E5 -> 1399/06/02
A6: ردیف | B6: W.B.S | C6: عنوان فعالیت | D6: هزینه کامل (ريال) | E6: وزن کامل (%) | F6: فصل مرتبط از فهرست بها | G6: تایید شده کارکرد قبلی (ص.و15) | J6: پیمانکار-قطعی | M6: توضیحات پیمانکار | O6: مشاور کارفرما | R6: توضیحات مشاور | T6: مدارك پشتيبان
D7: بر اساس ساختار شکست مصوب طی نامه شماره مورخ | G7: درصد پیشرفت از سرفصل (کل) | H7: درصد پیشرفت وزنی | I7: مبلغ (ریال) | J7: درصد پیشرفت از سرفصل (کل) | K7: درصد پیشرفت وزنی | L7: مبلغ (ریال) | O7: درصد پیشرفت از صد (کل) | P7: درصد پیشرفت وزنی | Q7: مبلغ (ریال)
A8: 1 | B8: 1.4.1 | C8: خدمات طراحي و مهندسی پيش از اجرا | D8: =E8*$Q$4 -> 2.095585e+10 | E8: =SUM(E9:E15,E21,E27:E33,E39,E45:E51) -> 0.0175 | G8: 0.9169 | H8: 0.01604575 | I8: 1.9214419e+10 | J8: =L8/D8 -> 1 | K8: =SUM(K9:K15,K21,K27:K33,K39,K45:K51) -> 0.0175 | L8: =SUM(L9:L15,L21,L27:L33,L39,L45:L51) -> 2.095585e+10 | M8: کلیه خدمات مهندسی پیش از اجرا به اتمام رسیده است وکلیه مدارک مربوطه برای مشاور ارسال وتایید شده است | P8: =O8*E8 -> 0 | Q8: =P8*Q4 -> 0
A9: 2 | B9: 1.4.1.1 | C9: آغاز مطالعات مهندسي و طراحي | D9: =E9*$Q$4 -> 0 | E9: =CBS!D51 -> 0 | J9: 1 | K9: =J9*E9 -> 0 | L9: =K9*$Q$4 -> 0 | P9: =O9*E9 -> 0 | Q9: =P9*$Q$4 -> 0
A10: 3 | B10: 1.4.1.2 | C10: نقشه‌هاي توپوگرافی براساس برداشت مستقیم زمینی (1:2000 و1:500) | D10: =E10*$Q$4 -> 4.19117e+09 | E10: =CBS!D52 -> 0.0035 | J10: 1 | K10: =J10*E10 -> 0.0035 | L10: =K10*$Q$4 -> 4.19117e+09 | P10: =O10*E10 -> 0 | Q10: =P10*$Q$4 -> 0
A11: 4 | B11: 1.4.1.3 | C11: مطالعات اولیه شناخت و تحلیل وضع موجود | D11: =E11*$Q$4 -> 8.3823401e+08 | E11: =CBS!D53 -> 0.0007 | J11: 1 | K11: =J11*E11 -> 0.0007 | L11: =K11*$Q$4 -> 8.3823401e+08 | P11: =O11*E11 -> 0 | Q11: =P11*$Q$4 -> 0
A12: 5 | B12: 1.4.1.4 | C12: مطالعات طراحي رعايت سرعت طرح در طول محور و برآورد مقايسه‌اي مسير حركت در حريم | D12: =E12*$Q$4 -> 1.1974772e+09 | E12: =CBS!D54 -> 0.001 | J12: 1 | K12: =J12*E12 -> 0.001 | L12: =K12*$Q$4 -> 1.1974772e+09 | P12: =O12*E12 -> 0 | Q12: =P12*$Q$4 -> 0
A13: 6 | B13: 1.4.1.5 | C13: مطالعات اولیه ژئوتکنیک و برداشت وضع موجود | D13: =E13*$Q$4 -> 4.19117e+08 | E13: =CBS!D55 -> 0.00035 | J13: 1 | K13: =J13*E13 -> 0.00035 | L13: =K13*$Q$4 -> 4.19117e+08 | P13: =O13*E13 -> 0 | Q13: =P13*$Q$4 -> 0
A14: 7 | B14: 1.4.1.6 | C14: گزارش مطالعات تکمیلی ژئوتکنیک (صحرایی و آزمایشگاهی) | D14: =E14*$Q$4 -> 4.19117e+08 | E14: =CBS!D56 -> 0.00035 | J14: 1 | K14: =J14*E14 -> 0.00035 | L14: =K14*$Q$4 -> 4.19117e+08 | P14: =O14*E14 -> 0 | Q14: =P14*$Q$4 -> 0
A15: 8 | B15: 1.4.1.7 | C15: گزارش طراحی روسازی | D15: =E15*$Q$4 -> 1.1974772e+09 | E15: =SUM(E16:E20) -> 0.001 | K15: =SUM(K16:K20) -> 0.001 | L15: =SUM(L16:L20) -> 1.1974772e+09 | Q15: =SUM(Q16:Q20) -> 0
A16: 9 | B16: 1.4.1.7.1 | C16: بالاست | D16: =E16*$Q$4 -> 2.3949543e+08 | E16: =CBS!D58 -> 0.0002 | J16: 1 | K16: =J16*E16 -> 0.0002 | L16: =K16*$Q$4 -> 2.3949543e+08 | P16: =O16*E16 -> 0 | Q16: =P16*$Q$4 -> 0
A17: 10 | B17: 1.4.1.7.2 | C17: تراورس | D17: =E17*$Q$4 -> 2.3949543e+08 | E17: =CBS!D59 -> 0.0002 | J17: 1 | K17: =J17*E17 -> 0.0002 | L17: =K17*$Q$4 -> 2.3949543e+08 | P17: =O17*E17 -> 0 | Q17: =P17*$Q$4 -> 0
A18: 11 | B18: 1.4.1.7.3 | C18: پابند | D18: =E18*$Q$4 -> 2.3949543e+08 | E18: =CBS!D60 -> 0.0002 | J18: 1 | K18: =J18*E18 -> 0.0002 | L18: =K18*$Q$4 -> 2.3949543e+08 | P18: =O18*E18 -> 0 | Q18: =P18*$Q$4 -> 0
A19: 12 | B19: 1.4.1.7.4 | C19: ریل | D19: =E19*$Q$4 -> 2.3949543e+08 | E19: =CBS!D61 -> 0.0002 | J19: 1 | K19: =J19*E19 -> 0.0002 | L19: =K19*$Q$4 -> 2.3949543e+08 | P19: =O19*E19 -> 0 | Q19: =P19*$Q$4 -> 0
A20: 13 | B20: 1.4.1.7.5 | C20: سوزن | D20: =E20*$Q$4 -> 2.3949543e+08 | E20: =CBS!D62 -> 0.0002 | J20: 1 | K20: =J20*E20 -> 0.0002 | L20: =K20*$Q$4 -> 2.3949543e+08 | P20: =O20*E20 -> 0 | Q20: =P20*$Q$4 -> 0
A21: 14 | B21: 1.4.1.8 | C21: نقشه‏های اجرایی روسازی | D21: =E21*$Q$4 -> 1.1974772e+09 | E21: =SUM(E22:E26) -> 0.001 | K21: =SUM(K22:K26) -> 0.001 | L21: =SUM(L22:L26) -> 1.1974772e+09 | M21: کلیه خدمات مهندسی پیش از اجرا به اتمام رسیده است وکلیه مدارک مربوطه برای مشاور ارسال وتایید شده است | Q21: =SUM(Q22:Q26) -> 0
A22: 15 | B22: 1.4.1.8.1 | C22: بالاست | D22: =E22*$Q$4 -> 2.3949543e+08 | E22: =CBS!D64 -> 0.0002 | J22: 1 | K22: =J22*E22 -> 0.0002 | L22: =K22*$Q$4 -> 2.3949543e+08 | P22: =O22*E22 -> 0 | Q22: =P22*$Q$4 -> 0
A23: 16 | B23: 1.4.1.8.2 | C23: تراورس | D23: =E23*$Q$4 -> 2.3949543e+08 | E23: =CBS!D65 -> 0.0002 | J23: 1 | K23: =J23*E23 -> 0.0002 | L23: =K23*$Q$4 -> 2.3949543e+08 | P23: =O23*E23 -> 0 | Q23: =P23*$Q$4 -> 0
A24: 17 | B24: 1.4.1.8.3 | C24: پابند | D24: =E24*$Q$4 -> 2.3949543e+08 | E24: =CBS!D66 -> 0.0002 | J24: 1 | K24: =J24*E24 -> 0.0002 | L24: =K24*$Q$4 -> 2.3949543e+08 | P24: =O24*E24 -> 0 | Q24: =P24*$Q$4 -> 0
A25: 18 | B25: 1.4.1.8.4 | C25: ریل | D25: =E25*$Q$4 -> 2.3949543e+08 | E25: =CBS!D67 -> 0.0002 | J25: 1 | K25: =J25*E25 -> 0.0002 | L25: =K25*$Q$4 -> 2.3949543e+08 | P25: =O25*E25 -> 0 | Q25: =P25*$Q$4 -> 0
A26: 19 | B26: 1.4.1.8.5 | C26: سوزن | D26: =E26*$Q$4 -> 2.3949543e+08 | E26: =CBS!D68 -> 0.0002 | J26: 1 | K26: =J26*E26 -> 0.0002 | L26: =K26*$Q$4 -> 2.3949543e+08 | P26: =O26*E26 -> 0 | Q26: =P26*$Q$4 -> 0
A27: 20 | B27: 1.4.1.9 | C27: گزارش روش اجرای روسازی (خطوط و سوز‌ن‌ها) | D27: =E27*$Q$4 -> 1.1974772e+09 | E27: =CBS!D69 -> 0.001 | J27: 1 | K27: =J27*E27 -> 0.001 | L27: =K27*$Q$4 -> 1.1974772e+09 | P27: =O27*E27 -> 0 | Q27: =P27*$Q$4 -> 0
A28: 21 | B28: 1.4.1.10 | C28: گزارش طرح هندسی مسیر | D28: =E28*$Q$4 -> 5.9873858e+08 | E28: =CBS!D70 -> 0.0005 | J28: 1 | K28: =J28*E28 -> 0.0005 | L28: =K28*$Q$4 -> 5.9873858e+08 | P28: =O28*E28 -> 0 | Q28: =P28*$Q$4 -> 0
A29: 22 | B29: 1.4.1.11 | C29: نقشه‏های پلان طرح هندسی مسیر | D29: =E29*$Q$4 -> 2.3949543e+08 | E29: =CBS!D71 -> 0.0002 | J29: 1 | K29: =J29*E29 -> 0.0002 | L29: =K29*$Q$4 -> 2.3949543e+08 | P29: =O29*E29 -> 0 | Q29: =P29*$Q$4 -> 0
A30: 23 | B30: 1.4.1.12 | C30: نقشه‏های پروفیل طولی | D30: =E30*$Q$4 -> 2.3949543e+08 | E30: =CBS!D72 -> 0.0002 | J30: 1 | K30: =J30*E30 -> 0.0002 | L30: =K30*$Q$4 -> 2.3949543e+08 | P30: =O30*E30 -> 0 | Q30: =P30*$Q$4 -> 0
A31: 24 | B31: 1.4.1.13 | C31: نقشه‏های مقاطع عرضی | D31: =E31*$Q$4 -> 1.1974772e+09 | E31: =CBS!D73 -> 0.001 | J31: 1 | K31: =J31*E31 -> 0.001 | L31: =K31*$Q$4 -> 1.1974772e+09 | P31: =O31*E31 -> 0 | Q31: =P31*$Q$4 -> 0
A32: 25 | B32: 1.4.1.14 | C32: ارائه احجام عملیات خاکی براساس میخکوبی | D32: =E32*$Q$4 -> 3.5924315e+08 | E32: =CBS!D74 -> 0.0003 | J32: 1 | K32: =J32*E32 -> 0.0003 | L32: =K32*$Q$4 -> 3.5924315e+08 | P32: =O32*E32 -> 0 | Q32: =P32*$Q$4 -> 0
A33: 26 | B33: 1.4.1.15 | C33: گزارش محاسباتی پل‌های مسیر | D33: =E33*$Q$4 -> 1.1974772e+09 | E33: =CBS!D75 -> 0.001 | K33: =SUM(K34:K38) -> 0.001 | L33: =SUM(L34:L38) -> 1.1974772e+09 | Q33: =SUM(Q34:Q38) -> 0
A34: 27 | B34: 1.4.1.15.1 | C34: پلهای با دهانه 1 متر | D34: =E34*$Q$4 -> 2.3949543e+08 | E34: =CBS!D76 -> 0.0002 | J34: 1 | K34: =J34*E34 -> 0.0002 | L34: =K34*$Q$4 -> 2.3949543e+08 | P34: =O34*E34 -> 0 | Q34: =P34*$Q$4 -> 0
A35: 28 | B35: 1.4.1.15.2 | C35: پلهای با دهانه 2 متر | D35: =E35*$Q$4 -> 2.3949543e+08 | E35: =CBS!D77 -> 0.0002 | J35: 1 | K35: =J35*E35 -> 0.0002 | L35: =K35*$Q$4 -> 2.3949543e+08 | P35: =O35*E35 -> 0 | Q35: =P35*$Q$4 -> 0
A36: 29 | B36: 1.4.1.15.3 | C36: پلهای با دهانه 3 متر | D36: =E36*$Q$4 -> 2.3949543e+08 | E36: =CBS!D78 -> 0.0002 | J36: 1 | K36: =J36*E36 -> 0.0002 | L36: =K36*$Q$4 -> 2.3949543e+08 | P36: =O36*E36 -> 0 | Q36: =P36*$Q$4 -> 0
A37: 30 | B37: 1.4.1.15.4 | C37: پلهای با دهانه بیش از 3 متر | D37: =E37*$Q$4 -> 2.3949543e+08 | E37: =CBS!D79 -> 0.0002 | J37: 1 | K37: =J37*E37 -> 0.0002 | L37: =K37*$Q$4 -> 2.3949543e+08 | M37: کلیه خدمات مهندسی پیش از اجرا به اتمام رسیده است وکلیه مدارک مربوطه برای مشاور ارسال وتایید شده است | P37: =O37*E37 -> 0 | Q37: =P37*$Q$4 -> 0
A38: 31 | B38: 1.4.1.15.5 | C38: قطعات پیش‏ساخته دیوار برگشتی | D38: =E38*$Q$4 -> 2.3949543e+08 | E38: =CBS!D80 -> 0.0002 | J38: 1 | K38: =J38*E38 -> 0.0002 | L38: =K38*$Q$4 -> 2.3949543e+08 | P38: =O38*E38 -> 0 | Q38: =P38*$Q$4 -> 0
A39: 32 | B39: 1.4.1.16 | C39: نقشه‌های اجرایی پل‌های مسیر | D39: =E39*$Q$4 -> 2.9936929e+09 | E39: =CBS!D81 -> 0.0025 | K39: =SUM(K40:K44) -> 0.0025 | L39: =SUM(L40:L44) -> 2.9936929e+09 | Q39: =SUM(Q40:Q44) -> 0
A40: 33 | B40: 1.4.1.16.1 | C40: پلهای با دهانه 1 متر | D40: =E40*$Q$4 -> 5.9873858e+08 | E40: =CBS!D82 -> 0.0005 | J40: 1 | K40: =J40*E40 -> 0.0005 | L40: =K40*$Q$4 -> 5.9873858e+08 | P40: =O40*E40 -> 0 | Q40: =P40*$Q$4 -> 0
A41: 34 | B41: 1.4.1.16.2 | C41: پلهای با دهانه 2 متر | D41: =E41*$Q$4 -> 5.9873858e+08 | E41: =CBS!D83 -> 0.0005 | J41: 1 | K41: =J41*E41 -> 0.0005 | L41: =K41*$Q$4 -> 5.9873858e+08 | P41: =O41*E41 -> 0 | Q41: =P41*$Q$4 -> 0
A42: 35 | B42: 1.4.1.16.3 | C42: پلهای با دهانه 3 متر | D42: =E42*$Q$4 -> 5.9873858e+08 | E42: =CBS!D84 -> 0.0005 | J42: 1 | K42: =J42*E42 -> 0.0005 | L42: =K42*$Q$4 -> 5.9873858e+08 | P42: =O42*E42 -> 0 | Q42: =P42*$Q$4 -> 0
A43: 36 | B43: 1.4.1.16.4 | C43: پلهای با دهانه بیش از 3 متر | D43: =E43*$Q$4 -> 5.9873858e+08 | E43: =CBS!D85 -> 0.0005 | J43: 1 | K43: =J43*E43 -> 0.0005 | L43: =K43*$Q$4 -> 5.9873858e+08 | P43: =O43*E43 -> 0 | Q43: =P43*$Q$4 -> 0
A44: 37 | B44: 1.4.1.16.5 | C44: نقشه‏های قطعات پیش ساخته دیوار برگشتی | D44: =E44*$Q$4 -> 5.9873858e+08 | E44: =CBS!D86 -> 0.0005 | J44: 1 | K44: =J44*E44 -> 0.0005 | L44: =K44*$Q$4 -> 5.9873858e+08 | P44: =O44*E44 -> 0 | Q44: =P44*$Q$4 -> 0
A45: 38 | B45: 1.4.1.17 | C45: نقشه‏های تیپ مقاطع عرضی | D45: =E45*$Q$4 -> 1.1974772e+09 | E45: =CBS!D87 -> 0.001 | J45: 1 | K45: =J45*E45 -> 0.001 | L45: =K45*$Q$4 -> 1.1974772e+09 | P45: =O45*E45 -> 0 | Q45: =P45*$Q$4 -> 0
A46: 39 | B46: 1.4.1.18 | C46: گزارش زیرسازی مسیر | D46: =E46*$Q$4 -> 4.19117e+08 | E46: =CBS!D88 -> 0.00035 | J46: 1 | K46: =J46*E46 -> 0.00035 | L46: =K46*$Q$4 -> 4.19117e+08 | P46: =O46*E46 -> 0 | Q46: =P46*$Q$4 -> 0
A47: 40 | B47: 1.4.1.19 | C47: نقشه‏های تیپ زیرسازی | D47: =E47*$Q$4 -> 4.19117e+08 | E47: =CBS!D89 -> 0.00035 | J47: 1 | K47: =J47*E47 -> 0.00035 | L47: =K47*$Q$4 -> 4.19117e+08 | P47: =O47*E47 -> 0 | Q47: =P47*$Q$4 -> 0
A48: 41 | B48: 1.4.1.20 | C48: گزارش زمین شناسی مسیر | D48: =E48*$Q$4 -> 4.19117e+08 | E48: =CBS!D90 -> 0.00035 | J48: 1 | K48: =J48*E48 -> 0.00035 | L48: =K48*$Q$4 -> 4.19117e+08 | P48: =O48*E48 -> 0 | Q48: =P48*$Q$4 -> 0
A49: 42 | B49: 1.4.1.21 | C49: پلان هیدرولوژی حوضه‏های آبریز مسیر | D49: =E49*$Q$4 -> 5.9873858e+08 | E49: =CBS!D91 -> 0.0005 | J49: 1 | K49: =J49*E49 -> 0.0005 | L49: =K49*$Q$4 -> 5.9873858e+08 | P49: =O49*E49 -> 0 | Q49: =P49*$Q$4 -> 0
A50: 43 | B50: 1.4.1.22 | C50: گزارش هیدرولوژی مسیر | D50: =E50*$Q$4 -> 4.19117e+08 | E50: =CBS!D92 -> 0.00035 | J50: 1 | K50: =J50*E50 -> 0.00035 | L50: =K50*$Q$4 -> 4.19117e+08 | P50: =O50*E50 -> 0 | Q50: =P50*$Q$4 -> 0
A51: 44 | B51: 1.4.1.23 | C51: پايان خدمات طراحي و مهندسي پيش از اجرا | D51: =E51*$Q$4 -> 0 | E51: =CBS!D93 -> 0 | J51: 0 | K51: =J51*E51 -> 0 | L51: =K51*$Q$4 -> 0 | P51: =O51*E51 -> 0 | Q51: =P51*$Q$4 -> 0

Sheet خدمات طراحي و مهندسي حین اجرا
D1: کارفرما: | E1: راه‏آهن جمهوری اسلامی ایران | O1: عنوان قرارداد: | Q1: طراحی، تأمین و اجرای دو خطه کردن راه‏آهن (زیرسازی، پل‏سازی، روسازی) محور مشك-سيستان
D2: مشاور طرح: | E2: مهندسین مشاور صحن بوستان
D3: مشارکت: | E3: مشاركت تكنيك-پل‏رود-کنکاوان معدن شیراز | O3: شماره و تاریخ ابلاغ قرارداد: | Q3: 400/66891/ی مورخ 93/11/20
D4: صورت‏وضعیت شماره: | E4: موقت 16 | O4: مبلغ قرارداد (ریال): | Q4: ='خلاصه مالي صورت وضعیت'!H4:H5 -> 1197477151532
D5: تاریخ صورت‏وضعیت: | E5: ='خلاصه مالي صورت وضعیت'!E5 -> 1399/06/02
A6: ردیف | B6: W.B.S | C6: عنوان فعالیت | D6: هزینه کامل (ريال) | E6: وزن کامل (%) | F6: فصل مرتبط از فهرست بها | G6: تایید شده کارکرد قبلی (ص.و15) | J6: پیمانکار-قطعی | M6: توضیحات پیمانکار | O6: مشاور کارفرما | R6: توضیحات مشاور | T6: مدارك پشتيبان
D7: بر اساس ساختار شکست مصوب طی نامه شماره مورخ | G7: درصد پیشرفت از سرفصل (کل) | H7: درصد پیشرفت وزنی | I7: مبلغ (ریال) | J7: درصد پیشرفت از سرفصل (کل) | K7: درصد پیشرفت وزنی | L7: مبلغ (ریال) | O7: درصد پیشرفت از صد (کل) | P7: درصد پیشرفت وزنی | Q7: مبلغ (ریال)
A8: 1 | B8: 1.4.2 | C8: خدمات مهندسی حین اجرا | D8: =E8*$Q$4 -> 3.8918007e+10 | E8: =SUM(E9:E15) -> 0.0325 | G8: 0.50773846 | H8: 0.0165015 | I8: 1.9760169e+10 | J8: =L8/D8 -> 0.98 | K8: =SUM(K9:K15) -> 0.03185 | L8: =SUM(L9:L15) -> 3.8139647e+10 | M8: با توجه به اینکه خدمات مهندسی حین اجرا در مدت اولیه پیمان ومدت تطویل ارائه شده است لذا از نظر این پیمانکار به جز ردیف 8 کلیه ردیف های مربوطه انجام شده است | O8: =(O9*$E$9+O10*$E$10+O11*$E$11+O12*$E$12+O13*$E$13+O14*$E$14+O15*$E$15)/$E$8 -> 0 | P8: =SUM(P9:P15) -> 0 | Q8: =SUM(Q9:Q15) -> 0
A9: 2 | B9: 1.4.2.1 | C9: استقرار عوامل نظارت كيفي كارگاه در انطباق با بند 2-3 پيوست شماره 1 قرارداد | D9: =E9*$Q$4 -> 1.365124e+10 | E9: =CBS!D95 -> 0.0114 | G9: 0.57 | H9: 0.006498 | I9: 7.7812065e+09 | J9: 1 | K9: =J9*E9 -> 0.0114 | L9: =K9*$Q$4 -> 1.365124e+10 | P9: =O9*$E9 -> 0 | Q9: =O9*$D9 -> 0
A10: 3 | B10: 1.4.2.2 | C10: انجام آزمايشات مورد لزوم حين اجرا و ارائه نتايج و گزارشات تحليلي | D10: =E10*$Q$4 -> 8.9810786e+09 | E10: =CBS!D96 -> 0.0075 | G10: 0.57 | H10: 0.004275 | I10: 5.1192148e+09 | J10: 1 | K10: =J10*E10 -> 0.0075 | L10: =K10*$Q$4 -> 8.9810786e+09 | P10: =O10*$E10 -> 0 | Q10: =O10*$D10 -> 0
A11: 4 | B11: 1.4.2.3 | C11: كاليبراسيون ادواري تجهيزات پايش و اندازه‌ گيري | D11: =E11*$Q$4 -> 7.7836015e+08 | E11: =CBS!D97 -> 0.00065 | G11: 0.57 | H11: 0.0003705 | I11: 4.4366528e+08 | J11: 1 | K11: =J11*E11 -> 0.00065 | L11: =K11*$Q$4 -> 7.7836015e+08 | P11: =O11*$E11 -> 0 | Q11: =O11*$D11 -> 0
A12: 5 | B12: 1.4.2.4 | C12: تهيه دستورالعمل‌ها و نقشه‌هاي فني كارگاهي | D12: =E12*$Q$4 -> 3.4726837e+09 | E12: =CBS!D98 -> 0.0029 | G12: 0.57 | H12: 0.001653 | I12: 1.9794297e+09 | J12: 1 | K12: =J12*E12 -> 0.0029 | L12: =K12*$Q$4 -> 3.4726837e+09 | P12: =O12*$E12 -> 0 | Q12: =O12*$D12 -> 0
A13: 6 | B13: 1.4.2.5 | C13: انجام تعهدات برنامه‌ريزي و مديريت محدوده، زمان و هزينه براساس نظام مديريت پروژه، ارائه گزارشات عملكرد پروژه، برپايي و شركت در جلسات كنترل پروژه و پيگيري مصوبات جلسه | D13: =E13*$Q$4 -> 7.7836015e+09 | E13: =CBS!D99 -> 0.0065 | G13: 0.57 | H13: 0.003705 | I13: 4.4366528e+09 | J13: 1 | K13: =J13*E13 -> 0.0065 | L13: =K13*$Q$4 -> 7.7836015e+09 | P13: =O13*$E13 -> 0 | Q13: =O13*$D13 -> 0
A14: 7 | B14: 1.4.2.6 | C14: تهيه نقشه‏هاي چون ساخت | D14: =E14*$Q$4 -> 3.4726837e+09 | E14: =CBS!D100 -> 0.0029 | G14: 0 | H14: 0 | I14: 0 | J14: 1 | K14: =J14*E14 -> 0.0029 | L14: =K14*$Q$4 -> 3.4726837e+09 | P14: =O14*$E14 -> 0 | Q14: =O14*$D14 -> 0
A15: 8 | B15: 1.4.2.7 | C15: تهيه كتابچه‌هاي بهره‌برداري، نگهداري و تعميرات | D15: =E15*$Q$4 -> 7.7836015e+08 | E15: =CBS!D101 -> 0.00065 | G15: 0 | H15: 0 | I15: 0 | J15: 0 | K15: =J15*E15 -> 0 | L15: =K15*$Q$4 -> 0 | P15: =O15*$E15 -> 0 | Q15: =O15*$D15 -> 0

Sheet خدمات مهندسي حين اجرا
D1: کارفرما: | E1: راه آهن جمهوری اسلامی ایران | K1: صورت وضعبت شماره: | M1: تاریخ صورت وضعیت:
D2: مشاور طرح: | E2: مهندسین مشاور صحن بوستان | K2: عنوان قرارداد:
D3: پیمانکار: | K3: تاریخ قرارداد: | M3: شماره قرارداد:
K4: مبلغ قرارداد: | L4: 768000000000
A5: ردیف | B5: W.B.S | C5: عنوان فعالیت | D5: هزینه کامل (ريال) | E5: وزن کامل (%) | F5: فصل فهرست بها | G5: گروه مشارکت | J5: مشاور زیر بنایی | M5: کارفرما | P5: مدارك پشتيبان
G6: درصد پیشرفت (از 100) | H6: درصد پیشرفت وزنی | I6: مبلغ (ریال) | J6: درصد پیشرفت (از 100) | K6: درصد پیشرفت وزنی | L6: مبلغ (ریال) | M6: درصد پیشرفت (از 100) | N6: درصد پیشرفت وزنی | O6: مبلغ (ریال)
A7: 1 | B7: 1.4.1.2 | C7: خدمات مهندسی حین اجرا | D7: =E7*$L$4/100 -> 5.2912269e+10 | E7: ='جمع بندي صورت وضعیت'!E18 -> 6.8896184 | G7: =(G8*$E$8+G9*$E$9+G10*$E$10+G11*$E$11+G12*$E$12+G13*$E$13+G14*$E$14)/$E$7 -> 0 | H7: =SUM(H8:H14) -> 0 | I7: =SUM(I8:I14) -> 0 | J7: =(J8*$E$8+J9*$E$9+J10*$E$10+J11*$E$11+J12*$E$12+J13*$E$13+J14*$E$14)/$E$7 -> 0 | K7: =SUM(K8:K14) -> 0 | L7: =SUM(L8:L14) -> 0 | M7: =(M8*$E$8+M9*$E$9+M10*$E$10+M11*$E$11+M12*$E$12+M13*$E$13+M14*$E$14)/$E$7 -> 0 | N7: =SUM(N8:N14) -> 0 | O7: =SUM(O8:O14) -> 0
A8: 2 | B8: 1.4.1.2.1 | C8: استقرار عوامل نظارت كيفي كارگاه در انطباق با بند 2-3 پيوست شماره 1 قرارداد | D8: =E8*$L$4/100 -> 1.8519294e+10 | E8: 2.4113664 | H8: =G8*$E8 -> 0 | I8: =G8*$D8 -> 0 | K8: =J8*$E8 -> 0 | L8: =J8*$D8 -> 0 | N8: =M8*$E8 -> 0 | O8: =M8*$D8 -> 0
A9: 3 | B9: 1.4.1.2.2 | C9: انجام آزمايشات مورد لزوم حين اجرا و ارائه نتايج و گزارشات تحليلي | D9: =E9*$L$4/100 -> 1.2169822e+10 | E9: 1.5846122 | H9: =G9*E9 -> 0 | I9: =G9*D9 -> 0 | K9: =J9*$E9 -> 0 | L9: =J9*$D9 -> 0 | N9: =M9*$E9 -> 0 | O9: =M9*$D9 -> 0
A10: 4 | B10: 1.4.1.2.3 | C10: كاليبراسيون ادواري تجهيزات پايش و اندازه‌ گيري | D10: =E10*$L$4/100 -> 1.0582454e+09 | E10: 0.13779237 | H10: =G10*E10 -> 0 | I10: =G10*D10 -> 0 | K10: =J10*$E10 -> 0 | L10: =J10*$D10 -> 0 | N10: =M10*$E10 -> 0 | O10: =M10*$D10 -> 0
A11: 5 | B11: 1.4.1.2.4 | C11: تهيه دستورالعمل‌ها و نقشه‌هاي فني كارگاهي | D11: =E11*$L$4/100 -> 4.7621042e+09 | E11: 0.62006565 | H11: =G11*E11 -> 0 | I11: =G11*D11 -> 0 | K11: =J11*$E11 -> 0 | L11: =J11*$D11 -> 0 | N11: =M11*$E11 -> 0 | O11: =M11*$D11 -> 0
A12: 6 | B12: 1.4.1.2.5 | C12: انجام تعهدات برنامه‌ريزي و مديريت محدوده، زمان و هزينه براساس نظام مديريت پروژه، ارائه گزارشات عملكرد پروژه، برپايي و شركت در جلسات كنترل پروژه و پيگيري مصوبات جلسه | D12: =E12*$L$4/100 -> 1.0582454e+10 | E12: 1.3779237 | H12: =G12*E12 -> 0 | I12: =G12*D12 -> 0 | K12: =J12*$E12 -> 0 | L12: =J12*$D12 -> 0 | N12: =M12*$E12 -> 0 | O12: =M12*$D12 -> 0
A13: 7 | B13: 1.4.1.2.6 | C13: تهيه نقشه هاي چون ساخت | D13: =E13*$L$4/100 -> 4.7621042e+09 | E13: 0.62006565 | H13: =G13*E13 -> 0 | I13: =G13*D13 -> 0 | K13: =J13*$E13 -> 0 | L13: =J13*$D13 -> 0 | N13: =M13*$E13 -> 0 | O13: =M13*$D13 -> 0
A14: 8 | B14: 1.4.1.2.7 | C14: تهيه كتابچه‌هاي بهره‌برداري، نگهداري و تعميرات | D14: =E14*$L$4/100 -> 1.0582454e+09 | E14: 0.13779237 | H14: =G14*E14 -> 0 | I14: =G14*D14 -> 0 | K14: =J14*$E14 -> 0 | L14: =J14*$D14 -> 0 | N14: =M14*$E14 -> 0 | O14: =M14*$D14 -> 0
A15: 11 | B15: 1.4.1.2.11 | H15: =G15*E15 -> 0 | I15: =G15*D15 -> 0 | K15: =J15*E15 -> 0 | L15: =J15*D15 -> 0 | N15: =M15*E15 -> 0 | O15: =M15*D15 -> 0
A16: 12 | B16: 1.4.1.2.12 | H16: =G16*E16 -> 0 | I16: =G16*D16 -> 0 | K16: =J16*E16 -> 0 | L16: =J16*D16 -> 0 | N16: =M16*E16 -> 0 | O16: =M16*D16 -> 0
A17: 13 | B17: 1.4.1.2.13 | H17: =G17*E17 -> 0 | I17: =G17*D17 -> 0 | K17: =J17*E17 -> 0 | L17: =J17*D17 -> 0 | N17: =M17*E17 -> 0 | O17: =M17*D17 -> 0
A18: 14 | B18: 1.4.1.2.14 | H18: =G18*E18 -> 0 | I18: =G18*D18 -> 0 | K18: =J18*E18 -> 0 | L18: =J18*D18 -> 0 | N18: =M18*E18 -> 0 | O18: =M18*D18 -> 0
A19: 15 | B19: 1.4.1.2.15 | H19: =G19*E19 -> 0 | I19: =G19*D19 -> 0 | K19: =J19*E19 -> 0 | L19: =J19*D19 -> 0 | N19: =M19*E19 -> 0 | O19: =M19*D19 -> 0
A20: 16 | B20: 1.4.1.2.16 | H20: =G20*E20 -> 0 | I20: =G20*D20 -> 0 | K20: =J20*E20 -> 0 | L20: =J20*D20 -> 0 | N20: =M20*E20 -> 0 | O20: =M20*D20 -> 0
A21: 17 | B21: 1.4.1.2.17 | H21: =G21*E21 -> 0 | I21: =G21*D21 -> 0 | K21: =J21*E21 -> 0 | L21: =J21*D21 -> 0 | N21: =M21*E21 -> 0 | O21: =M21*D21 -> 0
A22: 18 | B22: 1.4.1.2.18 | H22: =G22*E22 -> 0 | I22: =G22*D22 -> 0 | K22: =J22*E22 -> 0 | L22: =J22*D22 -> 0 | N22: =M22*E22 -> 0 | O22: =M22*D22 -> 0
A23: 19 | B23: 1.4.1.2.19 | H23: =G23*E23 -> 0 | I23: =G23*D23 -> 0 | K23: =J23*E23 -> 0 | L23: =J23*D23 -> 0 | N23: =M23*E23 -> 0 | O23: =M23*D23 -> 0
A24: 20 | B24: 1.4.1.2.20 | H24: =G24*E24 -> 0 | I24: =G24*D24 -> 0 | K24: =J24*E24 -> 0 | L24: =J24*D24 -> 0 | N24: =M24*E24 -> 0 | O24: =M24*D24 -> 0
A25: 21 | B25: 1.4.1.2.21 | H25: =G25*E25 -> 0 | I25: =G25*D25 -> 0 | K25: =J25*E25 -> 0 | L25: =J25*D25 -> 0 | N25: =M25*E25 -> 0 | O25: =M25*D25 -> 0
A26: 22 | B26: 1.4.1.2.22 | H26: =G26*E26 -> 0 | I26: =G26*D26 -> 0 | K26: =J26*E26 -> 0 | L26: =J26*D26 -> 0 | N26: =M26*E26 -> 0 | O26: =M26*D26 -> 0
... A29: 25 | B29: 1.4.1.2.25 | H29: =G29*E29 -> 0 | I29: =G29*D29 -> 0 | K29: =J29*E29 -> 0 | L29: =J29*D29 -> 0 | N29: =M29*E29 -> 0 | O29: =M29*D29 -> 0
A30: مهر و امضإ گروه مشارکت شرکت مشاور مشاور | G30: مهر و امضا مشاور زیر بنایی مهندسین مشاور صحن بوستان | L30: کارفرما

Sheet خدمات تامین
D1: کارفرما: | E1: راه‏آهن جمهوری اسلامی ایران | O1: عنوان قرارداد: | Q1: طراحی، تأمین و اجرای دو خطه کردن راه‏آهن (زیرسازی، پل‏سازی، روسازی) محور مشك-سيستان
D2: مشاور طرح: | E2: مهندسین مشاور صحن بوستان
D3: مشارکت: | E3: مشاركت تكنيك-پل‏رود-کنکاوان معدن شیراز | O3: شماره و تاریخ ابلاغ قرارداد: | Q3: 400/66891/ی مورخ 93/11/20
D4: صورت‏وضعیت شماره: | E4: ='خلاصه مالي صورت وضعیت'!E4 -> قطعی | O4: مبلغ قرارداد (ریال): | Q4: ='خلاصه مالي صورت وضعیت'!H4:H5 -> 1197477151532
D5: تاریخ صورت‏وضعیت: | E5: ='خلاصه مالي صورت وضعیت'!E5 -> 1399/06/02
A6: ردیف | B6: W.B.S | C6: عنوان فعالیت | D6: هزینه کامل (ريال) | E6: وزن کامل (%) | F6: فصل مرتبط از فهرست بها | G6: تایید شده کارکرد قبلی (ص.و15) | J6: پیمانکار-قطعی | M6: توضیحات پیمانکار | O6: مشاور کارفرما | R6: توضیحات مشاور | T6: مدارك پشتيبان صورت وضعیت
D7: بر اساس ساختار شکست مصوب طی نامه شماره مورخ | G7: درصد پیشرفت از سرفصل (کل) | H7: درصد پیشرفت وزنی | I7: مبلغ (ریال) | J7: درصد پیشرفت از سرفصل (کل) | K7: درصد پیشرفت وزنی | L7: مبلغ (ریال) | O7: درصد پیشرفت از صد (کل) | P7: درصد پیشرفت وزنی | Q7: مبلغ (ریال)
A8: 1 | B8: 1.5 | C8: خدمات تامین | D8: =D9+D16+D21+D27 -> 460789207909 | E8: =E9+E16+E21+E27 -> 0.3848 | G8: 0.27742399 | H8: 0.10675275 | I8: 1.2783398e+11 | J8: =L8/D8 -> 0.27244992 | K8: =K9+K16+K21+K27 -> 0.10483873 | L8: =L9+L16+L21+L27 -> 1.2554198e+11 | O8: =Q8/D8 -> 0 | P8: =P9+P16+P21+P27 -> 0 | Q8: =Q9+Q16+Q21+Q27 -> 0
A9: 2 | B9: 1.5.1 | C9: ريل (هر 170 تن 0.494%) | D9: =D10+D13 -> 2.1554337e+11 | E9: =E10+E13 -> 0.1799979 | G9: 0.27 | H9: 0.048599432 | I9: 5.8196709e+10 | K9: =K10+K13 -> 0.053999369 | L9: =L10+L13 -> 6.466301e+10 | O9: =Q9/D9 -> 0 | P9: =P10+P13 -> 0 | Q9: =Q10+Q13 -> 0
A10: 3 | B10: 1.5.1.1 | C10: تشریفات تامین ریل | D10: =SUM(D11:D12) -> 1.0777168e+11 | E10: =SUM(E11:E12) -> 0.089998948 | G10: 0 | H10: 0.048599432 | I10: 5.8196709e+10 | K10: =SUM(K11:K12) -> 0.053999369 | L10: =SUM(L11:L12) -> 6.466301e+10 | P10: =SUM(P11:P15) -> 0 | Q10: =SUM(Q11:Q12) -> 0
A11: 4 | B11: 1.5.1.1.۱ | C11: ارائه اصل عقد قرارداد خرید ریل | D11: =E11*$Q$4 -> 6.466301e+10 | E11: =CBS!D105 -> 0.053999369 | F11: 22 | G11: 0.9 | H11: 0.048599432 | I11: 5.8196709e+10 | J11: 1 | K11: =J11*E11 -> 0.053999369 | L11: =K11*$Q$4 -> 6.466301e+10 | M11: قرارداد تامین ریل | P11: =O11*E11 -> 0 | Q11: =P11*$Q$4 -> 0 | T11: صفحه 1 تا 8
A12: 5 | B12: 1.5.1.1.۲ | C12: پرداخت پیش پرداخت | D12: =E12*$Q$4 -> 4.3108674e+10 | E12: =CBS!D106 -> 0.035999579 | F12: 22 | G12: 0 | H12: 0 | I12: 0 | J12: 0 | K12: =J12*E12 -> 0 | L12: =K12*$Q$4 -> 0 | P12: =O12*E12 -> 0 | Q12: =P12*$Q$4 -> 0
A13: 6 | B13: 1.5.1.2 | C13: حمل و تخلیه ریل در محل کارگاه | D13: =SUM(D14:D15) -> 107771683892 | E13: =SUM(E14:E15) -> 0.089998948 | G13: 0 | H13: 0 | I13: 0 | K13: =SUM(K14:K15) -> 0 | L13: =SUM(L14:L15) -> 0 | Q13: =Q14+Q15 -> 0
A14: 7 | B14: 1.5.1.2.1 | C14: ارائه اسناد حمل خارجی | D14: =E14*$Q$4 -> 6.466301e+10 | E14: =CBS!D108 -> 0.053999369 | F14: 22 | G14: 0 | H14: 0 | I14: 0 | J14: 0 | K14: =J14*E14 -> 0 | L14: =K14*$Q$4 -> 0 | P14: =O14*E14 -> 0 | Q14: =P14*$Q$4 -> 0
A15: 8 | B15: 1.5.1.2.۲ | C15: تخلیه و دپوی ریل در کارگاه | D15: =E15*$Q$4 -> 4.3108674e+10 | E15: =CBS!D109 -> 0.035999579 | F15: 22 | G15: 0 | H15: 0 | I15: 0 | J15: 0 | K15: =J15*E15 -> 0 | L15: =K15*$Q$4 -> 0 | P15: =O15*E15 -> 0 | Q15: =P15*$Q$4 -> 0
A16: 9 | B16: 1.5.2 | C16: سوزن (هر سوزن 0.222%) | D16: 71850861189 | E16: =D16/$Q$4 -> 0.060001864 | G16: 0.35 | H16: 0.021000652 | I16: 2.5147801e+10 | K16: =K17+K18+K19+K20 -> 0.021000652 | L16: =L17+L18+L19+L20 -> 2.5147801e+10 | O16: =Q16/D16 -> 0 | P16: =P17+P18+P19+P20 -> 0 | Q16: =Q17+Q18+Q19+Q20 -> 0
A17: 10 | B17: 1.5.2.1 | C17: عقد قرارداد | D17: =15%*$D$16 -> 1.0777629e+10 | E17: =D17/$Q$4 -> 0.0090002796 | F17: 22 | G17: 1 | H17: 0.0090002796 | I17: 1.0777629e+10 | J17: 1 | K17: =J17*E17 -> 0.0090002796 | L17: =J17*D17 -> 1.0777629e+10 | M17: قرارداد خرید سوزن | P17: =O17*E17 -> 0 | Q17: =O17*D17 -> 0 | T17: صفحه 9تا15
A18: 11 | B18: 1.5.2.2 | C18: پرداخت پیش پرداخت یا گشایش و فعال نمودن LC | D18: =20%*$D$16 -> 1.4370172e+10 | E18: =D18/$Q$4 -> 0.012000373 | F18: 22 | G18: 1 | H18: 0.012000373 | I18: 1.4370172e+10 | J18: 1 | K18: =J18*E18 -> 0.012000373 | L18: =J18*D18 -> 1.4370172e+10 | M18: قرارداد خرید سوزن | P18: =O18*E18 -> 0 | Q18: =O18*D18 -> 0 | T18: صفحه 9تا15
A19: 12 | B19: 1.5.2.3 | C19: حمل خارجی | D19: =35%*$D$16 -> 2.5147801e+10 | E19: =D19/$Q$4 -> 0.021000652 | F19: 22 | G19: 0 | H19: 0 | I19: 0 | J19: 0 | K19: =J19*E19 -> 0 | L19: =J19*D19 -> 0 | P19: =O19*E19 -> 0 | Q19: =O19*D19 -> 0
A20: 13 | B20: 1.5.2.4 | C20: ترخیص از گمرگ، بارگیری، حمل داخلی، تخلیه و دپو در محل کارگاه | D20: =30%*$D$16 -> 2.1555258e+10 | E20: =D20/$Q$4 -> 0.018000559 | F20: 22 | G20: 0 | H20: 0 | I20: 0 | J20: 0 | K20: =J20*E20 -> 0 | L20: =J20*D20 -> 0 | P20: =O20*E20 -> 0 | Q20: =O20*D20 -> 0
A21: 14 | B21: 1.5.3 | C21: تراورس | D21: =SUM(D22:D26) -> 1.1687457e+11 | E21: =SUM(E22:E26) -> 0.097600672 | G21: 0.35648 | H21: 0.034792688 | I21: 4.1663448e+10 | K21: =SUM(K22:K26) -> 0.029838708 | L21: =SUM(L22:L26) -> 3.5731171e+10 | O21: =Q21/D21 -> 0 | P21: =O21*E21 -> 0 | Q21: =SUM(Q22:Q26) -> 0
A22: 15 | B22: 1.5.3.1 | C22: مشخص کردن نوع تراورس مصرفی با قابلیت بار محوری 30 تن | D22: =E22*$Q$4 -> 5.7151667e+09 | E22: =0.0489*CBS!$D$112 -> 0.0047726729 | F22: 13 | G22: 1 | H22: 0.0047726729 | I22: 5.7151667e+09 | J22: 1 | K22: =J22*E22 -> 0.0047726729 | L22: =K22*$Q$4 -> 5.7151667e+09 | M22: ارسال مستندات طراحی پیمانکار | P22: =O22*E22 -> 0 | Q22: =P22*$Q$4 -> 0 | T22: صفحه 16 تا 18
A23: 16 | B23: 1.5.3.2 | C23: اخذ تاییدیه از مشاور | D23: =E23*$Q$4 -> 5.7151667e+09 | E23: =E22 -> 0.0047726729 | F23: 13 | G23: 1 | H23: 0.0047726729 | I23: 5.7151667e+09 | J23: 1 | K23: =J23*E23 -> 0.0047726729 | L23: =K23*$Q$4 -> 5.7151667e+09 | M23: تایید طراحی مشاور | P23: =O23*E23 -> 0 | Q23: =P23*$Q$4 -> 0 | T23: صفحه 16 تا 18
A24: 17 | B24: 1.5.3.3 | C24: عقد قرارداد با سازنده | D24: =E24*$Q$4 -> 5.7151667e+09 | E24: =E23 -> 0.0047726729 | F24: 13 | G24: 1 | H24: 0.0047726729 | I24: 5.7151667e+09 | J24: 1 | K24: =J24*E24 -> 0.0047726729 | L24: =K24*$Q$4 -> 5.7151667e+09 | M24: قرارداد با سازنده | P24: =O24*E24 -> 0 | Q24: =P24*$Q$4 -> 0 | T24: صفحه 19 تا 24
A25: 18 | B25: 1.5.3.4 | C25: پرداخت پیش‏پرداخت | D25: =E25*$Q$4 -> 5.7151667e+09 | E25: =E24 -> 0.0047726729 | F25: 13 | G25: 1 | H25: 0.0047726729 | I25: 5.7151667e+09 | J25: 1 | K25: =J25*E25 -> 0.0047726729 | L25: =K25*$Q$4 -> 5.7151667e+09 | M25: قرارداد با سازنده | P25: =O25*E25 -> 0 | Q25: =P25*$Q$4 -> 0 | T25: صفحه 19 تا 24
A26: 19 | B26: 1.5.3.5 | C26: تهیه و حمل تراورس از کیلومتر 1 تا 49 هر 3 کیلومتر 0.5 درصد | D26: =E26*$Q$4 -> 9.4013908e+10 | E26: =CBS!D112-'خدمات تامین'!E22-'خدمات تامین'!E23-'خدمات تامین'!E24-'خدمات تامین'!E25 -> 0.078509981 | F26: 13 | G26: 0.2 | H26: 0.015701996 | I26: 1.8802782e+10 | J26: 0.1369 | K26: =J26*E26 -> 0.010748016 | L26: =K26*$Q$4 -> 1.2870504e+10 | M26: ارسال 10982 عدد تراورس 30 تن گزارش مورخ 20/06/99 | P26: =O26*E26 -> 0 | Q26: =P26*$Q$4 -> 0 | T26: صفحه 25 تا 30
A27: 20 | B27: 1.5.4 | C27: تهیه و حمل ادوات و ملحقات (هر 5 کیلومتر 0.472%) | D27: =E27*$Q$4 -> 56520404242 | E27: =CBS!D117 -> 0.047199568 | F27: 22 | G27: 0.05 | H27: 0.0023599784 | I27: 2.8260202e+09 | J27: 0 | K27: =J27*E27 -> 0 | L27: =K27*$Q$4 -> 0 | M27: علی رغم پی گیری وودریافت پرفرفورما از شرکت ترکیه ای وایرانی با توجه به ساختار شکست در کارکرد قطعی منظور نشده است
Q28: =Q26+Q25+Q24+Q23+Q22 -> 0
D29: =+D27/51000 -> 1108243.2 | Q29: =Q28+'خدمات اجرایی '!Q217 -> 0
D30: =+D29/1.6 -> 692652.01
D31: =+D30/2 -> 346326.01
D32: =+D31*3.5 -> 1212141 | E32: =+D30*3.5 -> 2424282
D33: =+D32*0.85 -> 1030319.9 | E33: =+E32*0.85 -> 2060639.7
D34: 3000000 | E34: 3000001

Sheet خدمات اجرایی 
D1: کارفرما: | E1: راه‏آهن جمهوری اسلامی ایران | O1: عنوان قرارداد: | Q1: طراحی، تأمین و اجرای دو خطه کردن راه‏آهن (زیرسازی، پل‏سازی، روسازی) محور مشك-سيستان
D2: مشاور طرح: | E2: مهندسین مشاور صحن بوستان
D3: مشارکت: | E3: مشاركت تكنيك-پل‏رود-کنکاوان معدن شیراز | O3: شماره و تاریخ ابلاغ قرارداد: | Q3: 400/66891/ی مورخ 93/11/20
D4: صورت‏وضعیت شماره: | E4: ='خلاصه مالي صورت وضعیت'!E4 -> قطعی | O4: مبلغ قرارداد (ریال): | Q4: 1197477151532
D5: تاریخ صورت‏وضعیت: | E5: ='خلاصه مالي صورت وضعیت'!E5 -> 1399/06/02
A6: ردیف | B6: W.B.S | C6: عنوان فعالیت | D6: هزینه کامل (ريال) | E6: وزن کامل (%) | F6: فصل مرتبط از فهرست بها | G6: تایید شده کارکرد قبلی (ص.و15) | J6: پیمانکار-قطعی | M6: توضیحات پیمانکار | O6: مشاور کارفرما | R6: توضیحات مشاور | T6: مدارك پشتيبان
D7: بر اساس ساختار شکست مصوب طی نامه شماره مورخ | G7: درصد پیشرفت از سرفصل (کل) | H7: درصد پیشرفت وزنی | I7: مبلغ (ریال) | J7: درصد پیشرفت از سرفصل (کل) | K7: درصد پیشرفت وزنی | L7: مبلغ (ریال) | O7: درصد پیشرفت از صد (کل) | P7: درصد پیشرفت وزنی | Q7: مبلغ (ریال)
A8: 1 | B8: 1.6 | C8: خدمات اجرایی | D8: =D9+D51+D78+D120+D147+D189+D216 -> 6.0137303e+11 | E8: =E9+E51+E78+E120+E147+E189+E216 -> 0.5022 | G8: 0.59583798 | H8: 0.29922983 | I8: 3.5832089e+11 | J8: =L8/D8 -> 0.72811497 | K8: =K9+K51+K78+K120+K147+K189+K216 -> 0.32601169 | L8: =L9+L51+L78+L120+L147+L189+L216 -> 4.3786871e+11 | M8: مقادیر اعمال شده در کارکرد قطعی با توجه به اتمام کار زیر سازی پروژه وانجام قسمتی از کار روسازی پروژه ازجمله اجرای پوش اول بالاست وتامین واجرای 10982 عدد تراورس 30 تن در کارکرد قطعی اعمال گردیده است برای اینکار مشارکت نسبت به برداشت کار انجام شده اقدام نمود که مستندات مربوطه ضمیمه میگردد البته کارشناسی تامین دلیل که توسط کارفرما در سال 1400 انجام گردید موید برداشت های کار انجام شده این مشارکت می باشد که مستندات مربوطه تقدیم میگردد | O8: =Q8/D8 -> 0 | P8: =P9+P51+P78+P120+P147+P189+P216 -> 0 | Q8: =Q9+Q51+Q78+Q120+Q147+Q189+Q216 -> 0 | T8: صفحه 25 تا 30
A9: 2 | B9: 1.6.1 | C9: بلوک مشک-هرند | D9: =D10+D20+D32 -> 1.5694136e+11 | E9: =E10+E20+E32 -> 0.13106 | G9: 0.6541 | H9: 0.085726346 | I9: 1.0265534e+11 | J9: =L9/D9 -> 0.73784978 | K9: =K10+K20+K32 -> 0.096702592 | L9: =L10+L20+L32 -> 1.1579914e+11 | O9: =Q9/D9 -> 0 | P9: =P10+P20+P32 -> 0 | Q9: =Q10+Q20+Q32 -> 0
A10: 3 | B10: 1.6.1.1 | C10: زیرسازی | D10: =SUM(D11:D19) -> 5.8068302e+10 | E10: =SUM(E11:E19) -> 0.0484922 | G10: 1 | H10: 0.0484922 | I10: 5.8068302e+10 | J10: =L10/D10 -> 1 | K10: =SUM(K11:K19) -> 0.0484922 | L10: =SUM(L11:L19) -> 5.8068302e+10 | O10: =Q10/D10 -> 0 | P10: =SUM(P11:P19) -> 0 | Q10: =SUM(Q11:Q19) -> 0
A11: 4 | B11: 1.6.1.1.1 | C11: برداشت خاک نباتی | D11: 2.9034151e+09 | E11: =D11/$Q$4 -> 0.00242461 | F11: 3 | G11: 1 | H11: 0.00242461 | I11: 2.9034151e+09 | J11: 1 | K11: =J11*E11 -> 0.00242461 | L11: =K11*$Q$4 -> 2.9034151e+09 | P11: =O11*E11 -> 0 | Q11: =P11*$Q$4 -> 0
A12: 5 | B12: 1.6.1.1.2 | C12: آب پاشی و کوبیدن بستر | D12: 5.8068302e+09 | E12: =D12/$Q$4 -> 0.00484922 | F12: 3 | G12: 1 | H12: 0.00484922 | I12: 5.8068302e+09 | J12: 1 | K12: =J12*E12 -> 0.00484922 | L12: =K12*$Q$4 -> 5.8068302e+09 | P12: =O12*E12 -> 0 | Q12: =P12*$Q$4 -> 0
A13: 6 | B13: 1.6.1.1.3 | C13: تهیه و اجرای خاکریز با90% کوبیدگی | D13: 5.8068302e+09 | E13: =D13/$Q$4 -> 0.00484922 | F13: 3 | G13: 1 | H13: 0.00484922 | I13: 5.8068302e+09 | J13: 1 | K13: =J13*E13 -> 0.00484922 | L13: =K13*$Q$4 -> 5.8068302e+09 | P13: =O13*E13 -> 0 | Q13: =P13*$Q$4 -> 0
A14: 7 | B14: 1.6.1.1.4 | C14: تهیه مصالح سابگرید با 95% کوبیدگی | D14: 1.161366e+10 | E14: =D14/$Q$4 -> 0.00969844 | F14: 14 | G14: 1 | H14: 0.00969844 | I14: 1.161366e+10 | J14: 1 | K14: =J14*E14 -> 0.00969844 | L14: =K14*$Q$4 -> 1.161366e+10 | P14: =O14*E14 -> 0 | Q14: =P14*$Q$4 -> 0
A15: 8 | B15: 1.6.1.1.5 | C15: اجرای سابگرید با 95% کوبیدگی | D15: 8.7102452e+09 | E15: =D15/$Q$4 -> 0.00727383 | F15: 3 | G15: 1 | H15: 0.00727383 | I15: 8.7102452e+09 | J15: 1 | K15: =J15*E15 -> 0.00727383 | L15: =K15*$Q$4 -> 8.7102452e+09 | P15: =O15*E15 -> 0 | Q15: =P15*$Q$4 -> 0
A16: 9 | B16: 1.6.1.1.6 | C16: تهیه سابگرید با 100% کوبیدگی | D16: 6.6778547e+09 | E16: =D16/$Q$4 -> 0.005576603 | F16: 14 | G16: 1 | H16: 0.005576603 | I16: 6.6778547e+09 | J16: 1 | K16: =J16*E16 -> 0.005576603 | L16: =K16*$Q$4 -> 6.6778547e+09 | P16: =O16*E16 -> 0 | Q16: =P16*$Q$4 -> 0
A17: 10 | B17: 1.6.1.1.7 | C17: اجرای سابگرید با 100% کوبیدگی | D17: 4.9358056e+09 | E17: =D17/$Q$4 -> 0.004121837 | F17: 3 | G17: 1 | H17: 0.004121837 | I17: 4.9358056e+09 | J17: 1 | K17: =J17*E17 -> 0.004121837 | L17: =K17*$Q$4 -> 4.9358056e+09 | P17: =O17*E17 -> 0 | Q17: =P17*$Q$4 -> 0
A18: 11 | B18: 1.6.1.1.8 | C18: تهیه و اجراي زیر بالاست | D18: 8.7102452e+09 | E18: =D18/$Q$4 -> 0.00727383 | F18: 14 | G18: 1 | H18: 0.00727383 | I18: 8.7102452e+09 | J18: 1 | K18: =J18*E18 -> 0.00727383 | L18: =K18*$Q$4 -> 8.7102452e+09 | P18: =O18*E18 -> 0 | Q18: =P18*$Q$4 -> 0
A19: 12 | B19: 1.6.1.1.10 | C19: حمل آب | D19: 2.9034151e+09 | E19: =D19/$Q$4 -> 0.00242461 | F19: 3 | G19: 1 | H19: 0.00242461 | I19: 2.9034151e+09 | J19: 1 | K19: =J19*E19 -> 0.00242461 | L19: =K19*$Q$4 -> 2.9034151e+09 | P19: =O19*E19 -> 0 | Q19: =P19*$Q$4 -> 0
A20: 13 | B20: 1.6.1.2 | C20: عمليات ابنيه فني | D20: =SUM(D21:D30) -> 47082406644 | E20: =D20/$Q$4 -> 0.039318 | G20: 0.92522 | H20: 0.0363778 | I20: 4.3561584e+10 | K20: =SUM(K21:K31) -> 0.039318 | L20: =SUM(L21:L31) -> 47082406644 | O20: =Q20/D20 -> 0 | P20: =SUM(P21:P31) -> 0 | Q20: =SUM(Q21:Q31) -> 0
A21: 14 | B21: 1.6.1.2.1 | C21: پي كني | D21: 1600801826 | E21: =D21/$Q$4 -> 0.001336812 | F21: 3 | G21: 0.96 | H21: 0.0012833395 | I21: 1.5367698e+09 | J21: 1 | K21: =J21*E21 -> 0.001336812 | L21: =K21*$Q$4 -> 1600801826 | P21: =O21*E21 -> 0 | Q21: =O21*D21 -> 0
A22: 15 | B22: 1.6.1.2.2 | C22: قالب بندی | D22: 8474833196 | E22: =D22/$Q$4 -> 0.00707724 | F22: 8 | G22: 0.98 | H22: 0.0069356952 | I22: 8.3053365e+09 | J22: 1 | K22: =J22*E22 -> 0.00707724 | L22: =K22*$Q$4 -> 8474833196 | P22: =O22*E22 -> 0 | Q22: =O22*D22 -> 0
A23: 16 | B23: 1.6.1.2.3 | C23: تهيه و نصب آرماتور | D23: 16949666392 | E23: =D23/$Q$4 -> 0.01415448 | F23: 9 | G23: 0.98 | H23: 0.01387139 | I23: 1.6610673e+10 | J23: 1 | K23: =J23*E23 -> 0.01415448 | L23: =K23*$Q$4 -> 16949666392 | P23: =O23*E23 -> 0 | Q23: =O23*D23 -> 0
A24: 17 | B24: 1.6.1.2.4 | C24: اجراي بتن | D24: 8474833196 | E24: =D24/$Q$4 -> 0.00707724 | F24: 12 و 13 | G24: 0.98 | H24: 0.0069356952 | I24: 8.3053365e+09 | J24: 1 | K24: =J24*E24 -> 0.00707724 | L24: =K24*$Q$4 -> 8474833196 | P24: =O24*E24 -> 0 | Q24: =O24*D24 -> 0
A25: 18 | B25: 1.6.1.2.5 | C25: عايق كاري | D25: 470824066 | E25: =D25/$Q$4 -> 0.00039318 | F25: 16 | G25: 0.98 | H25: 0.0003853164 | I25: 4.6140758e+08 | J25: 1 | K25: =J25*E25 -> 0.00039318 | L25: =K25*$Q$4 -> 470824066 | P25: =O25*E25 -> 0 | Q25: =O25*D25 -> 0
A26: 19 | B26: 1.6.1.2.6 | C26: عمليات تكميلي (پر كردن پشت كوله ها و دستك ها و ...) | D26: 847483320 | E26: =D26/$Q$4 -> 0.000707724 | F26: 6 | G26: 0.93 | H26: 0.00065818332 | I26: 7.8815949e+08 | J26: 1 | K26: =J26*E26 -> 0.000707724 | L26: =K26*$Q$4 -> 847483320 | M26: در خصوص نواقص مربوط به آبروها که مشاور کارفرما مدعی است این مشارکت طی نامه های شماره 739و742 پاسخ لازم را ارائه داده است وبراین اساس هیچ کمبود عرضی در آبروها وجود نداردددر مورد ترک های سطحی تعدادی از آبروها نیز لازم به توضیح است بر اساس ماده 10-2شرایط عمومی پیمان کارفرما نباید از هیچ از قسمت کار پیش از صدور گواهی تحویل مورد استفاده قراردهد ودر صورت انجام بر اساس بند ب همان ماده مسئولیت پیمانکار برای مراقبت از آن قسمت ها متوقف شده وبه کارفرما منتقل میشودلذا با توجه به واگذاری بدون طی مراحل مربوطه به پیمانکار دیگر مسئولیت اشکالات حادث از این مشارکت سلب گردیده است. | P26: =O26*E26 -> 0 | Q26: =O26*D26 -> 0
A27: 20 | B27: 1.6.1.2.7 | C27: ساخت و نصب نرده حفاظ پلها | D27: 2636614772 | E27: =D27/$Q$4 -> 0.002201808 | F27: 11 | G27: 0 | H27: 0 | I27: 0 | J27: 1 | K27: =J27*E27 -> 0.002201808 | L27: =K27*$Q$4 -> 2636614772 | P27: =O27*E27 -> 0 | Q27: =O27*D27 -> 0
A28: 21 | B28: 1.6.1.2.8 | C28: بسترسازي | D28: 3954922158 | E28: =D28/$Q$4 -> 0.003302712 | F28: 3 | G28: 1 | H28: 0.003302712 | I28: 3954922158 | J28: 1 | K28: =J28*E28 -> 0.003302712 | L28: =K28*$Q$4 -> 3954922158 | P28: =O28*E28 -> 0 | Q28: =O28*D28 -> 0
A29: 22 | B29: 1.6.1.2.9 | C29: حمل سيمان و آرماتور | D29: 1318307386 | E29: =D29/$Q$4 -> 0.001100904 | F29: 20 | G29: 0.98 | H29: 0.0010788859 | I29: 1.2919412e+09 | J29: 1 | K29: =J29*E29 -> 0.001100904 | L29: =K29*$Q$4 -> 1318307386 | P29: =O29*E29 -> 0 | Q29: =O29*D29 -> 0 | T29: صفحه 31 تا 34
A30: 23 | B30: 1.6.1.2.10 | C30: حمل آب | D30: 2354120332 | E30: =D30/$Q$4 -> 0.0019659 | F30: 3 | G30: 0.98 | H30: 0.001926582 | I30: 2.3070379e+09 | J30: 1 | K30: =J30*E30 -> 0.0019659 | L30: =K30*$Q$4 -> 2354120332 | P30: =O30*E30 -> 0 | Q30: =O30*D30 -> 0
A31: 24 | B31: 1.6.1.2.11 | C31: ترمیم قرنیز آبروها و پلهای موجود | D31: - | E31: 0 | G31: 0 | H31: 0 | I31: 0 | J31: 1 | K31: =J31*E31 -> 0 | L31: =K31*$Q$4 -> 0
A32: 25 | B32: 1.6.1.3 | C32: عمليات روسازي و نصب ریل | D32: =SUM(D33:D50) -> 5.1790647e+10 | E32: =SUM(E33:E50) -> 0.0432498 | G32: 0.0198 | H32: 0.00085634604 | I32: 1.0254548e+09 | J32: =L32/D32 -> 0.2056054 | K32: =SUM(K33:K50) -> 0.0088923924 | L32: =SUM(L33:L50) -> 1.0648437e+10 | O32: =Q32/D32 -> 0 | P32: =SUM(P33:P50) -> 0 | Q32: =SUM(Q33:Q50) -> 0
A33: 26 | B33: 1.6.1.3.1 | C33: نقشه برداری خط (میخ کوبی) | D33: 5.1790647e+08 | E33: =D33/$Q$4 -> 0.000432498 | F33: 21 | G33: 0 | H33: 0 | I33: 0 | J33: 1 | K33: =J33*E33 -> 0.000432498 | L33: =K33*$Q$4 -> 5.1790647e+08 | P33: =O33*E33 -> 0 | Q33: =P33*$Q$4 -> 0
A34: 27 | B34: 1.6.1.3.2 | C34: تهیه بالاست لایه اول | D34: 5.1272741e+09 | E34: =D34/$Q$4 -> 0.0042817302 | F34: 14 | G34: 0.2 | H34: 0.00085634604 | I34: 1.0254548e+09 | J34: 0.9986 | K34: =J34*E34 -> 0.0042757358 | L34: =K34*$Q$4 -> 5.1200959e+09 | P34: =O34*E34 -> 0 | Q34: =P34*$Q$4 -> 0
A35: 28 | B35: 1.6.1.3.3 | C35: تهیه بالاست لایه دوم | D35: 5.1790647e+09 | E35: =D35/$Q$4 -> 0.00432498 | F35: 14 | G35: 0 | H35: 0 | I35: 0 | J35: 0 | K35: =J35*E35 -> 0 | L35: =K35*$Q$4 -> 0 | P35: =O35*E35 -> 0 | Q35: =P35*$Q$4 -> 0
A36: 29 | B36: 1.6.1.3.4 | C36: حمل بالاست مرحله دوم به دپو | D36: 5.1790647e+09 | E36: =D36/$Q$4 -> 0.00432498 | F36: 14 | G36: 0 | H36: 0 | I36: 0 | J36: 0 | K36: =J36*E36 -> 0 | L36: =K36*$Q$4 -> 0 | P36: =O36*E36 -> 0 | Q36: =P36*$Q$4 -> 0
A37: 30 | B37: 1.6.1.3.5 | C37: تهیه بالاست لایه سوم | D37: 4.1432518e+09 | E37: =D37/$Q$4 -> 0.003459984 | F37: 14 | G37: 0 | H37: 0 | I37: 0 | J37: 0 | K37: =J37*E37 -> 0 | L37: =K37*$Q$4 -> 0 | P37: =O37*E37 -> 0 | Q37: =P37*$Q$4 -> 0
A38: 31 | B38: 1.6.1.3.6 | C38: حمل بالاست مرحله سوم به دپو | D38: 2.5895324e+09 | E38: =D38/$Q$4 -> 0.00216249 | F38: 14 | G38: 0 | H38: 0 | I38: 0 | J38: 0 | K38: =J38*E38 -> 0 | L38: =K38*$Q$4 -> 0 | P38: =O38*E38 -> 0 | Q38: =P38*$Q$4 -> 0
A39: 32 | B39: 1.6.1.3.7 | C39: حمل و پخش بالاست مرحله اول | D39: 2.0716259e+09 | E39: =D39/$Q$4 -> 0.001729992 | F39: 23 | G39: 0 | H39: 0 | I39: 0 | J39: =J34 -> 0.9986 | K39: =J39*E39 -> 0.00172757 | L39: =K39*$Q$4 -> 2.0687256e+09 | P39: =O39*E39 -> 0 | Q39: =P39*$Q$4 -> 0
A40: 33 | B40: 1.6.1.3.8 | C40: حمل ریل | D40: 1.2947662e+09 | E40: =D40/$Q$4 -> 0.001081245 | F40: 23 | G40: 0 | H40: 0 | I40: 0 | J40: 0.4538 | K40: =J40*E40 -> 0.00049066898 | L40: =K40*$Q$4 -> 5.8756489e+08 | P40: =O40*E40 -> 0 | Q40: =P40*$Q$4 -> 0
A41: 34 | B41: 1.6.1.3.9 | C41: حمل تراورس | D41: 2.5895324e+09 | E41: =D41/$Q$4 -> 0.00216249 | F41: 23 | G41: 0 | H41: 0 | I41: 0 | J41: 0.4548 | K41: =J41*E41 -> 0.00098350045 | L41: =K41*$Q$4 -> 1.1777193e+09 | P41: =O41*E41 -> 0 | Q41: =P41*$Q$4 -> 0
A42: 35 | B42: 1.6.1.3.10 | C42: نصب تراورس | D42: 1.2947662e+09 | E42: =D42/$Q$4 -> 0.001081245 | F42: 23 | G42: 0 | H42: 0 | I42: 0 | J42: =J41 -> 0.4548 | K42: =J42*E42 -> 0.00049175023 | L42: =K42*$Q$4 -> 5.8885966e+08 | P42: =O42*E42 -> 0 | Q42: =P42*$Q$4 -> 0
A43: 36 | B43: 1.6.1.3.11 | C43: نصب ریل | D43: 1.2947662e+09 | E43: =D43/$Q$4 -> 0.001081245 | F43: 23 | G43: 0 | H43: 0 | I43: 0 | J43: =J40 -> 0.4538 | K43: =J43*E43 -> 0.00049066898 | L43: =K43*$Q$4 -> 5.8756489e+08 | P43: =O43*E43 -> 0 | Q43: =P43*$Q$4 -> 0
A44: 37 | B44: 1.6.1.3.12 | C44: جوشکاری ریل | D44: 7.7685971e+09 | E44: =D44/$Q$4 -> 0.00648747 | F44: 23 | G44: 0 | H44: 0 | I44: 0 | J44: 0 | K44: =J44*E44 -> 0 | L44: =K44*$Q$4 -> 0 | P44: =O44*E44 -> 0 | Q44: =P44*$Q$4 -> 0
A45: 38 | B45: 1.6.1.3.13 | C45: بالاست ریزی مرحله دوم | D45: 3.1074388e+09 | E45: =D45/$Q$4 -> 0.002594988 | F45: 23 | G45: 0 | H45: 0 | I45: 0 | J45: 0 | K45: =J45*E45 -> 0 | L45: =K45*$Q$4 -> 0 | P45: =O45*E45 -> 0 | Q45: =P45*$Q$4 -> 0
A46: 39 | B46: 1.6.1.3.14 | C46: رگلاژ و رلواژ مرحله اول | D46: 3.1074388e+09 | E46: =D46/$Q$4 -> 0.002594988 | F46: 23 | G46: 0 | H46: 0 | I46: 0 | J46: 0 | K46: =J46*E46 -> 0 | L46: =K46*$Q$4 -> 0 | P46: =O46*E46 -> 0 | Q46: =P46*$Q$4 -> 0
A47: 40 | B47: 1.6.1.3.15 | C47: بالاست ریزی مرحله سوم | D47: 2.0716259e+09 | E47: =D47/$Q$4 -> 0.001729992 | F47: 23 | G47: 0 | H47: 0 | I47: 0 | J47: 0 | K47: =J47*E47 -> 0 | L47: =K47*$Q$4 -> 0 | P47: =O47*E47 -> 0 | Q47: =P47*$Q$4 -> 0
A48: 41 | B48: 1.6.1.3.16 | C48: رلواژ مرحله دوم | D48: 2.0716259e+09 | E48: =D48/$Q$4 -> 0.001729992 | F48: 23 | G48: 0 | H48: 0 | I48: 0 | J48: 0 | K48: =J48*E48 -> 0 | L48: =K48*$Q$4 -> 0 | P48: =O48*E48 -> 0 | Q48: =P48*$Q$4 -> 0
A49: 42 | B49: 1.6.1.3.17 | C49: رلواژ نهایی و تثبیت | D49: 1.2947662e+09 | E49: =D49/$Q$4 -> 0.001081245 | F49: 23 | G49: 0 | H49: 0 | I49: 0 | J49: 0 | K49: =J49*E49 -> 0 | L49: =K49*$Q$4 -> 0 | P49: =O49*E49 -> 0 | Q49: =P49*$Q$4 -> 0
A50: 43 | B50: 1.6.1.3.18 | C50: عملیات تکمیلی و نصب علائم | D50: 1.0876036e+09 | E50: =D50/$Q$4 -> 0.0009082458 | F50: 23 | G50: 0 | H50: 0 | I50: 0 | J50: 0 | K50: =J50*E50 -> 0 | L50: =K50*$Q$4 -> 0 | P50: =O50*E50 -> 0 | Q50: =P50*$Q$4 -> 0
A51: 44 | B51: 1.6.2 | C51: ایستگاه مشک | D51: =D52+D62 -> 2.7645661e+10 | E51: =E52+E62 -> 0.023086588 | G51: 0.57223 | H51: 0.013210838 | I51: 1.5819677e+10 | K51: =K52+K62 -> 0.014356276 | L51: =L52+L62 -> 1.7191313e+10 | O51: =Q51/D51 -> 0 | P51: =P52+P62 -> 0 | Q51: =Q52+Q62 -> 0
A52: 45 | B52: 1.6.2.1 | C52: زیرسازی | D52: =SUM(D53:D61) -> 1.5205114e+10 | E52: =SUM(E53:E61) -> 0.012697623 | G52: 1 | H52: 0.012697623 | I52: 1.5205114e+10 | K52: =SUM(K53:K61) -> 0.012697623 | L52: =SUM(L53:L61) -> 1.5205114e+10 | O52: =Q52/D52 -> 0 | P52: =SUM(P53:P61) -> 0 | Q52: =SUM(Q53:Q61) -> 0
A53: 46 | B53: 1.6.2.1.1 | C53: برداشت خاک نباتی | D53: 7.6025568e+08 | E53: =D53/$Q$4 -> 0.00063488116 | F53: 3 | G53: 1 | H53: 0.00063488116 | I53: 7.6025568e+08 | J53: 1 | K53: =J53*E53 -> 0.00063488116 | L53: =K53*$Q$4 -> 7.6025568e+08 | P53: =O53*E53 -> 0 | Q53: =P53*$Q$4 -> 0
A54: 47 | B54: 1.6.2.1.2 | C54: آب پاشی و کوبیدن بستر | D54: 1.5205114e+09 | E54: =D54/$Q$4 -> 0.0012697623 | F54: 3 | G54: 1 | H54: 0.0012697623 | I54: 1.5205114e+09 | J54: 1 | K54: =J54*E54 -> 0.0012697623 | L54: =K54*$Q$4 -> 1.5205114e+09 | P54: =O54*E54 -> 0 | Q54: =P54*$Q$4 -> 0
A55: 48 | B55: 1.6.2.1.3 | C55: تهیه و اجرای خاکریز با90% کوبیدگی | D55: 1.5205114e+09 | E55: =D55/$Q$4 -> 0.0012697623 | F55: 3 | G55: 1 | H55: 0.0012697623 | I55: 1.5205114e+09 | J55: 1 | K55: =J55*E55 -> 0.0012697623 | L55: =K55*$Q$4 -> 1.5205114e+09 | P55: =O55*E55 -> 0 | Q55: =P55*$Q$4 -> 0
A56: 49 | B56: 1.6.2.1.4 | C56: تهیه مصالح سابگرید با 95% کوبیدگی | D56: 3.0410227e+09 | E56: =D56/$Q$4 -> 0.0025395246 | F56: 14 | G56: 1 | H56: 0.0025395246 | I56: 3.0410227e+09 | J56: 1 | K56: =J56*E56 -> 0.0025395246 | L56: =K56*$Q$4 -> 3.0410227e+09 | P56: =O56*E56 -> 0 | Q56: =P56*$Q$4 -> 0
A57: 50 | B57: 1.6.2.1.5 | C57: اجرای سابگرید با 95% کوبیدگی | D57: 2.2807671e+09 | E57: =D57/$Q$4 -> 0.0019046435 | F57: 3 | G57: 1 | H57: 0.0019046435 | I57: 2.2807671e+09 | J57: 1 | K57: =J57*E57 -> 0.0019046435 | L57: =K57*$Q$4 -> 2.2807671e+09 | P57: =O57*E57 -> 0 | Q57: =P57*$Q$4 -> 0
A58: 51 | B58: 1.6.2.1.6 | C58: تهیه سابگرید با 100% کوبیدگی | D58: 1.3684602e+09 | E58: =D58/$Q$4 -> 0.0011427861 | F58: 14 | G58: 1 | H58: 0.0011427861 | I58: 1.3684602e+09 | J58: 1 | K58: =J58*E58 -> 0.0011427861 | L58: =K58*$Q$4 -> 1.3684602e+09 | P58: =O58*E58 -> 0 | Q58: =P58*$Q$4 -> 0
A59: 52 | B59: 1.6.2.1.7 | C59: اجرای سابگرید با 100% کوبیدگی | D59: 9.1230682e+08 | E59: =D59/$Q$4 -> 0.00076185739 | F59: 3 | G59: 1 | H59: 0.00076185739 | I59: 9.1230682e+08 | J59: 1 | K59: =J59*E59 -> 0.00076185739 | L59: =K59*$Q$4 -> 9.1230682e+08 | P59: =O59*E59 -> 0 | Q59: =P59*$Q$4 -> 0
A60: 53 | B60: 1.6.2.1.8 | C60: تهیه و اجراي زیر بالاست | D60: 3.0410227e+09 | E60: =D60/$Q$4 -> 0.0025395246 | F60: 14 | G60: 1 | H60: 0.0025395246 | I60: 3.0410227e+09 | J60: 1 | K60: =J60*E60 -> 0.0025395246 | L60: =K60*$Q$4 -> 3.0410227e+09 | P60: =O60*E60 -> 0 | Q60: =P60*$Q$4 -> 0
A61: 54 | B61: 1.6.2.1.10 | C61: حمل آب | D61: 7.6025568e+08 | E61: =D61/$Q$4 -> 0.00063488116 | F61: 3 | G61: 1 | H61: 0.00063488116 | I61: 7.6025568e+08 | J61: 1 | K61: =J61*E61 -> 0.00063488116 | L61: =K61*$Q$4 -> 7.6025568e+08 | P61: =O61*E61 -> 0 | Q61: =P61*$Q$4 -> 0
A62: 55 | B62: 1.6.2.2 | C62: عمليات روسازي | D62: =SUM(D63:D77) -> 1.2440548e+10 | E62: =SUM(E63:E77) -> 0.010388964 | G62: 0.0494 | H62: 0.00051321484 | I62: 6.1456305e+08 | K62: =SUM(K63:K77) -> 0.0016586532 | L62: =K62*$Q$4 -> 1.9861994e+09 | O62: =Q62/D62 -> 0 | P62: =SUM(P63:P77) -> 0 | Q62: =SUM(Q63:Q77) -> 0
A63: 56 | B63: 1.6.2.2.1 | C63: نقشه برداری خط (میخ کوبی) | D63: 1.2440548e+08 | E63: =D63/$Q$4 -> 0.00010388964 | F63: 21 | G63: 0 | H63: 0 | I63: 0 | J63: 1 | K63: =J63*E63 -> 0.00010388964 | L63: =K63*$Q$4 -> 1.2440548e+08 | P63: =O63*E63 -> 0 | Q63: =P63*$Q$4 -> 0
A64: 57 | B64: 1.6.2.2.2 | C64: تهیه بالاست | D64: 3.0728152e+09 | E64: =D64/$Q$4 -> 0.0025660742 | F64: 14 | G64: 0.2 | H64: 0.00051321484 | I64: 6.1456305e+08 | J64: 0.3333 | K64: =J64*E64 -> 0.00085527254 | L64: =K64*$Q$4 -> 1.0241693e+09 | P64: =O64*E64 -> 0 | Q64: =P64*$Q$4 -> 0
A65: 58 | B65: 1.6.2.2.4 | C65: حمل بالاست | D65: 1.1694115e+09 | E65: =D65/$Q$4 -> 0.00097656266 | F65: 14 | G65: 0 | H65: 0 | I65: 0 | J65: 0.3333 | K65: =J65*E65 -> 0.00032548833 | L65: =K65*$Q$4 -> 3.8976484e+08 | P65: =O65*E65 -> 0 | Q65: =P65*$Q$4 -> 0
A66: 59 | B66: 1.6.2.2.7 | C66: بالاست ريزي مرحله اول | D66: 4.4785971e+08 | E66: =D66/$Q$4 -> 0.00037400272 | F66: 23 | G66: 0 | H66: 0 | I66: 0 | J66: 1 | K66: =J66*E66 -> 0.00037400272 | L66: =K66*$Q$4 -> 4.4785971e+08 | P66: =O66*E66 -> 0 | Q66: =P66*$Q$4 -> 0
A67: 60 | B67: 1.6.2.2.8 | C67: حمل سوزن از محل دپو تا نصب | D67: 5.4738409e+08 | E67: =D67/$Q$4 -> 0.00045711444 | F67: 23 | G67: 0 | H67: 0 | I67: 0 | J67: 0 | K67: =J67*E67 -> 0 | L67: =K67*$Q$4 -> 0 | P67: =O67*E67 -> 0 | Q67: =P67*$Q$4 -> 0
A68: 61 | B68: 1.6.2.2.9 | C68: حمل كوپلاژ يا حمل ريلي ریل، تراورس و ادوات | D68: 6.3446793e+08 | E68: =D68/$Q$4 -> 0.00052983719 | F68: 23 | G68: 0 | H68: 0 | I68: 0 | J68: 0 | K68: =J68*E68 -> 0 | L68: =K68*$Q$4 -> 0 | P68: =O68*E68 -> 0 | Q68: =P68*$Q$4 -> 0
A69: 62 | B69: 1.6.2.2.12 | C69: نصب كوپلاژ | D69: 2.9857314e+08 | E69: =D69/$Q$4 -> 0.00024933515 | F69: 23 | G69: 0 | H69: 0 | I69: 0 | J69: 0 | K69: =J69*E69 -> 0 | L69: =K69*$Q$4 -> 0 | P69: =O69*E69 -> 0 | Q69: =P69*$Q$4 -> 0
A70: 63 | B70: 1.6.2.2.13 | C70: مونتاژ و نصب سوزن | D70: 2.8613259e+09 | E70: =D70/$Q$4 -> 0.0023894618 | F70: 23 | G70: 0 | H70: 0 | I70: 0 | J70: 0 | K70: =J70*E70 -> 0 | L70: =K70*$Q$4 -> 0 | P70: =O70*E70 -> 0 | Q70: =P70*$Q$4 -> 0
A71: 64 | B71: 1.6.2.2.14 | C71: خط آرایی | D71: 2.7369205e+08 | E71: =D71/$Q$4 -> 0.00022855722 | F71: 23 | G71: 0 | H71: 0 | I71: 0 | J71: 0 | K71: =J71*E71 -> 0 | L71: =K71*$Q$4 -> 0 | P71: =O71*E71 -> 0 | Q71: =P71*$Q$4 -> 0
A72: 65 | B72: 1.6.2.2.15 | C72: بالاست ریزی مرحله دوم | D72: 7.3399231e+08 | E72: =D72/$Q$4 -> 0.0006129489 | F72: 23 | G72: 0 | H72: 0 | I72: 0 | J72: 0 | K72: =J72*E72 -> 0 | L72: =K72*$Q$4 -> 0 | P72: =O72*E72 -> 0 | Q72: =P72*$Q$4 -> 0
A73: 66 | B73: 1.6.2.2.16 | C73: رگلاژ و رلواژ مرحله اول | D73: 7.3399231e+08 | E73: =D73/$Q$4 -> 0.0006129489 | F73: 23 | G73: 0 | H73: 0 | I73: 0 | J73: 0 | K73: =J73*E73 -> 0 | L73: =K73*$Q$4 -> 0 | P73: =O73*E73 -> 0 | Q73: =P73*$Q$4 -> 0
A74: 67 | B74: 1.6.2.2.17 | C74: بالاست ریزی مرحله سوم | D74: 4.976219e+08 | E74: =D74/$Q$4 -> 0.00041555858 | F74: 23 | G74: 0 | H74: 0 | I74: 0 | J74: 0 | K74: =J74*E74 -> 0 | L74: =K74*$Q$4 -> 0 | P74: =O74*E74 -> 0 | Q74: =P74*$Q$4 -> 0
... A77: 70 | B77: 1.6.2.2.20 | C77: عملیات تکمیلی و نصب علائم | D77: 2.7369205e+08 | E77: =D77/$Q$4 -> 0.00022855722 | F77: 23 | G77: 0 | H77: 0 | I77: 0 | J77: 0 | K77: =J77*E77 -> 0 | L77: =K77*$Q$4 -> 0 | P77: =O77*E77 -> 0 | Q77: =P77*$Q$4 -> 0
A78: 71 | B78: 1.6.3 | C78: بلوک هرند - خیرآباد | D78: =D79+D89+D101 -> 1.5694136e+11 | E78: =E79+E89+E101 -> 0.13106 | G78: 0.664779 | H78: 0.087125936 | I78: 1.0433132e+11 | K78: =K79+K89+K101 -> 0.093926781 | L78: =L79+L89+L101 -> 1.1247517e+11 | O78: =Q78/D78 -> 0 | P78: =P79+P89+P101 -> 0 | Q78: =Q79+Q89+Q101 -> 0
A79: 72 | B79: 1.6.3.1 | C79: زیر سازی | D79: =SUM(D80:D88) -> 5.8068302e+10 | E79: =SUM(E80:E88) -> 0.0484922 | G79: 0.9975 | H79: 0.04837097 | I79: 5.7923131e+10 | K79: =SUM(K80:K88) -> 0.0484922 | L79: =SUM(L80:L88) -> 5.8068302e+10 | O79: =Q79/D79 -> 0 | P79: =SUM(P80:P88) -> 0 | Q79: =SUM(Q80:Q88) -> 0
A80: 73 | B80: 1.6.3.1.1 | C80: برداشت خاک نباتی | D80: 2.9034151e+09 | E80: =D80/$Q$4 -> 0.00242461 | F80: 3 | G80: 1 | H80: 0.00242461 | I80: 2.9034151e+09 | J80: 1 | K80: =J80*E80 -> 0.00242461 | L80: =K80*$Q$4 -> 2.9034151e+09 | P80: =O80*E80 -> 0 | Q80: =P80*$Q$4 -> 0
A81: 74 | B81: 1.6.3.1.2 | C81: آب پاشی و کوبیدن بستر | D81: 5.8068302e+09 | E81: =D81/$Q$4 -> 0.00484922 | F81: 3 | G81: 1 | H81: 0.00484922 | I81: 5.8068302e+09 | J81: 1 | K81: =J81*E81 -> 0.00484922 | L81: =K81*$Q$4 -> 5.8068302e+09 | P81: =O81*E81 -> 0 | Q81: =P81*$Q$4 -> 0
A82: 75 | B82: 1.6.3.1.3 | C82: تهیه و اجرای خاکریز با90% کوبیدگی | D82: 5.8068302e+09 | E82: =D82/$Q$4 -> 0.00484922 | F82: 3 | G82: 1 | H82: 0.00484922 | I82: 5.8068302e+09 | J82: 1 | K82: =J82*E82 -> 0.00484922 | L82: =K82*$Q$4 -> 5.8068302e+09 | P82: =O82*E82 -> 0 | Q82: =P82*$Q$4 -> 0
A83: 76 | B83: 1.6.3.1.4 | C83: تهیه مصالح سابگرید با 95% کوبیدگی | D83: 1.161366e+10 | E83: =D83/$Q$4 -> 0.00969844 | F83: 14 | G83: 1 | H83: 0.00969844 | I83: 1.161366e+10 | J83: 1 | K83: =J83*E83 -> 0.00969844 | L83: =K83*$Q$4 -> 1.161366e+10 | P83: =O83*E83 -> 0 | Q83: =P83*$Q$4 -> 0
A84: 77 | B84: 1.6.3.1.5 | C84: اجرای سابگرید با 95% کوبیدگی | D84: 8.7102452e+09 | E84: =D84/$Q$4 -> 0.00727383 | F84: 3 | G84: 1 | H84: 0.00727383 | I84: 8.7102452e+09 | J84: 1 | K84: =J84*E84 -> 0.00727383 | L84: =K84*$Q$4 -> 8.7102452e+09 | P84: =O84*E84 -> 0 | Q84: =P84*$Q$4 -> 0
A85: 78 | B85: 1.6.3.1.6 | C85: تهیه سابگرید با 100% کوبیدگی | D85: 6.6778547e+09 | E85: =D85/$Q$4 -> 0.005576603 | F85: 14 | G85: 1 | H85: 0.005576603 | I85: 6.6778547e+09 | J85: 1 | K85: =J85*E85 -> 0.005576603 | L85: =K85*$Q$4 -> 6.6778547e+09 | P85: =O85*E85 -> 0 | Q85: =P85*$Q$4 -> 0
A86: 79 | B86: 1.6.3.1.7 | C86: اجرای سابگرید با 100% کوبیدگی | D86: 4.9358056e+09 | E86: =D86/$Q$4 -> 0.004121837 | F86: 3 | G86: 1 | H86: 0.004121837 | I86: 4.9358056e+09 | J86: 1 | K86: =J86*E86 -> 0.004121837 | L86: =K86*$Q$4 -> 4.9358056e+09 | P86: =O86*E86 -> 0 | Q86: =P86*$Q$4 -> 0
A87: 80 | B87: 1.6.3.1.8 | C87: تهیه و اجراي لايه هاي زیر بالاست | D87: 8.7102452e+09 | E87: =D87/$Q$4 -> 0.00727383 | F87: 14 | G87: 1 | H87: 0.00727383 | I87: 8.7102452e+09 | J87: 1 | K87: =J87*E87 -> 0.00727383 | L87: =K87*$Q$4 -> 8.7102452e+09 | P87: =O87*E87 -> 0 | Q87: =P87*$Q$4 -> 0
A88: 81 | B88: 1.6.3.1.10 | C88: حمل آب | D88: 2.9034151e+09 | E88: =D88/$Q$4 -> 0.00242461 | F88: 3 | G88: 0.95 | H88: 0.0023033795 | I88: 2.7582443e+09 | J88: 1 | K88: =J88*E88 -> 0.00242461 | L88: =K88*$Q$4 -> 2.9034151e+09 | P88: =O88*E88 -> 0 | Q88: =P88*$Q$4 -> 0
A89: 82 | B89: 1.6.3.2 | C89: عمليات ابنيه فني | D89: =SUM(D90:D99) -> 4.7082407e+10 | E89: =SUM(E90:E99) -> 0.039318 | G89: 0 | H89: 0.037336373 | I89: 4.4709453e+10 | K89: =SUM(K90:K99) -> 0.039318 | L89: =K89*$Q$4 -> 4.7082407e+10 | P89: =SUM(P90:P99) -> 0 | Q89: =P89*$Q$4 -> 0
A90: 83 | B90: 16.3.2.1 | C90: پي كني | D90: 1600801826 | E90: =D90/$Q$4 -> 0.001336812 | F90: 3 | G90: 1 | H90: 0.001336812 | I90: 1600801826 | J90: 1 | K90: =J90*E90 -> 0.001336812 | L90: =K90*$Q$4 -> 1600801826 | P90: =O90*E90 -> 0 | Q90: =O90*D90 -> 0
A91: 84 | B91: 16.3.2.2 | C91: قالب بندی | D91: 8474833196 | E91: =D91/$Q$4 -> 0.00707724 | F91: 8 | G91: 1 | H91: 0.00707724 | I91: 8474833196 | J91: 1 | K91: =J91*E91 -> 0.00707724 | L91: =K91*$Q$4 -> 8474833196 | P91: =O91*E91 -> 0 | Q91: =O91*D91 -> 0
A92: 85 | B92: 16.3.2.3 | C92: تهيه و نصب آرماتور | D92: 16949666392 | E92: =D92/$Q$4 -> 0.01415448 | F92: 9 | G92: 1 | H92: 0.01415448 | I92: 16949666392 | J92: 1 | K92: =J92*E92 -> 0.01415448 | L92: =K92*$Q$4 -> 16949666392 | P92: =O92*E92 -> 0 | Q92: =O92*D92 -> 0
A93: 86 | B93: 16.3.2.4 | C93: اجراي بتن | D93: 8474833196 | E93: =D93/$Q$4 -> 0.00707724 | F93: 12 و 13 | G93: 1 | H93: 0.00707724 | I93: 8474833196 | J93: 1 | K93: =J93*E93 -> 0.00707724 | L93: =K93*$Q$4 -> 8474833196 | P93: =O93*E93 -> 0 | Q93: =O93*D93 -> 0
A94: 87 | B94: 16.3.2.5 | C94: عايق كاري | D94: 470824066 | E94: =D94/$Q$4 -> 0.00039318 | F94: 16 | G94: 1 | H94: 0.00039318 | I94: 470824066 | J94: 1 | K94: =J94*E94 -> 0.00039318 | L94: =K94*$Q$4 -> 470824066 | P94: =O94*E94 -> 0 | Q94: =O94*D94 -> 0
A95: 88 | B95: 16.3.2.6 | C95: عمليات تكميلي (پر كردن پشت كوله ها و دستك ها و ...) | D95: 847483320 | E95: =D95/$Q$4 -> 0.000707724 | F95: 6 | G95: 1 | H95: 0.000707724 | I95: 847483320 | J95: 1 | K95: =J95*E95 -> 0.000707724 | L95: =K95*$Q$4 -> 847483320 | P95: =O95*E95 -> 0 | Q95: =O95*D95 -> 0
A96: 89 | B96: 16.3.2.7 | C96: ساخت و نصب نرده حفاظ پلها | D96: 2636614772 | E96: =D96/$Q$4 -> 0.002201808 | F96: 11 | G96: 0.1 | H96: 0.0002201808 | I96: 2.6366148e+08 | J96: 1 | K96: =J96*E96 -> 0.002201808 | L96: =K96*$Q$4 -> 2636614772 | P96: =O96*E96 -> 0 | Q96: =O96*D96 -> 0
A97: 90 | B97: 16.3.2.8 | C97: بسترسازي | D97: 3954922158 | E97: =D97/$Q$4 -> 0.003302712 | F97: 3 | G97: 1 | H97: 0.003302712 | I97: 3954922158 | J97: 1 | K97: =J97*E97 -> 0.003302712 | L97: =K97*$Q$4 -> 3954922158 | P97: =O97*E97 -> 0 | Q97: =O97*D97 -> 0
A98: 91 | B98: 16.3.2.9 | C98: حمل سيمان و آرماتور | D98: 1318307386 | E98: =D98/$Q$4 -> 0.001100904 | F98: 20 | G98: 1 | H98: 0.001100904 | I98: 1318307386 | J98: 1 | K98: =J98*E98 -> 0.001100904 | L98: =K98*$Q$4 -> 1318307386 | P98: =O98*E98 -> 0 | Q98: =O98*D98 -> 0
A99: 92 | B99: 16.3.2.10 | C99: حمل آب | D99: 2.3541203e+09 | E99: =D99/$Q$4 -> 0.0019659 | F99: 3 | G99: 1 | H99: 0.0019659 | I99: 2.3541203e+09 | J99: 1 | K99: =J99*E99 -> 0.0019659 | L99: =K99*$Q$4 -> 2.3541203e+09 | P99: =O99*E99 -> 0 | Q99: =O99*D99 -> 0
A100: 93 | B100: 16.3.2.11 | C100: ترمیم قرنیز آبروها و پلهای موجود | G100: 0 | H100: 0 | I100: 0 | K100: =J100*E100 -> 0 | L100: =K100*$Q$4 -> 0 | P100: =O100*E100 -> 0 | Q100: =O100*D100 -> 0
A101: 94 | B101: 1.6.3.3 | C101: عمليات روسازي و نصب ریل | D101: =SUM(D102:D119) -> 5.1790647e+10 | E101: =SUM(E102:E119) -> 0.0432498 | G101: 0.0328 | H101: 0.0014185934 | I101: 1.6987332e+09 | K101: =SUM(K102:K119) -> 0.0061165813 | L101: =SUM(L102:L119) -> 7.3244664e+09 | O101: =Q101/D101 -> 0 | P101: =SUM(P102:P119) -> 0 | Q101: =SUM(Q102:Q119) -> 0
A102: 95 | B102: 1.6.3.3.1 | C102: نقشه برداری خط (میخ کوبی) | D102: 5.1790647e+08 | E102: =D102/$Q$4 -> 0.000432498 | F102: 21 | G102: 0.01 | H102: 4.32498e-06 | I102: 5179064.7 | J102: 1 | K102: =J102*E102 -> 0.000432498 | L102: =K102*$Q$4 -> 5.1790647e+08 | P102: =O102*E102 -> 0 | Q102: =P102*$Q$4 -> 0
...

Sheet اختتامیه
D1: کارفرما: | E1: راه‏آهن جمهوری اسلامی ایران | O1: عنوان قرارداد: | Q1: طراحی، تأمین و اجرای دو خطه کردن راه‏آهن (زیرسازی، پل‏سازی، روسازی) محور مشك-سيستان
D2: مشاور طرح: | E2: مهندسین مشاور صحن بوستان
D3: مشارکت: | E3: مشاركت تكنيك-پل‏رود-کنکاوان معدن شیراز | O3: شماره و تاریخ ابلاغ قرارداد: | Q3: 400/66891/ی مورخ 93/11/20
D4: صورت‏وضعیت شماره: | E4: قطعی | O4: مبلغ قرارداد (ریال): | Q4: ='خلاصه مالي صورت وضعیت'!H4:H5 -> 1197477151532
D5: تاریخ صورت‏وضعیت: | E5: ='خلاصه مالي صورت وضعیت'!E5 -> 1399/06/02
A6: ردیف | B6: W.B.S | C6: عنوان فعالیت | D6: هزینه کامل (ريال) | E6: وزن کامل (%) | F6: فصل مرتبط از فهرست بها | G6: تایید شده کارکرد قبلی (ص.و15) | J6: پیمانکار-قطعی | M6: توضیحات پیمانکار | O6: مشاور کارفرما | R6: توضیحات مشاور | T6: مدارك پشتيبان
D7: بر اساس ساختار شکست مصوب طی نامه شماره مورخ | G7: درصد پیشرفت از سرفصل (کل) | H7: درصد پیشرفت وزنی | I7: مبلغ (ریال) | J7: درصد پیشرفت از سرفصل (کل) | K7: درصد پیشرفت وزنی | L7: مبلغ (ریال) | O7: درصد پیشرفت از صد (کل) | P7: درصد پیشرفت وزنی | Q7: مبلغ (ریال)
A8: 1 | B8: 1.7 | C8: اختتاميه پروژه | D8: =SUM(D9:D11) -> 1.4369726e+10 | E8: =SUM(E9:E11) -> 0.012 | G8: 0 | H8: 0 | I8: 0 | J8: =L8/D8 -> 1 | K8: =J8*E8 -> 0.012 | L8: =L9+L10+L11 -> 1.4369726e+10 | O8: =Q8/D8 -> 0 | P8: =SUM(P9:P11) -> 0 | Q8: =SUM(Q9:Q11) -> 0
A9: 2 | B9: 1.7.1 | C9: تحويل موقت كل پروژه | D9: =E9*$Q$4 -> 5.9873858e+09 | E9: 0.005 | G9: 0 | H9: 0 | I9: 0 | J9: 1 | K9: =J9*E9 -> 0.005 | L9: =K9*$Q$4 -> 5.9873858e+09 | P9: =O9*E9 -> 0 | Q9: =O9*D9 -> 0
A10: 3 | B10: 1.7.2 | C10: برچيدن كارگاه | D10: =E10*$Q$4 -> 3.5924315e+09 | E10: 0.003 | G10: 0 | H10: 0 | I10: 0 | J10: 1 | K10: =J10*E10 -> 0.003 | L10: =K10*$Q$4 -> 3.5924315e+09 | P10: =O10*E10 -> 0 | Q10: =O10*D10 -> 0
A11: 4 | B11: 1.7.3 | C11: بيمه مهندسي سازه‌هاي تكميل شده | D11: =E11*$Q$4 -> 4.7899086e+09 | E11: 0.004 | G11: 0 | H11: 0 | I11: 0 | J11: 1 | K11: =J11*E11 -> 0.004 | L11: =K11*$Q$4 -> 4.7899086e+09 | P11: =O11*E11 -> 0 | Q11: =O11*D11 -> 0

Sheet CBS
C1: طرح رفع گلوگاه‌های ظرفیتی در امور زیربنایی راه‏آهن ج.ا.ا پروژه طراحی، تامین و اجرای دو خطه کردن راه‏آهن محور مشك-سيستان کاربرگ تعریف فعالیت‏ها و ساختار شکست هزینه‏ها
D3: راه‌آهن ج.ا.ا
A4: ویرایش سوم | D4: تاريخ: خرداد ماه 1395
A5: ردیف | B5: W.B.S | C5: عنوان فعالیت | D5: وزن کامل (%) | E5: ارزش ريالي قراردادي CBS پيشنهادي پيمانكار | F5: رقم قرارداد
A6: 1 | B6: 1 | C6: پروژه دو خطه کردن راه‏آهن محور مشك-سيستان (EPC) | D6: =D7+D8+D9+D49+D102+D118+D330 -> 1 | E6: =E9+E49+E102+E118+E330 -> 1.1974772e+12 | F6: 1197477151532 | G6: =F6-E6 -> 0
A7: 2 | B7: 1.1 | C7: آغاز | D7: 0 | E7: =1197477151532*D7 -> 0
A8: 3 | B8: 1.2 | C8: تحويل زمين | D8: 0 | E8: =1197477151532*D8 -> 0
A9: 4 | B9: 1.3 | C9: فعالیت‌های مقدماتی، برنامه‏ریزی و تجهيز كارگاه | D9: =D10+D20+D26+D38 -> 0.051 | E9: =$F$6*D9 -> 6.1071335e+10
A10: 5 | B10: 1.3.1 | C10: سازماندهي و برنامه‏ریزی پروژه | D10: =SUM(D11:D19) -> 0.005 | E10: =$F$6*D10 -> 5987385758
A11: 6 | B11: 1.3.1.1 | C11: انتصاب و معرفي نماينده مشاركت (مدير پروژه) | D11: 0 | E11: =$F$6*D11 -> 0
A12: 7 | B12: 1.3.1.2 | C12: تشكيل دفتر و سازمان كليدي پروژه | D12: 0.00035 | E12: =$F$6*D12 -> 4.19117e+08
A13: 8 | B13: 1.3.1.3 | C13: تهيه و اعلام چارت سازماني، شرح وظايف و حدود اختيارات و مسئوليت‌ها و شرايط احراز تيم پروژه | D13: 0.00075 | E13: =$F$6*D13 -> 8.9810786e+08
A14: 9 | B14: 1.3.1.4 | C14: تشكيل و تعريف نظام مديريت پروژه، تهيه و ارسال ويرايش اول برنامه زمان‌بندي و ساختار شكست هزينه و ساير مدارك مرتبط برنامه‌ريزي | D14: 0.0013 | E14: =$F$6*D14 -> 1.5567203e+09
A15: 10 | B15: 1.3.1.5 | C15: برنامه‌ريزي و تعين مشخصات و فهرست كامل اقدامات تجهيز كارگاه به همراه نقشه جانمايي | D15: 0.0005 | E15: =$F$6*D15 -> 5.9873858e+08
A16: 11 | B16: 1.3.1.6 | C16: تهيه و ارسال گردش فعاليت‌ها و روابط بين مشاركت، مشاور و كارفرما (Coordination Procedure) | D16: 0.0003 | E16: =$F$6*D16 -> 3.5924315e+08
A17: 12 | B17: 1.3.1.7 | C17: تهيه و ارسال روش‌هاي اجرايي و دستورالعمل‌هاي كاري شامل: QA ،QC،HSE و 5S و .... | D17: 0.0015 | E17: =$F$6*D17 -> 1.7962157e+09
A18: 13 | B18: 1.3.1.8 | C18: تهيه و ارسال ليست كامل مدارك پيمانكار | D18: 0.0003 | E18: =$F$6*D18 -> 3.5924315e+08
A19: 14 | B19: 1.3.1.9 | C19: پايان سازمان‌دهي و برنامه‌ريزي مقدماتي پروژه | D19: 0 | E19: =$F$6*D19 -> 0
A20: 15 | B20: 1.3.2 | C20: بيمه‌نامه‌ها | D20: =SUM(D21:D25) -> 0.006 | E20: =$F$6*D20 -> 7.1848629e+09
A21: 16 | B21: 1.3.2.1 | C21: ارائه بيمه تمام خطر پيمانكاري و اخذ تاييد مشاور | D21: 0.0009 | E21: =$F$6*D21 -> 1.0777294e+09 | F21: 0.001
A22: 17 | B22: 1.3.2.2 | C22: ارائه بيمه مسئوليت و اخذ تاييد مشاور | D22: 0.0009 | E22: =$F$6*D22 -> 1.0777294e+09 | F22: 0.001
A23: 18 | B23: 1.3.2.3 | C23: تاييد بيمه‌هاي تمام خطر و مسئوليت توسط كارفرما | D23: 0.0009 | E23: =$F$6*D23 -> 1.0777294e+09 | F23: 0.001
A24: 19 | B24: 1.3.2.4 | C24: پيگيري تا صدور بيمه‌نامه‌هاي فوق | D24: 0.002 | E24: =$F$6*D24 -> 2.3949543e+09 | F24: 0.003
A25: 20 | B25: 1.3.2.5 | C25: بيمه تجهيز كارگاه | D25: 0.0013 | E25: =$F$6*D25 -> 1.5567203e+09 | F25: 0.0017
A26: 21 | B26: 1.3.3 | C26: تجهیز اوليه کارگاه | D26: =SUM(D27:D37) -> 0.017 | E26: =$F$6*D26 -> 20357111576
A27: 22 | B27: 1.3.3.1 | C27: آغاز عمليات تجهيز كارگاه | D27: 0 | E27: =$F$6*D27 -> 0 | F27: 0
A28: 23 | B28: 1.3.3.2 | C28: تامين و تجهيز كامل محل سكونت عوامل پيمانكار، مشاور و كارفرما | D28: 0.004 | E28: =$F$6*D28 -> 4.7899086e+09 | F28: 0.00255
A29: 24 | B29: 1.3.3.3 | C29: محوطه‌سازي و تامين راه‌هاي دسترسي، سرويس و ارتباطي | D29: 0.001 | E29: =$F$6*D29 -> 1.1974772e+09 | F29: 0.00102
A30: 25 | B30: 1.3.3.4 | C30: تامين و تجهيز ساختمان‌هاي موقت اداري و دفاتر كار عوامل پيمانكار، مشاور و كارفرما و تجهيز آنها | D30: 0.0035 | E30: =$F$6*D30 -> 4.19117e+09 | F30: 0.00255
A31: 26 | B31: 1.3.3.5 | C31: تامين آب، برق، سيستم مخابراتي، اينترنت و سوخت كارگاه | D31: 0.0015 | E31: =$F$6*D31 -> 1.7962157e+09 | F31: 0.0017
A32: 27 | B32: 1.3.3.6 | C32: اقدامات ايجاد و تامين و تجهيز ساختمان‌هاي پشتيباني، انبار و تعميرگاه | D32: 0.0015 | E32: =$F$6*D32 -> 1.7962157e+09 | F32: 0.00153
A33: 28 | B33: 1.3.3.7 | C33: تامين و تجهيز آزمايشگاه | D33: 0.0005 | E33: =$F$6*D33 -> 5.9873858e+08 | F33: 0.00051
A34: 29 | B34: 1.3.3.8 | C34: محوطه‌سازي كارگاه عمومي و كارگاه روسازي | D34: 0.0005 | E34: =$F$6*D34 -> 5.9873858e+08 | F34: 0.0017
A35: 30 | B35: 1.3.3.9 | C35: اقدامات اجرايي براي تامين و نصب ماشين‌الات و تجهيزات و راه‌اندازي آنها | D35: 0.004 | E35: =$F$6*D35 -> 4.7899086e+09 | F35: 0.00255
A36: 31 | B36: 1.3.3.10 | C36: اقدامات اوليه براي بهداشت، ايمني و حفاظت كار و محيط زيست | D36: 0.0005 | E36: =$F$6*D36 -> 5.9873858e+08 | F36: 0.00119
A37: 32 | B37: 1.3.3.11 | C37: پايان تجهيز اوليه كارگاه | D37: 0 | E37: =$F$6*D37 -> 0 | F37: 0
A38: 33 | B38: 1.3.4 | C38: تجهيز مستمر كارگاه | D38: =SUM(D39:D48) -> 0.023 | E38: =$F$6*D38 -> 27541974485
A39: 34 | B39: 1.3.4.1 | C39: تداوم تامين و نگهداري اقامتگاه عوامل پيمانكار، مشاور و كارفرما | D39: 0.00115 | E39: =$F$6*D39 -> 1.3770987e+09
A40: 35 | B40: 1.3.4.2 | C40: تامين و سرو خوراك عوامل پيمانكار، مشاور و كارفرما | D40: 0.0069 | E40: =$F$6*D40 -> 8.2625923e+09
A41: 36 | B41: 1.3.4.3 | C41: برقراري سرويس اياب و ذهاب كارگاه | D41: 0.00575 | E41: =$F$6*D41 -> 6.8854936e+09
A42: 37 | B42: 1.3.4.4 | C42: بكاربستن مفاد نظام ايمني و حفاظت كار | D42: 0.0023 | E42: =$F$6*D42 -> 2.7541974e+09
A43: 38 | B43: 1.3.4.5 | C43: بكاربستن مفاد نظام بهداشت و حفظ محيط زيست | D43: 0.0023 | E43: =$F$6*D43 -> 2.7541974e+09
A44: 39 | B44: 1.3.4.6 | C44: تداوم بهره‌مندي كارگاه از آب، برق، گاز، سوخت، تلفن و اينترنت | D44: 0.00345 | E44: =$F$6*D44 -> 4.1312962e+09
A45: 40 | B45: 1.3.4.7 | C45: رعايت نظم و انضباط در محوطه و محيط‌هاي اداري، كارگاهي و كارگري در انطباق با 5S | D45: 0.00023 | E45: =$F$6*D45 -> 2.7541974e+08
A46: 41 | B46: 1.3.4.8 | C46: تداوم فعاليت‌هاي نت از طريق سنجش ميزان آماده بكار بودن ماشين‌آلات و تجهيزات | D46: 0.00046 | E46: =$F$6*D46 -> 5.5083949e+08
A47: 42 | B47: 1.3.4.9 | C47: تداوم فعاليت‌هاي انبارداري و مديريت و حفاظت اقلام | D47: 0.00023 | E47: =$F$6*D47 -> 2.7541974e+08
A48: 43 | B48: 1.3.4.10 | C48: تداوم حفظ و نگهداري دفاتر، محيط‌هاي اداري و پشتيباني در سطح استاندارد نور و تهويه و... | D48: 0.00023 | E48: =$F$6*D48 -> 2.7541974e+08
A49: 44 | B49: 1.4 | C49: خدمات طراحي و مهندسی | D49: =D50+D94 -> 0.05 | E49: =$F$6*D49 -> 5.9873858e+10
A50: 45 | B50: 1.4.1 | C50: خدمات طراحي و مهندسی پيش از اجرا | D50: =SUM(D51:D57,D63,D69:D75,D81,D87:D93) -> 0.0175 | E50: =$F$6*D50 -> 2.095585e+10
A51: 46 | B51: 1.4.1.1 | C51: آغاز مطالعات مهندسي و طراحي | D51: 0 | E51: =$F$6*D51 -> 0
A52: 47 | B52: 1.4.1.2 | C52: نقشه‌هاي توپوگرافی براساس برداشت مستقیم زمینی (1:2000 و1:500) | D52: 0.0035 | E52: =$F$6*D52 -> 4.19117e+09
A53: 48 | B53: 1.4.1.3 | C53: مطالعات اولیه شناخت و تحلیل وضع موجود | D53: 0.0007 | E53: =$F$6*D53 -> 8.3823401e+08
A54: 49 | B54: 1.4.1.4 | C54: مطالعات طراحي رعايت سرعت طرح در طول محور و برآورد مقايسه‌اي مسير حركت در حريم | D54: 0.001 | E54: =$F$6*D54 -> 1.1974772e+09
A55: 50 | B55: 1.4.1.5 | C55: مطالعات اولیه ژئوتکنیک و برداشت وضع موجود | D55: 0.00035 | E55: =$F$6*D55 -> 4.19117e+08
A56: 51 | B56: 1.4.1.6 | C56: گزارش مطالعات تکمیلی ژئوتکنیک (صحرایی و آزمایشگاهی) | D56: 0.00035 | E56: =$F$6*D56 -> 4.19117e+08
A57: 52 | B57: 1.4.1.7 | C57: گزارش طراحی روسازی | D57: =SUM(D58:D62) -> 0.001 | E57: =$F$6*D57 -> 1.1974772e+09
A58: 53 | B58: 1.4.1.7.1 | C58: بالاست | D58: 0.0002 | E58: =$F$6*D58 -> 2.3949543e+08
A59: 54 | B59: 1.4.1.7.2 | C59: تراورس | D59: 0.0002 | E59: =$F$6*D59 -> 2.3949543e+08
A60: 55 | B60: 1.4.1.7.3 | C60: پابند | D60: 0.0002 | E60: =$F$6*D60 -> 2.3949543e+08
A61: 56 | B61: 1.4.1.7.4 | C61: ریل | D61: 0.0002 | E61: =$F$6*D61 -> 2.3949543e+08
A62: 57 | B62: 1.4.1.7.5 | C62: سوزن | D62: 0.0002 | E62: =$F$6*D62 -> 2.3949543e+08
A63: 58 | B63: 1.4.1.8 | C63: نقشه‏های اجرایی روسازی | D63: =SUM(D64:D68) -> 0.001 | E63: =$F$6*D63 -> 1.1974772e+09
A64: 59 | B64: 1.4.1.8.1 | C64: بالاست | D64: 0.0002 | E64: =$F$6*D64 -> 2.3949543e+08
A65: 60 | B65: 1.4.1.8.2 | C65: تراورس | D65: 0.0002 | E65: =$F$6*D65 -> 2.3949543e+08
A66: 61 | B66: 1.4.1.8.3 | C66: پابند | D66: 0.0002 | E66: =$F$6*D66 -> 2.3949543e+08
A67: 62 | B67: 1.4.1.8.4 | C67: ریل | D67: 0.0002 | E67: =$F$6*D67 -> 2.3949543e+08
A68: 63 | B68: 1.4.1.8.5 | C68: سوزن | D68: 0.0002 | E68: =$F$6*D68 -> 2.3949543e+08
A69: 64 | B69: 1.4.1.9 | C69: گزارش روش اجرای روسازی (خطوط و سوز‌ن‌ها) | D69: 0.001 | E69: =$F$6*D69 -> 1.1974772e+09
A70: 65 | B70: 1.4.1.10 | C70: گزارش طرح هندسی مسیر | D70: 0.0005 | E70: =$F$6*D70 -> 5.9873858e+08
A71: 66 | B71: 1.4.1.11 | C71: نقشه‏های پلان طرح هندسی مسیر | D71: 0.0002 | E71: =$F$6*D71 -> 2.3949543e+08
A72: 67 | B72: 1.4.1.12 | C72: نقشه‏های پروفیل طولی | D72: 0.0002 | E72: =$F$6*D72 -> 2.3949543e+08
A73: 68 | B73: 1.4.1.13 | C73: نقشه‏های مقاطع عرضی | D73: 0.001 | E73: =$F$6*D73 -> 1.1974772e+09
A74: 69 | B74: 1.4.1.14 | C74: ارائه احجام عملیات خاکی براساس میخکوبی | D74: 0.0003 | E74: =$F$6*D74 -> 3.5924315e+08
A75: 70 | B75: 1.4.1.15 | C75: گزارش محاسباتی پل‌های مسیر | D75: =SUM(D76:D80) -> 0.001 | E75: =$F$6*D75 -> 1.1974772e+09
A76: 71 | B76: 1.4.1.15.1 | C76: پلهای با دهانه 1 متر | D76: 0.0002 | E76: =$F$6*D76 -> 2.3949543e+08
A77: 72 | B77: 1.4.1.15.2 | C77: پلهای با دهانه 2 متر | D77: 0.0002 | E77: =$F$6*D77 -> 2.3949543e+08
A78: 73 | B78: 1.4.1.15.3 | C78: پلهای با دهانه 3 متر | D78: 0.0002 | E78: =$F$6*D78 -> 2.3949543e+08
A79: 74 | B79: 1.4.1.15.4 | C79: پلهای با دهانه بیش از 3 متر | D79: 0.0002 | E79: =$F$6*D79 -> 2.3949543e+08
A80: 75 | B80: 1.4.1.15.5 | C80: قطعات پیش ساخته دیوار برگشتی | D80: 0.0002 | E80: =$F$6*D80 -> 2.3949543e+08
A81: 76 | B81: 1.4.1.16 | C81: نقشه‌های اجرایی پل‌های مسیر | D81: =SUM(D82:D86) -> 0.0025 | E81: =$F$6*D81 -> 2.9936929e+09
A82: 77 | B82: 1.4.1.16.1 | C82: پلهای با دهانه 1 متر | D82: 0.0005 | E82: =$F$6*D82 -> 5.9873858e+08
A83: 78 | B83: 1.4.1.16.2 | C83: پلهای با دهانه 2 متر | D83: 0.0005 | E83: =$F$6*D83 -> 5.9873858e+08
A84: 79 | B84: 1.4.1.16.3 | C84: پلهای با دهانه 3 متر | D84: 0.0005 | E84: =$F$6*D84 -> 5.9873858e+08
A85: 80 | B85: 1.4.1.16.4 | C85: پلهای با دهانه بیش از 3 متر | D85: 0.0005 | E85: =$F$6*D85 -> 5.9873858e+08
A86: 81 | B86: 1.4.1.16.5 | C86: نقشه‏های قطعات پیش ساخته دیوار برگشتی | D86: 0.0005 | E86: =$F$6*D86 -> 5.9873858e+08
A87: 82 | B87: 1.4.1.17 | C87: نقشه‏های تیپ مقاطع عرضی | D87: 0.001 | E87: =$F$6*D87 -> 1.1974772e+09
A88: 83 | B88: 1.4.1.18 | C88: گزارش زیرسازی مسیر | D88: 0.00035 | E88: =$F$6*D88 -> 4.19117e+08
A89: 84 | B89: 1.4.1.19 | C89: نقشه‏های تیپ زیرسازی | D89: 0.00035 | E89: =$F$6*D89 -> 4.19117e+08
A90: 85 | B90: 1.4.1.20 | C90: گزارش زمین شناسی مسیر | D90: 0.00035 | E90: =$F$6*D90 -> 4.19117e+08
A91: 86 | B91: 1.4.1.21 | C91: پلان هیدرولوژی حوضه‏های آبریز مسیر | D91: 0.0005 | E91: =$F$6*D91 -> 5.9873858e+08
A92: 87 | B92: 1.4.1.22 | C92: گزارش هیدرولوژی مسیر | D92: 0.00035 | E92: =$F$6*D92 -> 4.19117e+08
A93: 88 | B93: 1.4.1.23 | C93: پايان خدمات طراحي و مهندسي پيش از اجرا | D93: 0 | E93: =$F$6*D93 -> 0
A94: 89 | B94: 1.4.2 | C94: خدمات مهندسی حین اجرا | D94: =SUM(D95:D101) -> 0.0325 | E94: =$F$6*D94 -> 3.8918007e+10
A95: 90 | B95: 1.4.2.1 | C95: استقرار عوامل نظارت كيفي كارگاه در انطباق با بند 2-3 پيوست شماره 1 قرارداد | D95: 0.0114 | E95: =$F$6*D95 -> 1.365124e+10
A96: 91 | B96: 1.4.2.2 | C96: انجام آزمايشات مورد لزوم حين اجرا و ارائه نتايج و گزارشات تحليلي | D96: 0.0075 | E96: =$F$6*D96 -> 8.9810786e+09
A97: 92 | B97: 1.4.2.3 | C97: كاليبراسيون ادواري تجهيزات پايش و اندازه‌‏گيري | D97: 0.00065 | E97: =$F$6*D97 -> 7.7836015e+08
A98: 93 | B98: 1.4.2.4 | C98: تهيه دستورالعمل‌ها و نقشه‌هاي فني كارگاهي | D98: 0.0029 | E98: =$F$6*D98 -> 3.4726837e+09
A99: 94 | B99: 1.4.2.5 | C99: انجام تعهدات برنامه‌ريزي و مديريت محدوده، زمان و هزينه براساس نظام مديريت پروژه، ارائه گزارشات عملكرد پروژه، برپايي و شركت در جلسات كنترل پروژه و پيگيري مصوبات جلسه | D99: 0.0065 | E99: =$F$6*D99 -> 7.7836015e+09
A100: 95 | B100: 1.4.2.6 | C100: تهيه نقشه‏هاي چون ساخت | D100: 0.0029 | E100: =$F$6*D100 -> 3.4726837e+09
A101: 96 | B101: 1.4.2.7 | C101: تهيه كتابچه‌هاي بهره‌برداري، نگهداري و تعميرات | D101: 0.00065 | E101: =$F$6*D101 -> 7.7836015e+08
...
