Workbook

Sheet summary
E1: پروژه رفع گلوگاه هاي ظرفيتي در امور زيربنايي راه آهن ج.ا.ا
A8: « جدول خلاصه صورت وضعيت ها »
A10: شماره صورت وضعيت | D10: دوره کارکرد | G10: تجمعی صورت وضعیت شده پيمانکار (ریال) | K10: تجمعی تایید شده توسط مشاور(ریال) | O10: تجمعی تایید شده توسط کارفرما (ریال)
A11: ارسالي | B11: تاييد شده

Sheet summary-2
A7: « خلاصه کارکرد صورت وضعیت موقت شماره 16 به تفکیک فصول مرتبط »
A9: کارفرما: | D9: شرکت راه آهن ج.ا.ا | H9: مشاور: | K9: مهندسین مشاور صحن بوستان | O9: پيمانکار: | R9: مشارکت تكنيك پل رود كنكاوان معدن شيراز
A10: عنوان قرارداد: | D10: پروژه احداث خط دوم راه آهن محور مشك - سيستان به روش EPC غيرصنعتي | H10: شماره قرارداد: | K10: 400/66891/ي | O10: تاریخ قرارداد: | R10: 1393/11/20
A11: فهرست بهای رشته: | D11: راه، راه آهن و باند فرودگاه | H11: صورت وضعیت از تاريخ: | K11: 1396/12/11 | O11: تا تاريخ: | R11: ='خلاصه مالي صورت وضعیت'!E5 -> 1403/06/10
A13: فصل | B13: شرح فصل | G13: مبلغ کارکرد (ريال) | P13: کارکرد | S13: ملاحظات
G14: تا دوره قبل | J14: اين دوره | M14: تجمعي تاکنون
A15: مهندسي | B15: خدمات مهندسي و طراحي | G15: 5.2156117e+10 | J15: =IF(M15=0,0,M15-G15) -> 3.4666964e+09 | M15: ='خلاصه مالي صورت وضعیت'!$F$14 -> 5.5622814e+10 | P15: درخواست پیمانکار
G16: 3.8974588e+10 | J16: =IF(M16=0,0,M16-G16) -> -4.741291e+09 | M16: ='خلاصه مالي صورت وضعیت'!$G$14 -> 3.4233297e+10 | P16: تأیید مشاور
J17: =IF(M17=0,0,M17-G17) -> 0 | P17: تأیید کارفرما
A18: بيمه | B18: بيمه نامه ها و بيمه مهندسي سازه‌هاي تكميل شده | G18: 7.1848629e+09 | J18: =IF(M18=0,0,M18-G18) -> 0 | M18: ='خلاصه مالي صورت وضعیت'!$F$11++'خلاصه مالي صورت وضعیت'!F33 -> 7.1848629e+09 | P18: درخواست پیمانکار
G19: 5295842703 | J19: =IF(M19=0,0,M19-G19) -> 0 | M19: ='خلاصه مالي صورت وضعیت'!$G$11+'خلاصه مالي صورت وضعیت'!G33 -> 5295842703 | P19: تأیید مشاور
J20: =IF(M20=0,0,M20-G20) -> 0 | P20: تأیید کارفرما
A21: - | B21: تجهیز و برچیدن کارگاه | G21: 4.5144889e+10 | J21: =IF(M21=0,0,M21-G21) -> 2.7541974e+09 | M21: ='خلاصه مالي صورت وضعیت'!F12+'خلاصه مالي صورت وضعیت'!F13+'خلاصه مالي صورت وضعیت'!F32 -> 4.7899086e+10 | P21: درخواست پیمانکار
G22: 3.4458004e+10 | J22: =IF(M22=0,0,M22-G22) -> -5.0790993e+09 | M22: ='خلاصه مالي صورت وضعیت'!G12+'خلاصه مالي صورت وضعیت'!G13+'خلاصه مالي صورت وضعیت'!G32 -> 2.9378904e+10 | P22: تأیید مشاور
J23: =IF(M23=0,0,M23-G23) -> 0 | P23: تأیید کارفرما
A24: - | B24: تحويل موقت | G24: 0 | M24: ='خلاصه مالي صورت وضعیت'!F31 -> 0 | P24: درخواست پیمانکار
G25: 0 | M25: ='خلاصه مالي صورت وضعیت'!G31 -> 0 | P25: تأیید مشاور
P26: تأیید کارفرما
A27: - | B27: مقدمات لازم جهت فعاليتهاي اجرايي | G27: 5.9802009e+09 | J27: =IF(M27=0,0,M27-G27) -> 0 | M27: ='خلاصه مالي صورت وضعیت'!F10 -> 5.9802009e+09 | P27: درخواست پیمانکار
G28: 5.8796128e+09 | J28: =IF(M28=0,0,M28-G28) -> 1.0777294e+08 | M28: ='خلاصه مالي صورت وضعیت'!G10 -> 5987385758 | P28: تأیید مشاور
P29: تأیید کارفرما
A30: 1 | B30: عملیات تخریب | G30: 0 | J30: =IF(M30=0,0,M30-G30) -> 0 | M30: =SUMIF('خدمات اجرایی '!F:F,'summary-2'!A30,'خدمات اجرایی '!I:I) -> 0 | P30: درخواست پیمانکار
G31: 0 | J31: =IF(M31=0,0,M31-G31) -> 0 | M31: =SUMIF('خدمات اجرایی '!F:F,'summary-2'!A30,'خدمات اجرایی '!L:L) -> 0 | P31: تأیید مشاور
J32: =IF(M32=0,0,M32-G32) -> 0 | P32: تأیید کارفرما
A33: 2 | B33: عملیات خاکی با دست | G33: 0 | J33: =IF(M33=0,0,M33-G33) -> 0 | M33: =SUMIF('خدمات اجرایی '!F:F,'summary-2'!A33,'خدمات اجرایی '!I:I) -> 0 | P33: درخواست پیمانکار
G34: 0 | J34: =IF(M34=0,0,M34-G34) -> 0 | M34: =SUMIF('خدمات اجرایی '!F:F,'summary-2'!A33,'خدمات اجرایی '!L:L) -> 0 | P34: تأیید مشاور
J35: =IF(M35=0,0,M35-G35) -> 0 | P35: تأیید کارفرما
A36: 3 | B36: عملیات خاکی با ماشین | G36: 1.4008374e+11 | J36: =IF(M36=0,0,M36-G36) -> 1.4517075e+08 | M36: =SUMIF('خدمات اجرایی '!F:F,'summary-2'!A36,'خدمات اجرایی '!I:I) -> 1.4022891e+11 | P36: درخواست پیمانکار
G37: 1.3997263e+11 | J37: =IF(M37=0,0,M37-G37) -> -4.8666903e+09 | M37: =SUMIF('خدمات اجرایی '!F:F,'summary-2'!A36,'خدمات اجرایی '!L:L) -> 1.3510594e+11 | P37: تأیید مشاور
J38: =IF(M38=0,0,M38-G38) -> 0 | P38: تأیید کارفرما
A39: 6 | B39: عملیات بنایی با سنگ | G39: 2.54245e+09 | J39: =IF(M39=0,0,M39-G39) -> 0 | M39: =SUMIF('خدمات اجرایی '!F:F,'summary-2'!A39,'خدمات اجرایی '!I:I) -> 2.54245e+09 | P39: درخواست پیمانکار
G40: 2.4831261e+09 | J40: =IF(M40=0,0,M40-G40) -> -3.5001061e+08 | M40: =SUMIF('خدمات اجرایی '!F:F,'summary-2'!A39,'خدمات اجرایی '!L:L) -> 2.1331155e+09 | P40: تأیید مشاور
J41: =IF(M41=0,0,M41-G41) -> 0 | P41: تأیید کارفرما
A42: 8 | B42: قالب بندی و چوب بست | G42: 25424499588 | J42: =IF(M42=0,0,M42-G42) -> 0 | M42: =SUMIF('خدمات اجرایی '!F:F,'summary-2'!A42,'خدمات اجرایی '!I:I) -> 25424499588 | P42: درخواست پیمانکار
G43: 2.5255003e+10 | J43: =IF(M43=0,0,M43-G43) -> -3.9238478e+09 | M43: =SUMIF('خدمات اجرایی '!F:F,'summary-2'!A42,'خدمات اجرایی '!L:L) -> 2.1331155e+10 | P43: تأیید مشاور
J44: =IF(M44=0,0,M44-G44) -> 0 | P44: تأیید کارفرما
A45: 9 | B45: کارهای فولادی با میلگرد | G45: 50848999176 | J45: =IF(M45=0,0,M45-G45) -> 0 | M45: =SUMIF('خدمات اجرایی '!F:F,'summary-2'!A45,'خدمات اجرایی '!I:I) -> 50848999176 | P45: درخواست پیمانکار
B46: کارهای فولادی با میلگرد | G46: 5.0510006e+10 | J46: =IF(M46=0,0,M46-G46) -> -7.8476955e+09 | M46: =SUMIF('خدمات اجرایی '!F:F,'summary-2'!A45,'خدمات اجرایی '!L:L) -> 4.266231e+10 | P46: تأیید مشاور
B47: کارهای فولادی با میلگرد | J47: =IF(M47=0,0,M47-G47) -> 0 | P47: تأیید کارفرما
A48: 11 | B48: کارهای فولادی سبک | G48: 6.3278755e+09 | J48: =IF(M48=0,0,M48-G48) -> 0 | M48: =SUMIF('خدمات اجرایی '!F:F,'summary-2'!A48,'خدمات اجرایی '!I:I) -> 6.3278755e+09 | P48: درخواست پیمانکار
B49: کارهای فولادی با میلگرد | G49: 5.2732295e+08 | J49: =IF(M49=0,0,M49-G49) -> 6.1090364e+09 | M49: =SUMIF('خدمات اجرایی '!F:F,'summary-2'!A48,'خدمات اجرایی '!L:L) -> 6.6363594e+09 | P49: تأیید مشاور
B50: کارهای فولادی با میلگرد | J50: =IF(M50=0,0,M50-G50) -> 0 | P50: تأیید کارفرما
A51: 12 | B51: بتن درجا | G51: 1.6102183e+10 | J51: =IF(M51=0,0,M51-G51) -> 0 | M51: ='خدمات اجرایی '!I24*0.2+'خدمات اجرایی '!I93*0.8+'خدمات اجرایی '!I162*0.9 -> 1.6102183e+10 | P51: درخواست پیمانکار
B52: بتن درجا | G52: 1.6068284e+10 | J52: =IF(M52=0,0,M52-G52) -> -2.3874453e+09 | M52: ='خدمات اجرایی '!L24*0.2+'خدمات اجرایی '!L93*0.8+'خدمات اجرایی '!L162*0.9 -> 1.3680838e+10 | P52: تأیید مشاور
B53: بتن درجا | J53: =IF(M53=0,0,M53-G53) -> 0 | P53: تأیید کارفرما
A54: 13 | B54: بتن پیش ساخته | G54: 8.8591328e+10 | J54: =IF(M54=0,0,M54-G54) -> 0 | M54: =SUMIF('خدمات تامین'!F:F,'summary-2'!A54,'خدمات تامین'!I:I)+'خدمات اجرایی '!I24*0.8+'خدمات اجرایی '!I93*0.2+'خدمات اجرایی '!I162*0.1 -> 8.8591328e+10 | P54: درخواست پیمانکار
B55: بتن پیش ساخته | G55: 5.0850168e+10 | J55: =IF(M55=0,0,M55-G55) -> -2.8269882e+10 | M55: =SUMIF('خدمات تامین'!F:F,'summary-2'!A54,'خدمات تامین'!L:L)+'خدمات اجرایی '!L24*0.8+'خدمات اجرایی '!L93*0.2+'خدمات اجرایی '!L162*0.1 -> 2.2580285e+10 | P55: تأیید مشاور
B56: بتن پیش ساخته | J56: =IF(M56=0,0,M56-G56) -> 0 | P56: تأیید کارفرما
A57: 14 | B57: زیراساس، اساس و بالاست | G57: 1.6678942e+11 | J57: =IF(M57=0,0,M57-G57) -> 1.7590432e+09 | M57: =SUMIF('خدمات اجرایی '!F:F,'summary-2'!A57,'خدمات اجرایی '!I:I) -> 1.6854846e+11 | P57: درخواست پیمانکار
B58: زیراساس، اساس و بالاست | G58: 1.0882564e+11 | J58: =IF(M58=0,0,M58-G58) -> 7.1706947e+09 | M58: =SUMIF('خدمات اجرایی '!F:F,'summary-2'!A57,'خدمات اجرایی '!L:L) -> 1.1599633e+11 | P58: تأیید مشاور
B59: زیراساس، اساس و بالاست | J59: =IF(M59=0,0,M59-G59) -> 0 | P59: تأیید کارفرما
A60: 16 | B60: عایق کاری | G60: 1.4124722e+09 | J60: =IF(M60=0,0,M60-G60) -> 0 | M60: =SUMIF('خدمات اجرایی '!F:F,'summary-2'!A60,'خدمات اجرایی '!I:I) -> 1.4124722e+09 | P60: درخواست پیمانکار
B61: عایق کاری | G61: 1.4030557e+09 | J61: =IF(M61=0,0,M61-G61) -> -2.1799154e+08 | M61: =SUMIF('خدمات اجرایی '!F:F,'summary-2'!A60,'خدمات اجرایی '!L:L) -> 1.1850642e+09 | P61: تأیید مشاور
B62: عایق کاری | J62: =IF(M62=0,0,M62-G62) -> 0 | P62: تأیید کارفرما
A63: 19 | B63: کارهای متفرقه | G63: 0 | J63: =IF(M63=0,0,M63-G63) -> 0 | M63: =SUMIF('خدمات اجرایی '!F:F,'summary-2'!A63,'خدمات اجرایی '!I:I) -> 0 | P63: درخواست پیمانکار
G64: 0 | J64: =IF(M64=0,0,M64-G64) -> 0 | M64: =SUMIF('خدمات اجرایی '!F:F,'summary-2'!A63,'خدمات اجرایی '!L:L) -> 0 | P64: تأیید مشاور
J65: =IF(M65=0,0,M65-G65) -> 0 | P65: تأیید کارفرما
A66: 20 | B66: حمل و نقل | G66: 3.9549222e+09 | J66: =IF(M66=0,0,M66-G66) -> 0 | M66: =SUMIF('خدمات اجرایی '!F:F,'summary-2'!A66,'خدمات اجرایی '!I:I) -> 3.9549222e+09 | P66: درخواست پیمانکار
B67: حمل و نقل | G67: 3.928556e+09 | J67: =IF(M67=0,0,M67-G67) -> -6.1037632e+08 | M67: =SUMIF('خدمات اجرایی '!F:F,'summary-2'!A66,'خدمات اجرایی '!L:L)+فصل13ریل!J4 -> 3.3181797e+09 | P67: تأیید مشاور
B68: حمل و نقل | J68: =IF(M68=0,0,M68-G68) -> 0 | P68: تأیید کارفرما
A69: 21 | B69: کارهای دستمزدی | G69: 1.9276346e+09 | J69: =IF(M69=0,0,M69-G69) -> 0 | M69: =SUMIF('خدمات اجرایی '!F:F,'summary-2'!A69,'خدمات اجرایی '!I:I) -> 1.9276346e+09 | P69: درخواست پیمانکار
B70: حمل و نقل | G70: 5179064.7 | J70: =IF(M70=0,0,M70-G70) -> 6.3736579e+08 | M70: =SUMIF('خدمات اجرایی '!F:F,'summary-2'!A69,'خدمات اجرایی '!L:L) -> 6.4254485e+08 | P70: تأیید مشاور
B71: حمل و نقل | J71: =IF(M71=0,0,M71-G71) -> 0 | P71: تأیید کارفرما
A72: 22 | B72: ریل، سوزن و ملحقات | G72: 1.8862706e+11 | J72: =IF(M72=0,0,M72-G72) -> -3.0517578e-05 | M72: =SUMIF('خدمات اجرایی '!F:F,'summary-2'!A72,'خدمات اجرایی '!I:I)+SUMIF('خدمات تامین'!F:F,'summary-2'!A72,'خدمات تامین'!I:I) -> 1.8862706e+11 | P72: درخواست پیمانکار
B73: ریل، سوزن و ملحقات | G73: 8.6170531e+10 | J73: =IF(M73=0,0,M73-G73) -> 0 | M73: =SUMIF('خدمات اجرایی '!F:F,'summary-2'!A72,'خدمات اجرایی '!L:L)+SUMIF('خدمات تامین'!F:F,'summary-2'!A72,'خدمات تامین'!L:L)+فصل13ریل!J5 -> 0 | P73: تأیید مشاور
B74: ریل، سوزن و ملحقات | J74: =IF(M74=0,0,M74-G74) -> 0 | P74: تأیید کارفرما
A75: 23 | B75: اجرای روسازی راه آهن | G75: 5.6549431e+09 | J75: =IF(M75=0,0,M75-G75) -> 3.76117e+09 | M75: =SUMIF('خدمات اجرایی '!F:F,'summary-2'!A75,'خدمات اجرایی '!I:I) -> 9.4161132e+09 | P75: درخواست پیمانکار | S75: درصدپیشرفت ریالی
B76: اجرای روسازی راه آهن | G76: 1.5537194e+08 | J76: =IF(M76=0,0,M76-G76) -> 7.4891157e+09 | M76: =SUMIF('خدمات اجرایی '!F:F,'summary-2'!A75,'خدمات اجرایی '!L:L) -> 7.6444877e+09 | P76: تأیید مشاور
B77: اجرای روسازی راه آهن | J77: =IF(M77=0,0,M77-G77) -> 0 | P77: تأیید کارفرما
A78: جمع کل | G78: =G15+G18+G21+G24+G27+G36+G39+G42+G45+G48+G51+G54+G57+G60+G66+G69+G72+G75 -> 8.0875359e+11 | J78: =IF(M78=0,0,M78-G78) -> 1.1886278e+10 | M78: =M15+M18+M21+M24+M27+M36+M39+M42+M45+M48+M51+M54+M57+M60+M66+M69+M72+M75 -> 8.2063987e+11 | P78: درخواست پیمانکار | S78: =M79/'خلاصه مالي صورت وضعیت'!G4 -> 0.37396291
G79: =G16+G19+G22+G25+G28+G37+G40+G43+G46+G49+G52+G55+G58+G61+G67+G70+G73+G76 -> 5.7076291e+11 | J79: =IF(M79=0,0,M79-G79) -> -1.2295088e+11 | M79: =M16+M19+M22+M25+M28+M37+M40+M43+M46+M49+M52+M55+M58+M61+M67+M70+M73+M76 -> 4.4781204e+11 | P79: تأیید مشاور
J80: =IF(M80=0,0,M80-G80) -> 0 | P80: تأیید کارفرما
A82: مهر و امضای پیمانکار | H82: مهر و امضا مشاور زیر بنایی | O82: مهر و امضا کارفرما

Sheet summary-Adjustment
A4: Rev | D4: Volume | F4: Doc. No | I4: Doc. Type | K4: Stu. Gro | M4: Sub. Proj | O4: Proj | Q4: کد مدرک
A5: =[1]Cover!A5 -> 00 | D5: =[1]Cover!C5 -> 01 | F5: =[1]Cover!E5 -> 025 | I5: =[1]Cover!G5 -> ST | K5: =[1]Cover!I5 -> ECO | M5: =[1]Cover!K5 -> 18 | O5: =[1]Cover!M5 -> 95210 | Q5: ="صفحه 4 از "&[1]Cover!S5 -> صفحه 4 از 24
A7: « خلاصه کارکرد صورت وضعیت موقت شماره 16 به تفکیک فصول - مشمول تعديل »
A9: کارفرما: | D9: شرکت راه آهن ج.ا.ا | H9: مشاور: | K9: مهندسین مشاور صحن بوستان | O9: پيمانکار: | R9: مشارکت تكنيك پل رود كنكاوان معدن شيراز
A10: عنوان قرارداد: | D10: پروژه احداث خط دوم راه آهن محور مشك - سيستان به روش EPC غيرصنعتي | H10: شماره قرارداد: | K10: 400/66891/ي | O10: تاریخ قرارداد: | R10: 1393/11/20
A11: فهرست بهای رشته: | D11: راه، راه آهن و باند فرودگاه | H11: صورت وضعیت از تاريخ: | K11: 1396/12/11 | O11: تا تاريخ: | R11: ='خلاصه مالي صورت وضعیت'!E5 -> 1403/06/10
A13: فصل | B13: شرح فصل | G13: مبلغ کارکرد (ريال) | P13: کارکرد | S13: تعديل با استفاده از شاخص
G14: تا دوره قبل | J14: اين دوره | M14: تجمعي تاکنون
A15: - | B15: مقدمات لازم جهت فعاليتهاي اجرايي | G15: ='summary-2'!G27:I27 -> 5.9802009e+09 | J15: =IF(M15=0,0,M15-G15) -> 0 | M15: ='summary-2'!M27:O27 -> 5.9802009e+09 | P15: درخواست پیمانکار | S15: رشته اي فهرست بهاي راه، راه آهن و باند فرودگاه
G16: ='summary-2'!G28:I28 -> 5.8796128e+09 | J16: =IF(M16=0,0,M16-G16) -> 1.0777294e+08 | M16: ='summary-2'!M28:O28 -> 5987385758 | P16: تأیید مشاور
J17: =IF(M17=0,0,M17-G17) -> 0 | P17: تأیید کارفرما
A18: - | B18: تجهیز و برچیدن کارگاه | G18: ='summary-2'!G21:I21 -> 4.5144889e+10 | J18: =IF(M18=0,0,M18-G18) -> 2.7541974e+09 | M18: ='summary-2'!M21:O21 -> 4.7899086e+10 | P18: درخواست پیمانکار | S18: ميانگين رشته اي فهرست بهاي راه، راه آهن و باند فرودگاه و فهرست بهاي ابنيه
G19: ='summary-2'!G22:I22 -> 3.4458004e+10 | J19: =IF(M19=0,0,M19-G19) -> -5.0790993e+09 | M19: ='summary-2'!M22:O22 -> 2.9378904e+10 | P19: تأیید مشاور
J20: =IF(M20=0,0,M20-G20) -> 0 | P20: تأیید کارفرما
A21: 1 | B21: عملیات تخریب | J21: =IF(M21=0,0,M21-G21) -> 0 | M21: ='summary-2'!M30 -> 0 | P21: درخواست پیمانکار | S21: فصل يك فهرست بهاي راه، راه آهن و باند فرودگاه
J22: =IF(M22=0,0,M22-G22) -> 0 | M22: ='summary-2'!M31 -> 0 | P22: تأیید مشاور
J23: =IF(M23=0,0,M23-G23) -> 0 | M23: ='summary-2'!M32 -> 0 | P23: تأیید کارفرما
A24: 2 | B24: عملیات خاکی با دست | J24: =IF(M24=0,0,M24-G24) -> 0 | M24: ='summary-2'!M33 -> 0 | P24: درخواست پیمانکار | S24: فصل دو فهرست بهاي راه، راه آهن و باند فرودگاه
J25: =IF(M25=0,0,M25-G25) -> 0 | M25: ='summary-2'!M34 -> 0 | P25: تأیید مشاور
J26: =IF(M26=0,0,M26-G26) -> 0 | M26: ='summary-2'!M35 -> 0 | P26: تأیید کارفرما
A27: 3 | B27: عملیات خاکی با ماشین | G27: ='summary-2'!G36:I36 -> 1.4008374e+11 | J27: =IF(M27=0,0,M27-G27) -> 1.4517075e+08 | M27: ='summary-2'!M36 -> 1.4022891e+11 | P27: درخواست پیمانکار | S27: فصل سه فهرست بهاي راه، راه آهن و باند فرودگاه
G28: ='summary-2'!G37:I37 -> 1.3997263e+11 | J28: =IF(M28=0,0,M28-G28) -> -4.8666903e+09 | M28: ='summary-2'!M37 -> 1.3510594e+11 | P28: تأیید مشاور
J29: =IF(M29=0,0,M29-G29) -> 0 | M29: ='summary-2'!M38 -> 0 | P29: تأیید کارفرما
A30: 6 | B30: عملیات بنایی با سنگ | G30: ='summary-2'!G39:I39 -> 2.54245e+09 | J30: =IF(M30=0,0,M30-G30) -> 0 | M30: ='summary-2'!M39 -> 2.54245e+09 | P30: درخواست پیمانکار | S30: فصل شش فهرست بهاي راه، راه آهن و باند فرودگاه
G31: ='summary-2'!G40:I40 -> 2.4831261e+09 | J31: =IF(M31=0,0,M31-G31) -> -3.5001061e+08 | M31: ='summary-2'!M40 -> 2.1331155e+09 | P31: تأیید مشاور
J32: =IF(M32=0,0,M32-G32) -> 0 | M32: ='summary-2'!M41 -> 0 | P32: تأیید کارفرما
A33: 8 | B33: قالب بندی و چوب بست | G33: ='summary-2'!G42:I42 -> 25424499588 | J33: =IF(M33=0,0,M33-G33) -> 0 | M33: ='summary-2'!M42 -> 25424499588 | P33: درخواست پیمانکار | S33: فصل هشت فهرست بهاي راه، راه آهن و باند فرودگاه
G34: ='summary-2'!G43:I43 -> 2.5255003e+10 | J34: =IF(M34=0,0,M34-G34) -> -3.9238478e+09 | M34: ='summary-2'!M43 -> 2.1331155e+10 | P34: تأیید مشاور
J35: =IF(M35=0,0,M35-G35) -> 0 | M35: ='summary-2'!M44 -> 0 | P35: تأیید کارفرما
A36: 9 | B36: کارهای فولادی با میلگرد | G36: ='summary-2'!G45:I45 -> 50848999176 | J36: =IF(M36=0,0,M36-G36) -> 0 | M36: ='summary-2'!M45 -> 50848999176 | P36: درخواست پیمانکار | S36: فصل نه فهرست بهاي راه، راه آهن و باند فرودگاه
A37: 9 | B37: کارهای فولادی با میلگرد | G37: ='summary-2'!G46:I46 -> 5.0510006e+10 | J37: =IF(M37=0,0,M37-G37) -> -7.8476955e+09 | M37: ='summary-2'!M46 -> 4.266231e+10 | P37: تأیید مشاور
A38: 9 | B38: کارهای فولادی با میلگرد | J38: =IF(M38=0,0,M38-G38) -> 0 | M38: ='summary-2'!M47 -> 0 | P38: تأیید کارفرما
A39: 11 | B39: کارهای فولادی سبک | G39: ='summary-2'!G48:I48 -> 6.3278755e+09 | J39: =IF(M39=0,0,M39-G39) -> 0 | M39: ='summary-2'!M48 -> 6.3278755e+09 | P39: درخواست پیمانکار | S39: فصل یازده فهرست بهاي راه، راه آهن و باند فرودگاه
A40: 12 | B40: کارهای فولادی با میلگرد | G40: ='summary-2'!G49:I49 -> 5.2732295e+08 | J40: =IF(M40=0,0,M40-G40) -> 6.1090364e+09 | M40: ='summary-2'!M49 -> 6.6363594e+09 | P40: تأیید مشاور
A41: 12 | B41: کارهای فولادی با میلگرد | J41: =IF(M41=0,0,M41-G41) -> 0 | M41: ='summary-2'!M50 -> 0 | P41: تأیید کارفرما
A42: 12 | B42: بتن درجا | G42: ='summary-2'!G51:I51 -> 1.6102183e+10 | J42: =IF(M42=0,0,M42-G42) -> 0 | M42: ='summary-2'!M51 -> 1.6102183e+10 | P42: درخواست پیمانکار | S42: فصل دوازده فهرست بهاي راه، راه آهن و باند فرودگاه
A43: 12 | B43: بتن درجا | G43: ='summary-2'!G52:I52 -> 1.6068284e+10 | J43: =IF(M43=0,0,M43-G43) -> -2.3874453e+09 | M43: ='summary-2'!M52 -> 1.3680838e+10 | P43: تأیید مشاور
A44: 12 | B44: بتن درجا | J44: =IF(M44=0,0,M44-G44) -> 0 | M44: ='summary-2'!M53 -> 0 | P44: تأیید کارفرما
A45: 13 | B45: بتن پیش ساخته | G45: ='summary-2'!G54:I54 -> 8.8591328e+10 | J45: =IF(M45=0,0,M45-G45) -> 0 | M45: ='summary-2'!M54 -> 8.8591328e+10 | P45: درخواست پیمانکار | S45: فصل سيزده فهرست بهاي راه، راه آهن و باند فرودگاه
A46: 13 | B46: بتن پیش ساخته | G46: ='summary-2'!G55:I55 -> 5.0850168e+10 | J46: =IF(M46=0,0,M46-G46) -> -2.8269882e+10 | M46: ='summary-2'!M55 -> 2.2580285e+10 | P46: تأیید مشاور
A47: 13 | B47: بتن پیش ساخته | J47: =IF(M47=0,0,M47-G47) -> 0 | M47: ='summary-2'!M56 -> 0 | P47: تأیید کارفرما
A48: 14 | B48: زیراساس، اساس و بالاست | G48: ='summary-2'!G57:I57 -> 1.6678942e+11 | J48: =IF(M48=0,0,M48-G48) -> 1.7590432e+09 | M48: ='summary-2'!M57 -> 1.6854846e+11 | P48: درخواست پیمانکار | S48: فصل چهارده فهرست بهاي راه، راه آهن و باند فرودگاه
A49: 14 | B49: زیراساس، اساس و بالاست | G49: ='summary-2'!G58:I58 -> 1.0882564e+11 | J49: =IF(M49=0,0,M49-G49) -> 7.1706947e+09 | M49: ='summary-2'!M58 -> 1.1599633e+11 | P49: تأیید مشاور
A50: 14 | B50: زیراساس، اساس و بالاست | J50: =IF(M50=0,0,M50-G50) -> 0 | M50: ='summary-2'!M59 -> 0 | P50: تأیید کارفرما
A51: 16 | B51: عایق کاری | G51: ='summary-2'!G60:I60 -> 1.4124722e+09 | J51: =IF(M51=0,0,M51-G51) -> 0 | M51: ='summary-2'!M60 -> 1.4124722e+09 | P51: درخواست پیمانکار | S51: فصل شانزده فهرست بهاي راه، راه آهن و باند فرودگاه
A52: 16 | B52: عایق کاری | G52: ='summary-2'!G61:I61 -> 1.4030557e+09 | J52: =IF(M52=0,0,M52-G52) -> -2.1799154e+08 | M52: ='summary-2'!M61 -> 1.1850642e+09 | P52: تأیید مشاور
A53: 16 | B53: عایق کاری | J53: =IF(M53=0,0,M53-G53) -> 0 | M53: ='summary-2'!M62 -> 0 | P53: تأیید کارفرما
A54: 19 | B54: کارهای متفرقه | J54: =IF(M54=0,0,M54-G54) -> 0 | M54: ='summary-2'!M63 -> 0 | P54: درخواست پیمانکار | S54: فصل نوزده فهرست بهاي راه، راه آهن و باند فرودگاه
A55: 20 | J55: =IF(M55=0,0,M55-G55) -> 0 | M55: ='summary-2'!M64 -> 0 | P55: تأیید مشاور
A56: 20 | J56: =IF(M56=0,0,M56-G56) -> 0 | M56: ='summary-2'!M65 -> 0 | P56: تأیید کارفرما
A57: 20 | B57: حمل و نقل | G57: ='summary-2'!G66:I66 -> 3.9549222e+09 | J57: =IF(M57=0,0,M57-G57) -> 0 | M57: ='summary-2'!M66 -> 3.9549222e+09 | P57: درخواست پیمانکار | S57: فصل بيست فهرست بهاي راه، راه آهن و باند فرودگاه
A58: 20 | B58: حمل و نقل | G58: ='summary-2'!G67:I67 -> 3.928556e+09 | J58: =IF(M58=0,0,M58-G58) -> -6.1037632e+08 | M58: ='summary-2'!M67 -> 3.3181797e+09 | P58: تأیید مشاور
A59: 20 | B59: حمل و نقل | J59: =IF(M59=0,0,M59-G59) -> 0 | M59: ='summary-2'!M68 -> 0 | P59: تأیید کارفرما
A60: 21 | B60: کارهای دستمزدی | G60: ='summary-2'!G69:I69 -> 1.9276346e+09 | J60: =IF(M60=0,0,M60-G60) -> 0 | M60: ='summary-2'!M69 -> 1.9276346e+09 | P60: درخواست پیمانکار | S60: فصل بيست و یک فهرست بهاي راه، راه آهن و باند فرودگاه
A61: 20 | B61: حمل و نقل | G61: ='summary-2'!G70:I70 -> 5179064.7 | J61: =IF(M61=0,0,M61-G61) -> 6.3736579e+08 | M61: ='summary-2'!M70 -> 6.4254485e+08 | P61: تأیید مشاور
A62: 20 | B62: حمل و نقل | J62: =IF(M62=0,0,M62-G62) -> 0 | M62: ='summary-2'!M71 -> 0 | P62: تأیید کارفرما
A63: 22 | B63: ریل، سوزن و ملحقات | G63: ='summary-2'!G72:I72 -> 1.8862706e+11 | J63: =IF(M63=0,0,M63-G63) -> -3.0517578e-05 | M63: ='summary-2'!M72 -> 1.8862706e+11 | P63: درخواست پیمانکار | S63: فصل بيست و دو فهرست بهاي راه، راه آهن و باند فرودگاه
A64: 22 | B64: ریل، سوزن و ملحقات | G64: ='summary-2'!G73:I73 -> 8.6170531e+10 | J64: =IF(M64=0,0,M64-G64) -> 0 | M64: ='summary-2'!M73 -> 0 | P64: تأیید مشاور
A65: 22 | B65: ریل، سوزن و ملحقات | J65: =IF(M65=0,0,M65-G65) -> 0 | M65: ='summary-2'!M74 -> 0 | P65: تأیید کارفرما
A66: 23 | B66: اجرای روسازی راه آهن | G66: ='summary-2'!G75:I75 -> 5.6549431e+09 | J66: =IF(M66=0,0,M66-G66) -> 3.76117e+09 | M66: ='summary-2'!M75 -> 9.4161132e+09 | P66: درخواست پیمانکار | S66: فصل بيست و سه فهرست بهاي راه، راه آهن و باند فرودگاه
A67: 23 | B67: اجرای روسازی راه آهن | G67: ='summary-2'!G76:I76 -> 1.5537194e+08 | J67: =IF(M67=0,0,M67-G67) -> 7.4891157e+09 | M67: ='summary-2'!M76 -> 7.6444877e+09 | P67: تأیید مشاور
A68: 23 | B68: اجرای روسازی راه آهن | J68: =IF(M68=0,0,M68-G68) -> 0 | M68: ='summary-2'!M77 -> 0 | P68: تأیید کارفرما
A70: مهر و امضای پیمانکار | H70: مهر و امضا مشاور زیر بنایی | O70: مهر و امضا کارفرما

Sheet خلاصه مالي صورت وضعیت
D1: کارفرما: | E1: راه‏آهن جمهوری اسلامی ایران | F1: عنوان قرارداد: | G1: طراحی، تأمین و اجرای دو خطه کردن راه‏آهن (زیرسازی، پل‏سازی، روسازی) محور مشك-سيستان
D2: مشاور طرح: | E2: مهندسین مشاور صحن بوستان
D3: مشارکت: | E3: مشاركت تكنيك-پل‏رود-کنکاوان معدن شیراز | F3: شماره و تاریخ ابلاغ قرارداد: | G3: 400/66891/ی مورخ 93/11/20
D4: صورت‏وضعیت شماره: | E4: موقت 16 | F4: مبلغ قرارداد (ریال): | G4: 1197477151532
D5: تاریخ صورت‏وضعیت: | E5: 1403/06/10
A6: ردیف | B6: W.B.S | C6: عنوان فعالیت | F6: گروه مشارکت
G7: مشاور زیر بنایی | H7: کارفرما
A8: 1 | B8: 1 | C8: پروژه طراحی، تامین و اجرای دو خطه کردن راه‏آهن محور مشک–سیستان | F8: =SUM(F9,F14,F17,F22,F30) -> 8.4912616e+11 | G8: =SUM(G9,G14,G17,G22,G30) -> 4.4781204e+11 | I8: =G8-'summary-2'!M79 -> 0
A9: 2 | B9: 1.3 | C9: فعالیت‌های مقدماتی، برنامه‏ریزی و تجهيز كارگاه | F9: =SUM(F10:F13) -> 6.106415e+10 | G9: =SUM(G10:G13) -> 4.0662133e+10
A10: 3 | B10: 1.3.1 | C10: مقدمات لازم جهت فعاليت هاي اجرايي | F10: ='سازمان دهی و برنامه ریزی پروژه'!I8 -> 5.9802009e+09 | G10: ='سازمان دهی و برنامه ریزی پروژه'!L8 -> 5987385758
A11: 4 | B11: 1.3.2 | C11: بيمه‌نامه‌ها | F11: ='بیمه نامه ها'!I8 -> 7.1848629e+09 | G11: ='بیمه نامه ها'!L8 -> 5295842703
A12: 5 | B12: 1.3.3 | C12: تجهیز اوليه کارگاه | F12: ='تجهیز کارگاه اولیه'!I8 -> 20357111576 | G12: ='تجهیز کارگاه اولیه'!L8 -> 1.8830328e+10
A13: 6 | B13: 1.3.4 | C13: تجهيز مستمر كارگاه | F13: ='تجهیز کارگاه مستمر'!I8 -> 2.7541974e+10 | G13: ='تجهیز کارگاه مستمر'!L8 -> 1.0548576e+10
A14: 7 | B14: 1.4 | C14: خدمات طراحي و مهندسی | F14: =SUM(F15:F16) -> 5.5622814e+10 | G14: =SUM(G15:G16) -> 3.4233297e+10
A15: 8 | B15: 1.4.1 | C15: خدمات طراحي و مهندسی پيش از اجرا | F15: ='خدمات طراحي مهندسي پیش از اجرا'!I8 -> 2.095585e+10 | G15: ='خدمات طراحي مهندسي پیش از اجرا'!L8 -> 2.095585e+10
A16: 9 | B16: 1.4.2 | C16: خدمات مهندسی حین اجرا | F16: ='خدمات طراحي و مهندسي حین اجرا'!I8 -> 3.4666964e+10 | G16: ='خدمات طراحي و مهندسي حین اجرا'!L8 -> 1.3277447e+10
A17: 10 | B17: 1.5 | C17: خدمات تامین | F17: =F18+F19+F20+F21 -> 2.6789607e+11 | G17: =G18+G19+G20+G21 -> 1.4929969e+10
A18: 11 | B18: 1.5.1 | C18: ريل | F18: ='خدمات تامین'!I9 -> 1.0777168e+11 | G18: ='خدمات تامین'!L9+فصل13ریل!J5 -> 0
A19: 12 | B19: 1.5.2 | C19: سوزن | F19: ='خدمات تامین'!I16 -> 6.1073232e+10 | G19: ='خدمات تامین'!L16 -> 0
A20: 13 | B20: 1.5.3 | C20: تراورس | F20: ='خدمات تامین'!I21 -> 7.9269012e+10 | G20: ='خدمات تامین'!L21 -> 1.4929969e+10
A21: 14 | B21: 1.5.4 | C21: ملحقات | F21: ='خدمات تامین'!I27 -> 1.9782141e+10 | G21: ='خدمات تامین'!L27 -> 0
A22: 15 | B22: 1.6 | C22: عملیات اجرایی | F22: =F23+F24+F25+F26+F27+F28+F29 -> 4.6454313e+11 | G22: =G23+G24+G25+G26+G27+G28+G29 -> 3.5798664e+11
A23: 16 | B23: 1.6.1 | C23: بلوک مشک-هرند | F23: ='خدمات اجرایی '!I9 -> 1.3190058e+11 | G23: ='خدمات اجرایی '!L9 -> 1.0557092e+11
A24: 17 | B24: 1.6.2 | C24: ایستگاه مشک | F24: ='خدمات اجرایی '!I51 -> 2.0019606e+10 | G24: ='خدمات اجرایی '!L51 -> 1.6315827e+10
A25: 18 | B25: 1.6.3 | C25: بلوک هرند-خیرآباد | F25: ='خدمات اجرایی '!I78 -> 1.2710523e+11 | G25: ='خدمات اجرایی '!L78 -> 1.0181762e+11
A26: 19 | B26: 1.6.4 | C26: ایستگاه هرند | F26: ='خدمات اجرایی '!I120 -> 2.0055378e+10 | G26: ='خدمات اجرایی '!L120 -> 1.4424119e+10
A27: 20 | B27: 1.6.5 | C27: بلوک خیرآباد-سیستان | F27: ='خدمات اجرایی '!I147 -> 1.1690022e+11 | G27: ='خدمات اجرایی '!L147 -> 1.0457723e+11
A28: 21 | B28: 1.6.6 | C28: ایستگاه خیرآباد | F28: ='خدمات اجرایی '!I189 -> 2.0075825e+10 | G28: ='خدمات اجرایی '!L189 -> 1.5280919e+10
A29: 22 | B29: 1.6.7 | C29: کارهای اضافی | F29: ='خدمات اجرایی '!I216 -> 2.8486291e+10 | G29: 0
A30: 23 | B30: 1.7 | C30: اختتامیه پروژه | F30: =SUM(F31:F33) -> 0 | G30: =SUM(G31:G33) -> 0
A31: 24 | B31: 1.7.1 | C31: تحويل موقت كل پروژه | F31: =اختتامیه!I9 -> 0 | G31: =اختتامیه!L9 -> 0
A32: 25 | B32: 1.7.2 | C32: برچيدن كارگاه | F32: =اختتامیه!I10 -> 0 | G32: =اختتامیه!L10 -> 0
A33: 26 | B33: 1.7.3 | C33: بيمه مهندسي سازه‌هاي تكميل شده | F33: =اختتامیه!I11 -> 0 | G33: =اختتامیه!L11 -> 0
F36: 1197477151532 | G36: مبلغ پروژه
F37: 47477151532 | G37: کار اضافه
F38: =F36-F37 -> 1150000000000
F39: =F8/F38*F37 -> 3.5055732e+10 | G39: مبلغ کار اضافه این کارکرد

Sheet جمع بندي صورت وضعیت
H1: کارفرما: | I1: راه آهن جمهوری اسلامی ایران | L1: عنوان قرارداد: | M1: طراحی،تامین و اجرای دوخطه کردن راه آهن(زیرسازی،پل سازی و روسازی)محور ساسان شبنم
H2: مشاور طرح: | I2: مهندسین مشاور صحن بوستان
H3: مشارکت: | I3: اهورامهرگستران-جهادنصرحمزه طرح نوانديشان-گمانه كاو | L3: شماره و تاریخ ابلاغ قرارداد: | M3: 400/71523/ي مورخ 93/12/10
H4: صورت وضعبت شماره: | I4: 2 | L4: مبلغ قرارداد: | M4: 768000000000
H5: تاریخ صورت وضعیت: | I5: 94/0.5/17
A6: ردیف | B6: W.B.S | C6: عنوان فعالیت | D6: هزینه کامل (ريال) | E6: وزن کامل (%) | F6: واحد | G6: گروه مشارکت | J6: مشاور زیر بنایی | M6: کارفرما
G7: درصد پیشرفت از (کل) | H7: درصد پیشرفت وزنی | I7: مبلغ(ریال) | J7: درصد پیشرفت از (کل) | K7: درصد پیشرفت وزنی | L7: مبلغ(ریال) | M7: درصد پیشرفت از (کل) | N7: درصد پیشرفت وزنی | O7: مبلغ(ریال)
A8: 1 | B8: 1 | C8: پروژه طراحی، تامین و اجرای دو خطه کردن راه آهن محور ساسان – شبنم | D8: =D11+D16+D19+D20+D21 -> 768000000000 | E8: =E11+E16+E19+E20+E21 -> 100 | I8: =SUM(I11,I16,I19,I20,I21) -> #REF! | L8: =SUM(L11,L16,L19,L20,L21) -> #REF! | O8: =SUM(O11,O16,O19,O20,O21) -> #REF!
A9: 2 | B9: 1.1 | C9: آغاز | D9: 0 | E9: 0
A10: 3 | B10: 1.2 | C10: تحویل زمین | D10: 0 | E10: 0
A11: 4 | B11: 1.3 | C11: فعالیت‌های مقدماتی، برنامه ریزی و تجهيز كارگاه | D11: =E11*$M$4/100 -> 3.6096e+10 | E11: =SUM(E12:E15) -> 4.7 | G11: =(G12*$E$12+G13*$E$13+G14*$E$14+G15*$E$15)/$E$11 -> 0 | H11: =G11*E11 -> 0 | I11: =G11*D11 -> 0 | J11: =(J12*$E$12+J13*$E$13+J14*$E$14+J15*$E$15)/$E$11 -> 0.6322234 | K11: =J11*E11 -> 2.97145 | L11: =J11*D11 -> 2.2820736e+10 | M11: =(M12*$E$12+M13*$E$13+M14*$E$14+M15*$E$15)/$E$11 -> 0 | N11: =M11*E11 -> 0 | O11: =M11*D11 -> 0
A12: 5 | B12: 1.3.1 | C12: سازماندهي و برنامه ریزی پروژه | D12: =E12*$M$4/100 -> 3840000000 | E12: 0.5 | G12: ='سازمان دهی و برنامه ریزی پروژه'!G8 -> 0 | H12: ='سازمان دهی و برنامه ریزی پروژه'!H8 -> 0.004994 | I12: ='سازمان دهی و برنامه ریزی پروژه'!I8 -> 5.9802009e+09 | J12: ='سازمان دهی و برنامه ریزی پروژه'!J8 -> 1 | K12: ='سازمان دهی و برنامه ریزی پروژه'!K8 -> 0.005 | L12: ='سازمان دهی و برنامه ریزی پروژه'!L8 -> 5987385758 | M12: ='سازمان دهی و برنامه ریزی پروژه'!M8 -> 0 | N12: ='سازمان دهی و برنامه ریزی پروژه'!N8 -> 0 | O12: ='سازمان دهی و برنامه ریزی پروژه'!O8 -> 0
A13: 6 | B13: 1.3.2 | C13: بيمه‌نامه‌ها | D13: =E13*$M$4/100 -> 4608000000 | E13: 0.6 | G13: ='بیمه نامه ها'!G$8 -> 0 | H13: ='بیمه نامه ها'!H8 -> 0.006 | I13: ='بیمه نامه ها'!I8 -> 7.1848629e+09 | J13: ='بیمه نامه ها'!J$8 -> 0.73708333 | K13: ='بیمه نامه ها'!K$8 -> 0.0044225 | L13: ='بیمه نامه ها'!L$8 -> 5295842703 | M13: ='بیمه نامه ها'!M$8 -> 0 | N13: ='بیمه نامه ها'!N$8 -> 0 | O13: ='بیمه نامه ها'!O$8 -> 0
A14: 7 | B14: 1.3.3 | C14: تجهیز اوليه کارگاه | D14: =E14*$M$4/100 -> 9216000000 | E14: 1.2 | G14: ='تجهیز کارگاه اولیه'!G8 -> 0 | H14: ='تجهیز کارگاه اولیه'!H8 -> 0.017 | I14: ='تجهیز کارگاه اولیه'!I8 -> 20357111576 | J14: ='تجهیز کارگاه اولیه'!J8 -> 0.925 | K14: ='تجهیز کارگاه اولیه'!K8 -> 0.015725 | L14: ='تجهیز کارگاه اولیه'!L8 -> 1.8830328e+10 | M14: ='تجهیز کارگاه اولیه'!M8 -> 0 | N14: ='تجهیز کارگاه اولیه'!N8 -> 0 | O14: ='تجهیز کارگاه اولیه'!O8 -> 0
A15: 8 | B15: 1.3.4 | C15: تجهيز مستمر كارگاه | D15: =E15*$M$4/100 -> 18432000000 | E15: 2.4 | G15: ='تجهیز کارگاه مستمر'!G8 -> 0 | H15: ='تجهیز کارگاه مستمر'!H8 -> 0.023 | I15: ='تجهیز کارگاه مستمر'!I8 -> 2.7541974e+10 | J15: ='تجهیز کارگاه مستمر'!J$8 -> 0.383 | K15: ='تجهیز کارگاه مستمر'!K$8 -> 0.008809 | L15: ='تجهیز کارگاه مستمر'!L$8 -> 1.0548576e+10 | M15: ='تجهیز کارگاه مستمر'!M$8 -> 0 | N15: ='تجهیز کارگاه مستمر'!N$8 -> 0 | O15: ='تجهیز کارگاه مستمر'!O$8 -> 0
A16: 9 | B16: 1.4 | C16: خدمات طراحي و مهندسی | D16: =E16*$M$4/100 -> 8.1403491e+10 | E16: =E17+E18 -> 10.599413 | G16: =(G17*$E$17+G18*$E$18)/$E$16 -> 0 | H16: =G16*E16 -> 0 | I16: =G16*D16 -> 0 | J16: =(J17*$E$17+J18*$E$18)/$E$16 -> 0.571757 | K16: =J16*E16 -> 6.0602885 | L16: =J16*D16 -> 4.6543016e+10 | M16: =(M17*$E$17+M18*$E$18)/$E$16 -> #REF! | N16: =M16*E16 -> #REF! | O16: =M16*D16 -> #REF!
A17: 10 | B17: 1.4.1 | C17: خدمات طراحي و مهندسی پيش از اجرا | D17: =E17*$M$4/100 -> 2.8491222e+10 | E17: 3.7097945 | G17: ='خدمات طراحي مهندسي پیش از اجرا'!G8 -> 0 | H17: ='خدمات طراحي مهندسي پیش از اجرا'!H8 -> 0.0175 | I17: ='خدمات طراحي مهندسي پیش از اجرا'!I8 -> 2.095585e+10 | J17: ='خدمات طراحي مهندسي پیش از اجرا'!J8 -> 1 | K17: ='خدمات طراحي مهندسي پیش از اجرا'!K8 -> 0.0175 | L17: ='خدمات طراحي مهندسي پیش از اجرا'!L8 -> 2.095585e+10 | M17: ='خدمات طراحي مهندسي پیش از اجرا'!#REF! -> #REF! | N17: ='خدمات طراحي مهندسي پیش از اجرا'!#REF! -> #REF! | O17: ='خدمات طراحي مهندسي پیش از اجرا'!#REF! -> #REF!
A18: 11 | B18: 1.4.2 | C18: خدمات مهندسی حین اجرا | D18: =E18*$M$4/100 -> 5.2912269e+10 | E18: 6.8896184 | G18: ='خدمات طراحي و مهندسي حین اجرا'!G$8 -> 0 | H18: ='خدمات طراحي و مهندسي حین اجرا'!H8 -> 0.02895 | I18: ='خدمات طراحي و مهندسي حین اجرا'!I8 -> 3.4666964e+10 | J18: ='خدمات طراحي و مهندسي حین اجرا'!J$8 -> 0.34116462 | K18: ='خدمات طراحي و مهندسي حین اجرا'!K$8 -> 0.01108785 | L18: ='خدمات طراحي و مهندسي حین اجرا'!L$8 -> 1.3277447e+10 | M18: ='خدمات طراحي و مهندسي حین اجرا'!M$8 -> 0 | N18: ='خدمات طراحي و مهندسي حین اجرا'!N$8 -> 0 | O18: ='خدمات طراحي و مهندسي حین اجرا'!O$8 -> 0
A19: 12 | B19: 1.5 | C19: خدمات تامین | D19: =E19*$M$4/100 -> 268804508978 | E19: 35.000587 | G19: ='خدمات تامین'!G$8 -> 0.58138529 | H19: ='خدمات تامین'!H8 -> 0.22371706 | I19: ='خدمات تامین'!I8 -> 2.6789607e+11 | J19: ='خدمات تامین'!J$8 -> 0.032400864 | K19: ='خدمات تامین'!K$8 -> 0.012467853 | L19: ='خدمات تامین'!L$8 -> 1.4929969e+10 | M19: ='خدمات تامین'!#REF! -> #REF! | N19: ='خدمات تامین'!N$8 -> 0 | O19: ='خدمات تامین'!O$8 -> 0
A20: 13 | B20: 1.6 | C20: عملیات اجرایی | D20: =E20*$M$4/100 -> 369408000000 | E20: 48.1 | G20: =#REF! -> #REF! | H20: =#REF! -> #REF! | I20: =#REF! -> #REF! | J20: =#REF! -> #REF! | K20: =#REF! -> #REF! | L20: =#REF! -> #REF! | M20: =#REF! -> #REF! | N20: =#REF! -> #REF! | O20: =#REF! -> #REF!
A21: 14 | B21: 1.7 | C21: اختتامیه پروژه | D21: =E21*$M$4/100 -> 12288000000 | E21: =SUM(E22:E24) -> 1.6 | G21: =اختتامیه!G8 -> 0 | H21: =اختتامیه!H8 -> 0 | I21: =اختتامیه!I8 -> 0 | J21: =اختتامیه!J8 -> 0 | K21: =اختتامیه!K8 -> 0 | L21: =اختتامیه!L8 -> 0 | M21: =اختتامیه!M8 -> 0 | N21: =اختتامیه!N8 -> 0 | O21: =اختتامیه!O8 -> 0
A22: 15 | B22: 1.7.1 | C22: تحويل موقت كل پروژه | D22: =E22*$M$4/100 -> 6144000000 | E22: 0.8 | G22: =اختتامیه!G9 -> 0 | H22: =اختتامیه!H9 -> 0 | I22: =اختتامیه!I9 -> 0 | J22: =اختتامیه!J9 -> 0 | K22: =اختتامیه!K9 -> 0 | L22: =اختتامیه!L9 -> 0 | M22: =اختتامیه!M9 -> 0 | N22: =اختتامیه!N9 -> 0 | O22: =اختتامیه!O9 -> 0
A23: 16 | B23: 1.7.2 | C23: برچيدن كارگاه | D23: =E23*$M$4/100 -> 3072000000 | E23: 0.4 | G23: =اختتامیه!G10 -> 0 | H23: =اختتامیه!H10 -> 0 | I23: =اختتامیه!I10 -> 0 | J23: =اختتامیه!J10 -> 0 | K23: =اختتامیه!K10 -> 0 | L23: =اختتامیه!L10 -> 0 | M23: =اختتامیه!M10 -> 0 | N23: =اختتامیه!N10 -> 0 | O23: =اختتامیه!O10 -> 0
A24: 17 | B24: 1.7.3 | C24: بيمه مهندسي سازه‌هاي تكميل شده | D24: =E24*$M$4/100 -> 3072000000 | E24: 0.4 | G24: =اختتامیه!G11 -> 0 | H24: =اختتامیه!H11 -> 0 | I24: =اختتامیه!I11 -> 0 | J24: =اختتامیه!J11 -> 0 | K24: =اختتامیه!K11 -> 0 | L24: =اختتامیه!L11 -> 0 | M24: =اختتامیه!M11 -> 0 | N24: =اختتامیه!N11 -> 0 | O24: =اختتامیه!O11 -> 0
A25: 18 | B25: 1.8 | C25: پایان | D25: =E25*$M$4/100 -> 0 | E25: 0
G26: مهر و امضا گروه مشارکت اهورا مهر گستران | H26: مهر و امضا گروه مشارکت اهورا مهر گستران | I26: مهر و امضا گروه مشارکت اهورا مهر گستران | J26: مهر و امضا مشاور زیر بنایی مهندسین مشاور صحن بوستان | K26: مهر و امضا مشاور زیر بنایی مهندسین مشاور صحن بوستان | L26: مهر و امضا مشاور زیر بنایی مهندسین مشاور صحن بوستان | M26: تایید کارفرما | N26: تایید کارفرما | O26: تایید کارفرما

Sheet سازمان دهی و برنامه ریزی پروژه
D1: کارفرما: | E1: راه‏آهن جمهوری اسلامی ایران | J1: عنوان قرارداد: | L1: طراحی، تأمین و اجرای دو خطه کردن راه‏آهن (زیرسازی، پل‏سازی، روسازی) محور مشك-سيستان
D2: مشاور طرح: | E2: مهندسین مشاور صحن بوستان
D3: مشارکت: | E3: مشاركت تكنيك-پل‏رود-کنکاوان معدن شیراز | J3: شماره و تاریخ ابلاغ قرارداد: | L3: 400/66891/ی مورخ 93/11/20
D4: صورت‏وضعیت شماره: | E4: ='خلاصه مالي صورت وضعیت'!E4 -> موقت 16 | J4: مبلغ قرارداد (ریال): | L4: ='خلاصه مالي صورت وضعیت'!G4:G5 -> 1197477151532
D5: تاریخ صورت‏وضعیت: | E5: ='خلاصه مالي صورت وضعیت'!E5 -> 1403/06/10
A6: ردیف | B6: W.B.S | C6: عنوان فعالیت | D6: هزینه کامل (ريال) | E6: وزن کامل (%) | F6: فصل مرتبط از فهرست بها | G6: گروه مشارکت | J6: مشاور زیربنایی | M6: کارفرما | P6: مدارك پشتيبان
G7: درصد پیشرفت از سرفصل (کل) | H7: درصد پیشرفت وزنی | I7: مبلغ (ریال) | J7: درصد پیشرفت از صد (کل) | K7: درصد پیشرفت وزنی | L7: مبلغ (ریال) | M7: درصد پیشرفت از صد (کل) | N7: درصد پیشرفت وزنی | O7: مبلغ (ریال)
A8: 1 | B8: 1.3.1 | C8: مقدمات لازم جهت فعاليت هاي اجرايي | D8: =SUM(D9:D17) -> 5987385758 | E8: =SUM(E9:E17) -> 0.005 | H8: =SUM(H9:H17) -> 0.004994 | I8: =SUM(I9:I17) -> 5.9802009e+09 | J8: =L8/D8 -> 1 | K8: =L8/L4 -> 0.005 | L8: =SUM(L9:L17) -> 5987385758
A9: 2 | B9: 1.3.1.1 | C9: انتصاب و معرفی نماینده مشارکت (مدیر پروژه) | D9: =E9*$L$4 -> 0 | E9: =CBS!D11 -> 0 | G9: 1 | H9: =G9*E9 -> 0 | I9: =H9*$L$4 -> 0 | J9: 1 | K9: =J9*E9 -> 0 | L9: =K9*$L$4 -> 0
A10: 3 | B10: 1.3.1.2 | C10: تشکیل دفتر و سازمان کلیدی پروژه | D10: =E10*$L$4 -> 4.19117e+08 | E10: =CBS!D12 -> 0.00035 | G10: 1 | H10: =G10*E10 -> 0.00035 | I10: =H10*$L$4 -> 4.19117e+08 | J10: 1 | K10: =J10*E10 -> 0.00035 | L10: =K10*$L$4 -> 4.19117e+08
A11: 4 | B11: 1.3.1.3 | C11: تهیه و اعلام چارت سازمانی، شرح وظایف و حدود اختیارات و مسئولیت‏ها و شرایط احراز تیم پروژه | D11: =E11*$L$4 -> 8.9810786e+08 | E11: =CBS!D13 -> 0.00075 | G11: 1 | H11: =G11*E11 -> 0.00075 | I11: =H11*$L$4 -> 8.9810786e+08 | J11: 1 | K11: =J11*E11 -> 0.00075 | L11: =K11*$L$4 -> 8.9810786e+08
A12: 5 | B12: 1.3.1.4 | C12: تشکیل و تعریف نظام مدیریت پروژه، تهیه و ارسال ویرایش اول برنامه زمان‏بندی و ساختار شکست هزینه و سایر مدارک مرتبط برنامه‏ریزی | D12: =E12*$L$4 -> 1.5567203e+09 | E12: =CBS!D14 -> 0.0013 | G12: 1 | H12: =G12*E12 -> 0.0013 | I12: =H12*$L$4 -> 1.5567203e+09 | J12: 1 | K12: =J12*E12 -> 0.0013 | L12: =K12*$L$4 -> 1.5567203e+09
A13: 6 | B13: 1.3.1.5 | C13: برنامه‏ریزی و تعیین مشخصات و فهرست کامل اقدامات تجهیز کارگاه به همراه نقشه جانمایی | D13: =E13*$L$4 -> 5.9873858e+08 | E13: =CBS!D15 -> 0.0005 | G13: 1 | H13: =G13*E13 -> 0.0005 | I13: =H13*$L$4 -> 5.9873858e+08 | J13: 1 | K13: =J13*E13 -> 0.0005 | L13: =K13*$L$4 -> 5.9873858e+08
A14: 7 | B14: 1.3.1.6 | C14: تهیه و ارسال گردش فعالیتها و روابط بین مشارکت، مشاور و کارفرما (Coordination Procedure) | D14: =E14*$L$4 -> 3.5924315e+08 | E14: =CBS!D16 -> 0.0003 | G14: 1 | H14: =G14*E14 -> 0.0003 | I14: =H14*$L$4 -> 3.5924315e+08 | J14: 1 | K14: =J14*E14 -> 0.0003 | L14: =K14*$L$4 -> 3.5924315e+08
A15: 8 | B15: 1.3.1.7 | C15: تهیه و ارسال روش‏های اجرایی و دستورالعمل‏های کاری شامل: QA ،QC ،HSE ،5S و … | D15: =E15*$L$4 -> 1.7962157e+09 | E15: =CBS!D17 -> 0.0015 | G15: 1 | H15: =G15*E15 -> 0.0015 | I15: =H15*$L$4 -> 1.7962157e+09 | J15: 1 | K15: =J15*E15 -> 0.0015 | L15: =K15*$L$4 -> 1.7962157e+09
A16: 9 | B16: 1.3.1.8 | C16: تهیه و ارسال لیست کامل مدارک پیمانکار | D16: =E16*$L$4 -> 3.5924315e+08 | E16: =CBS!D18 -> 0.0003 | G16: 0.98 | H16: =G16*E16 -> 0.000294 | I16: =H16*$L$4 -> 3.5205828e+08 | J16: 1 | K16: =J16*E16 -> 0.0003 | L16: =K16*$L$4 -> 3.5924315e+08
A17: 10 | B17: 1.3.1.9 | C17: پایان سازمان‏دهی و برنامه‏ریزی مقدماتی پروژه | D17: =E17*$L$4 -> 0 | E17: =CBS!D19 -> 0 | H17: =G17*E17 -> 0 | I17: =H17*$L$4 -> 0 | K17: =J17*E17 -> 0 | L17: =K17*$L$4 -> 0

Sheet بیمه نامه ها
D1: کارفرما: | E1: راه‏آهن جمهوری اسلامی ایران | J1: عنوان قرارداد: | L1: طراحی، تأمین و اجرای دو خطه کردن راه‏آهن (زیرسازی، پل‏سازی، روسازی) محور مشك-سيستان
D2: مشاور طرح: | E2: مهندسین مشاور صحن بوستان
D3: مشارکت: | E3: مشاركت تكنيك-پل‏رود-کنکاوان معدن شیراز | J3: شماره و تاریخ ابلاغ قرارداد: | L3: 400/66891/ی مورخ 93/11/20
D4: صورت‏وضعیت شماره: | E4: ='خلاصه مالي صورت وضعیت'!E4 -> موقت 16 | J4: مبلغ قرارداد (ریال): | L4: ='خلاصه مالي صورت وضعیت'!G4:G5 -> 1197477151532
D5: تاریخ صورت‏وضعیت: | E5: ='خلاصه مالي صورت وضعیت'!E5 -> 1403/06/10
A6: ردیف | B6: W.B.S | C6: عنوان فعالیت | D6: هزینه کامل (ريال) | E6: وزن کامل (%) | F6: فصل مرتبط از فهرست بها | G6: گروه مشارکت | J6: مشاور زیربنایی | M6: کارفرما | P6: مدارك پشتيبان
G7: درصد پیشرفت از سرفصل (کل) | H7: درصد پیشرفت وزنی | I7: مبلغ (ریال) | J7: درصد پیشرفت از صد (کل) | K7: درصد پیشرفت وزنی | L7: مبلغ (ریال) | M7: درصد پیشرفت از صد (کل) | N7: درصد پیشرفت وزنی | O7: مبلغ (ریال)
A8: 1 | B8: 1.3.2 | C8: بيمه‌نامه‌ها | D8: =E8*$L$4 -> 7.1848629e+09 | E8: =SUM(E9:E12) -> 0.006 | H8: =SUM(H9:H12) -> 0.006 | I8: =SUM(I9:I12) -> 7.1848629e+09 | J8: =(J9*$E$9+J10*$E$10+J11*$E$11+J12*$E$12)/E8 -> 0.73708333 | K8: =SUM(K9:K12) -> 0.0044225 | L8: =SUM(L9:L12) -> 5295842703
A9: 2 | B9: 1.3.2.1 | C9: ارائه بيمه تمام خطر پيمانكاري و اخذ تاييد مشاور | D9: =E9*$L$4 -> 1.1974772e+09 | E9: =CBS!F21 -> 0.001 | G9: 1 | H9: =G9*E9 -> 0.001 | I9: =H9*$L$4 -> 1.1974772e+09 | J9: 0.56 | K9: =J9*E9 -> 0.00056 | L9: =J9*D9 -> 6.705872e+08 | M9: طبق آخرین مبالغ تائیدشده در ص و 15
A10: 3 | B10: 1.3.2.2 | C10: ارائه بيمه مسئوليت و اخذ تاييد مشاور | D10: =E10*$L$4 -> 1.1974772e+09 | E10: =CBS!F22 -> 0.001 | G10: 1 | H10: =G10*E10 -> 0.001 | I10: =H10*$L$4 -> 1.1974772e+09 | J10: 0.7 | K10: =J10*E10 -> 0.0007 | L10: =J10*D10 -> 8.3823401e+08
A11: 4 | B11: 1.3.2.3 | C11: تاييد بيمه‌هاي تمام خطر و مسئوليت توسط كارفرما | D11: =E11*$L$4 -> 1.1974772e+09 | E11: =CBS!F23 -> 0.001 | G11: 1 | H11: =G11*E11 -> 0.001 | I11: =H11*$L$4 -> 1.1974772e+09 | J11: 0.6125 | K11: =J11*E11 -> 0.0006125 | L11: =J11*D11 -> 7.3345476e+08
A12: 5 | B12: 1.3.2.4 | C12: پيگيري تا صدور بيمه‌نامه‌هاي فوق | D12: =E12*$L$4 -> 3.5924315e+09 | E12: =CBS!F24 -> 0.003 | G12: 1 | H12: =G12*E12 -> 0.003 | I12: =H12*$L$4 -> 3.5924315e+09 | J12: 0.85 | K12: =J12*E12 -> 0.00255 | L12: =J12*D12 -> 3.0535667e+09

Sheet تجهیز کارگاه اولیه
D1: کارفرما: | E1: راه‏آهن جمهوری اسلامی ایران | J1: عنوان قرارداد: | L1: طراحی، تأمین و اجرای دو خطه کردن راه‏آهن (زیرسازی، پل‏سازی، روسازی) محور مشك-سيستان
D2: مشاور طرح: | E2: مهندسین مشاور صحن بوستان
D3: مشارکت: | E3: مشاركت تكنيك-پل‏رود-کنکاوان معدن شیراز | J3: شماره و تاریخ ابلاغ قرارداد: | L3: 400/66891/ی مورخ 93/11/20
D4: صورت‏وضعیت شماره: | E4: ='خلاصه مالي صورت وضعیت'!E4 -> موقت 16 | J4: مبلغ قرارداد (ریال): | L4: ='خلاصه مالي صورت وضعیت'!G4:G5 -> 1197477151532
D5: تاریخ صورت‏وضعیت: | E5: ='خلاصه مالي صورت وضعیت'!E5 -> 1403/06/10
A6: ردیف | B6: W.B.S | C6: عنوان فعالیت | D6: هزینه کامل (ريال) | E6: وزن کامل (%) | F6: فصل مرتبط از فهرست بها | G6: گروه مشارکت | J6: مشاور زیربنایی | M6: کارفرما | P6: مدارك پشتيبان
G7: درصد پیشرفت از سرفصل (کل) | H7: درصد پیشرفت وزنی | I7: مبلغ (ریال) | J7: درصد پیشرفت از صد (کل) | K7: درصد پیشرفت وزنی | L7: مبلغ (ریال) | M7: درصد پیشرفت از صد (کل) | N7: درصد پیشرفت وزنی | O7: مبلغ (ریال)
A8: 1 | B8: 1.3.3 | C8: تجهیز اوليه کارگاه | D8: =E8*$L$4 -> 20357111576 | E8: =SUM(E9:E20) -> 0.017 | H8: =SUM(H9:H20) -> 0.017 | I8: =SUM(I9:I20) -> 20357111576 | J8: =L8/D8 -> 0.925 | K8: =L8/L4 -> 0.015725 | L8: =SUM(L9:L20) -> 1.8830328e+10
A9: 2 | B9: 1.3.3.1 | C9: آغاز عمليات تجهيز كارگاه | D9: =E9*$L$4 -> 0 | E9: =CBS!F27 -> 0 | G9: 1 | H9: =G9*E9 -> 0 | I9: =H9*$L$4 -> 0 | K9: =J9*E9 -> 0 | L9: =$L$4*K9 -> 0
A10: 3 | B10: 1.3.3.2 | C10: تامين و تجهيز كامل محل سكونت عوامل پيمانكار، مشاور و كارفرما | D10: =E10*$L$4 -> 3.0535667e+09 | E10: =CBS!F28 -> 0.00255 | G10: 1 | H10: =G10*E10 -> 0.00255 | I10: =H10*$L$4 -> 3.0535667e+09 | J10: 1 | K10: =J10*E10 -> 0.00255 | L10: =$L$4*K10 -> 3.0535667e+09
A11: 4 | B11: 1.3.3.3 | C11: محوطه‌سازي و تامين راه‌هاي دسترسي، سرويس و ارتباطي | D11: =E11*$L$4 -> 1.2214267e+09 | E11: =CBS!F29 -> 0.00102 | G11: 1 | H11: =G11*E11 -> 0.00102 | I11: =H11*$L$4 -> 1.2214267e+09 | J11: 1 | K11: =J11*E11 -> 0.00102 | L11: =$L$4*K11 -> 1.2214267e+09
A12: 5 | B12: 1.3.3.4 | C12: تامين و تجهيز ساختمان‌هاي موقت اداري و دفاتر كار عوامل پيمانكار، مشاور و كارفرما و تجهيز آنها | D12: =E12*$L$4 -> 3.0535667e+09 | E12: =CBS!F30 -> 0.00255 | G12: 1 | H12: =G12*E12 -> 0.00255 | I12: =H12*$L$4 -> 3.0535667e+09 | J12: 1 | K12: =J12*E12 -> 0.00255 | L12: =$L$4*K12 -> 3.0535667e+09
A13: 6 | B13: 1.3.3.5 | C13: تامين آب، برق، سيستم مخابراتي، اينترنت و سوخت كارگاه | D13: =E13*$L$4 -> 2.0357112e+09 | E13: =CBS!F31 -> 0.0017 | G13: 1 | H13: =G13*E13 -> 0.0017 | I13: =H13*$L$4 -> 2.0357112e+09 | J13: 1 | K13: =J13*E13 -> 0.0017 | L13: =$L$4*K13 -> 2.0357112e+09
A14: 7 | B14: 1.3.3.6 | C14: اقدامات ايجاد و تامين و تجهيز ساختمان‌هاي پشتيباني، انبار و تعميرگاه | D14: =E14*$L$4 -> 1.83214e+09 | E14: =CBS!F32 -> 0.00153 | G14: 1 | H14: =G14*E14 -> 0.00153 | I14: =H14*$L$4 -> 1.83214e+09 | J14: 1 | K14: =J14*E14 -> 0.00153 | L14: =$L$4*K14 -> 1.83214e+09
A15: 8 | B15: 1.3.3.7 | C15: تامين و تجهيز آزمايشگاه | D15: =E15*$L$4 -> 6.1071335e+08 | E15: =CBS!F33 -> 0.00051 | G15: 1 | H15: =G15*E15 -> 0.00051 | I15: =H15*$L$4 -> 6.1071335e+08 | J15: 1 | K15: =J15*E15 -> 0.00051 | L15: =$L$4*K15 -> 6.1071335e+08
A16: 9 | B16: 1.3.3.8 | C16: محوطه‌سازي كارگاه عمومي و كارگاه روسازي | D16: =E16*$L$4 -> 2.0357112e+09 | E16: =CBS!F34 -> 0.0017 | G16: 1 | H16: =G16*E16 -> 0.0017 | I16: =H16*$L$4 -> 2.0357112e+09 | J16: 1 | K16: =J16*E16 -> 0.0017 | L16: =$L$4*K16 -> 2.0357112e+09
A17: 10 | B17: 1.3.3.9 | C17: اقدامات اجرايي براي تامين و نصب ماشين‌الات و تجهيزات و راه‌اندازي آنها | D17: =E17*$L$4 -> 3.0535667e+09 | E17: =CBS!F35 -> 0.00255 | G17: 1 | H17: =G17*E17 -> 0.00255 | I17: =H17*$L$4 -> 3.0535667e+09 | J17: 1 | K17: =J17*E17 -> 0.00255 | L17: =$L$4*K17 -> 3.0535667e+09
A18: 11 | B18: 1.3.3.10 | C18: اقدامات اوليه براي بهداشت، ايمني و حفاظت كار و محيط زيست | D18: =E18*$L$4 -> 1.4249978e+09 | E18: =CBS!F36 -> 0.00119 | G18: 1 | H18: =G18*E18 -> 0.00119 | I18: =H18*$L$4 -> 1.4249978e+09 | J18: 1 | K18: =J18*E18 -> 0.00119 | L18: =$L$4*K18 -> 1.4249978e+09
A19: 12 | B19: 1.3.3.11 | C19: بيمه تجهيز كارگاه | D19: =E19*$L$4 -> 2.0357112e+09 | E19: =CBS!F25 -> 0.0017 | G19: 1 | H19: =G19*E19 -> 0.0017 | I19: =H19*$L$4 -> 2.0357112e+09 | J19: 0.25 | K19: =J19*E19 -> 0.000425 | L19: =$L$4*K19 -> 5.0892779e+08 | M19: طبق آخرین مبالغ تائیدشده در ص و 15
A20: 13 | B20: 1.3.3.12 | C20: پايان تجهيز اوليه كارگاه | D20: =E20*$L$4 -> 0 | E20: =CBS!F38 -> 0 | G20: 1 | H20: =G20*E20 -> 0 | I20: =H20*$L$4 -> 0 | K20: =J20*E20 -> 0 | L20: =$L$4*K20 -> 0

Sheet تجهیز کارگاه مستمر
D1: کارفرما: | E1: راه‏آهن جمهوری اسلامی ایران | J1: عنوان قرارداد: | L1: طراحی، تأمین و اجرای دو خطه کردن راه‏آهن (زیرسازی، پل‏سازی، روسازی) محور مشك-سيستان
D2: مشاور طرح: | E2: مهندسین مشاور صحن بوستان
D3: مشارکت: | E3: مشاركت تكنيك-پل‏رود-کنکاوان معدن شیراز | J3: شماره و تاریخ ابلاغ قرارداد: | L3: 400/66891/ی مورخ 93/11/20
D4: صورت‏وضعیت شماره: | E4: ='خلاصه مالي صورت وضعیت'!E4 -> موقت 16 | J4: مبلغ قرارداد (ریال): | L4: ='خلاصه مالي صورت وضعیت'!G4:G5 -> 1197477151532
D5: تاریخ صورت‏وضعیت: | E5: ='خلاصه مالي صورت وضعیت'!E5 -> 1403/06/10
A6: ردیف | B6: W.B.S | C6: عنوان فعالیت | D6: هزینه کامل (ريال) | E6: وزن کامل (%) | F6: فصل مرتبط از فهرست بها | G6: گروه مشارکت | J6: مشاور زیربنایی | M6: کارفرما | P6: مدارك پشتيبان
G7: درصد پیشرفت از سرفصل (کل) | H7: درصد پیشرفت وزنی | I7: مبلغ (ریال) | J7: درصد پیشرفت از صد (کل) | K7: درصد پیشرفت وزنی | L7: مبلغ (ریال) | M7: درصد پیشرفت از صد (کل) | N7: درصد پیشرفت وزنی | O7: مبلغ (ریال)
A8: 1 | B8: 1.3.4 | C8: تجهیز مستمر کارگاه | D8: =E8*$L$4 -> 27541974485 | E8: =SUM(E9:E18) -> 0.023 | H8: =SUM(H9:H18) -> 0.023 | I8: =SUM(I9:I18) -> 2.7541974e+10 | J8: =L8/D8 -> 0.383 | K8: =SUM(K9:K18) -> 0.008809 | L8: =SUM(L9:L18) -> 1.0548576e+10
A9: 2 | B9: 1.3.4.1 | C9: تداوم تامين و نگهداري اقامت‌گاه عوامل پيمانكار، مشاور و كارفرما | D9: =E9*$L$4 -> 1.3770987e+09 | E9: =CBS!D39 -> 0.00115 | G9: 1 | H9: =G9*E9 -> 0.00115 | I9: =H9*$L$4 -> 1.3770987e+09 | J9: 0.383 | K9: =J9*E9 -> 0.00044045 | L9: =$L$4*K9 -> 5.2742881e+08 | M9: به نسبت پیشرفت فیزیکی پروژه (باتوجه به عدم پذیرش کیفیت بخشی از ابنیه فنی اجرا شده مسیر) دلیل اختلاف: درصد پیشرفت فیزیکی
A10: 3 | B10: 1.3.4.2 | C10: تامين و سرو خوراك عوامل پيمانكار، مشاور و كارفرما | D10: =E10*$L$4 -> 8.2625923e+09 | E10: =CBS!D40 -> 0.0069 | G10: 1 | H10: =G10*E10 -> 0.0069 | I10: =H10*$L$4 -> 8.2625923e+09 | J10: =J9 -> 0.383 | K10: =J10*E10 -> 0.0026427 | L10: =$L$4*K10 -> 3.1645729e+09
A11: 4 | B11: 1.3.4.3 | C11: برقراري سرويس اياب و ذهاب كارگاه | D11: =E11*$L$4 -> 6.8854936e+09 | E11: =CBS!D41 -> 0.00575 | G11: 1 | H11: =G11*E11 -> 0.00575 | I11: =H11*$L$4 -> 6.8854936e+09 | J11: =J10 -> 0.383 | K11: =J11*E11 -> 0.00220225 | L11: =$L$4*K11 -> 2.6371441e+09
A12: 5 | B12: 1.3.4.4 | C12: بكاربستن مفاد نظام ايمني و حفاظت كار | D12: =E12*$L$4 -> 2.7541974e+09 | E12: =CBS!D42 -> 0.0023 | G12: 1 | H12: =G12*E12 -> 0.0023 | I12: =H12*$L$4 -> 2.7541974e+09 | J12: =J11 -> 0.383 | K12: =J12*E12 -> 0.0008809 | L12: =$L$4*K12 -> 1.0548576e+09
A13: 6 | B13: 1.3.4.5 | C13: بكاربستن مفاد نظام بهداشت و حفظ محيط زيست | D13: =E13*$L$4 -> 2.7541974e+09 | E13: =CBS!D43 -> 0.0023 | G13: 1 | H13: =G13*E13 -> 0.0023 | I13: =H13*$L$4 -> 2.7541974e+09 | J13: =J12 -> 0.383 | K13: =J13*E13 -> 0.0008809 | L13: =$L$4*K13 -> 1.0548576e+09
A14: 7 | B14: 1.3.4.6 | C14: تداوم بهره‌مندي كارگاه از آب، برق، گاز، سوخت، تلفن و اينترنت | D14: =E14*$L$4 -> 4.1312962e+09 | E14: =CBS!D44 -> 0.00345 | G14: 1 | H14: =G14*E14 -> 0.00345 | I14: =H14*$L$4 -> 4.1312962e+09 | J14: =J13 -> 0.383 | K14: =J14*E14 -> 0.00132135 | L14: =$L$4*K14 -> 1.5822864e+09
A15: 8 | B15: 1.3.4.7 | C15: رعايت نظم و انضباط در محوطه و محيط‌هاي اداري، كارگاهي و كارگري در انطباق با 5s | D15: =E15*$L$4 -> 2.7541974e+08 | E15: =CBS!D45 -> 0.00023 | G15: 1 | H15: =G15*E15 -> 0.00023 | I15: =H15*$L$4 -> 2.7541974e+08 | J15: =J14 -> 0.383 | K15: =J15*E15 -> 8.809e-05 | L15: =$L$4*K15 -> 1.0548576e+08
A16: 9 | B16: 1.3.4.8 | C16: تداوم فعاليت‌هاي نت از طريق سنجش ميزان آماده بكار بودن ماشين‌آلات و تجهيزات | D16: =E16*$L$4 -> 5.5083949e+08 | E16: =CBS!D46 -> 0.00046 | G16: 1 | H16: =G16*E16 -> 0.00046 | I16: =H16*$L$4 -> 5.5083949e+08 | J16: =J15 -> 0.383 | K16: =J16*E16 -> 0.00017618 | L16: =$L$4*K16 -> 2.1097152e+08
A17: 10 | B17: 1.3.4.9 | C17: تداوم فعاليت‌هاي انبارداري و مديريت و حفاظت اقلام | D17: =E17*$L$4 -> 2.7541974e+08 | E17: =CBS!D47 -> 0.00023 | G17: 1 | H17: =G17*E17 -> 0.00023 | I17: =H17*$L$4 -> 2.7541974e+08 | J17: =J16 -> 0.383 | K17: =J17*E17 -> 8.809e-05 | L17: =$L$4*K17 -> 1.0548576e+08
A18: 11 | B18: 1.3.4.10 | C18: تداوم حفظ و نگهداري دفاتر، محيط‌هاي اداري و پشتيباني در سطح استاندارد نور و تهويه و ... | D18: =E18*$L$4 -> 2.7541974e+08 | E18: =CBS!D48 -> 0.00023 | G18: 1 | H18: =G18*E18 -> 0.00023 | I18: =H18*$L$4 -> 2.7541974e+08 | J18: =J17 -> 0.383 | K18: =J18*E18 -> 8.809e-05 | L18: =$L$4*K18 -> 1.0548576e+08

Sheet خدمات طراحي  مهندسي پیش از اجرا
D1: کارفرما: | E1: راه‏آهن جمهوری اسلامی ایران | J1: عنوان قرارداد: | L1: طراحی، تأمین و اجرای دو خطه کردن راه‏آهن (زیرسازی، پل‏سازی، روسازی) محور مشك-سيستان
D2: مشاور طرح: | E2: مهندسین مشاور صحن بوستان
D3: مشارکت: | E3: مشاركت تكنيك-پل‏رود-کنکاوان معدن شیراز | J3: شماره و تاریخ ابلاغ قرارداد: | L3: 400/66891/ی مورخ 93/11/20
D4: صورت‏وضعیت شماره: | E4: موقت 16 | J4: مبلغ قرارداد (ریال): | L4: ='خلاصه مالي صورت وضعیت'!G4:G5 -> 1197477151532
D5: تاریخ صورت‏وضعیت: | E5: ='خلاصه مالي صورت وضعیت'!E5 -> 1403/06/10
A6: ردیف | B6: W.B.S | C6: عنوان فعالیت | D6: هزینه کامل (ريال) | E6: وزن کامل (%) | F6: فصل مرتبط از فهرست بها | G6: گروه مشارکت | J6: مشاور زیربنایی | M6: کارفرما | P6: مدارك پشتيبان
G7: درصد پیشرفت از سرفصل (کل) | H7: درصد پیشرفت وزنی | I7: مبلغ (ریال) | J7: درصد پیشرفت از صد (کل) | K7: درصد پیشرفت وزنی | L7: مبلغ (ریال) | M7: درصد پیشرفت از صد (کل) | N7: درصد پیشرفت وزنی | O7: مبلغ (ریال)
A8: 1 | B8: 1.4.1 | C8: خدمات طراحي و مهندسی پيش از اجرا | D8: =E8*$L$4 -> 2.095585e+10 | E8: =SUM(E9:E15,E21,E27:E33,E39,E45:E51) -> 0.0175 | H8: =SUM(H9:H15,H21,H27:H33,H39,H45:H51) -> 0.0175 | I8: =SUM(I9:I15,I21,I27:I33,I39,I45:I51) -> 2.095585e+10 | J8: =L8/D8 -> 1 | K8: =J8*E8 -> 0.0175 | L8: =L9+L10+L11+L12+L13+L14+L15+L21+L28+L29+L30+L31+L32+L33+L39+L45+L46+L47+L48+L49+L50+L51+L27 -> 2.095585e+10
A9: 2 | B9: 1.4.1.1 | C9: آغاز مطالعات مهندسي و طراحي | D9: =E9*$L$4 -> 0 | E9: =CBS!D51 -> 0 | G9: 1 | H9: =G9*E9 -> 0 | I9: =H9*$L$4 -> 0 | K9: =J9*E9 -> 0 | L9: =J9*D9 -> 0
A10: 3 | B10: 1.4.1.2 | C10: نقشه‌هاي توپوگرافی براساس برداشت مستقیم زمینی (1:2000 و1:500) | D10: =E10*$L$4 -> 4.19117e+09 | E10: =CBS!D52 -> 0.0035 | G10: 1 | H10: =G10*E10 -> 0.0035 | I10: =H10*$L$4 -> 4.19117e+09 | J10: 1 | K10: =J10*E10 -> 0.0035 | L10: =J10*D10 -> 4.19117e+09
A11: 4 | B11: 1.4.1.3 | C11: مطالعات اولیه شناخت و تحلیل وضع موجود | D11: =E11*$L$4 -> 8.3823401e+08 | E11: =CBS!D53 -> 0.0007 | G11: 1 | H11: =G11*E11 -> 0.0007 | I11: =H11*$L$4 -> 8.3823401e+08 | J11: 1 | K11: =J11*E11 -> 0.0007 | L11: =J11*D11 -> 8.3823401e+08
A12: 5 | B12: 1.4.1.4 | C12: مطالعات طراحي رعايت سرعت طرح در طول محور و برآورد مقايسه‌اي مسير حركت در حريم | D12: =E12*$L$4 -> 1.1974772e+09 | E12: =CBS!D54 -> 0.001 | G12: 1 | H12: =G12*E12 -> 0.001 | I12: =H12*$L$4 -> 1.1974772e+09 | J12: 1 | K12: =J12*E12 -> 0.001 | L12: =J12*D12 -> 1.1974772e+09
A13: 6 | B13: 1.4.1.5 | C13: مطالعات اولیه ژئوتکنیک و برداشت وضع موجود | D13: =E13*$L$4 -> 4.19117e+08 | E13: =CBS!D55 -> 0.00035 | G13: 1 | H13: =G13*E13 -> 0.00035 | I13: =H13*$L$4 -> 4.19117e+08 | J13: 1 | K13: =J13*E13 -> 0.00035 | L13: =J13*D13 -> 4.19117e+08
A14: 7 | B14: 1.4.1.6 | C14: گزارش مطالعات تکمیلی ژئوتکنیک (صحرایی و آزمایشگاهی) | D14: =E14*$L$4 -> 4.19117e+08 | E14: =CBS!D56 -> 0.00035 | G14: 1 | H14: =G14*E14 -> 0.00035 | I14: =H14*$L$4 -> 4.19117e+08 | J14: 1 | K14: =J14*E14 -> 0.00035 | L14: =J14*D14 -> 4.19117e+08
A15: 8 | B15: 1.4.1.7 | C15: گزارش طراحی روسازی | D15: =E15*$L$4 -> 1.1974772e+09 | E15: =SUM(E16:E20) -> 0.001 | H15: =SUM(H16:H20) -> 0.001 | I15: =SUM(I16:I20) -> 1.1974772e+09 | J15: 1 | K15: =J15*E15 -> 0.001 | L15: =J15*D15 -> 1.1974772e+09
A16: 9 | B16: 1.4.1.7.1 | C16: بالاست | D16: =E16*$L$4 -> 2.3949543e+08 | E16: =CBS!D58 -> 0.0002 | G16: 1 | H16: =G16*E16 -> 0.0002 | I16: =H16*$L$4 -> 2.3949543e+08 | K16: =J16*E16 -> 0 | L16: =J16*D16 -> 0
A17: 10 | B17: 1.4.1.7.2 | C17: تراورس | D17: =E17*$L$4 -> 2.3949543e+08 | E17: =CBS!D59 -> 0.0002 | G17: 1 | H17: =G17*E17 -> 0.0002 | I17: =H17*$L$4 -> 2.3949543e+08 | K17: =J17*E17 -> 0 | L17: =J17*D17 -> 0
A18: 11 | B18: 1.4.1.7.3 | C18: پابند | D18: =E18*$L$4 -> 2.3949543e+08 | E18: =CBS!D60 -> 0.0002 | G18: 1 | H18: =G18*E18 -> 0.0002 | I18: =H18*$L$4 -> 2.3949543e+08 | K18: =J18*E18 -> 0 | L18: =J18*D18 -> 0
A19: 12 | B19: 1.4.1.7.4 | C19: ریل | D19: =E19*$L$4 -> 2.3949543e+08 | E19: =CBS!D61 -> 0.0002 | G19: 1 | H19: =G19*E19 -> 0.0002 | I19: =H19*$L$4 -> 2.3949543e+08 | K19: =J19*E19 -> 0 | L19: =J19*D19 -> 0
A20: 13 | B20: 1.4.1.7.5 | C20: سوزن | D20: =E20*$L$4 -> 2.3949543e+08 | E20: =CBS!D62 -> 0.0002 | G20: 1 | H20: =G20*E20 -> 0.0002 | I20: =H20*$L$4 -> 2.3949543e+08 | K20: =J20*E20 -> 0 | L20: =J20*D20 -> 0
A21: 14 | B21: 1.4.1.8 | C21: نقشه‏های اجرایی روسازی | D21: =E21*$L$4 -> 1.1974772e+09 | E21: =SUM(E22:E26) -> 0.001 | H21: =SUM(H22:H26) -> 0.001 | I21: =SUM(I22:I26) -> 1.1974772e+09 | J21: 1 | L21: =J21*D21 -> 1.1974772e+09
A22: 15 | B22: 1.4.1.8.1 | C22: بالاست | D22: =E22*$L$4 -> 2.3949543e+08 | E22: =CBS!D64 -> 0.0002 | G22: 1 | H22: =G22*E22 -> 0.0002 | I22: =H22*$L$4 -> 2.3949543e+08 | K22: =J22*E22 -> 0 | L22: =J22*D22 -> 0
A23: 16 | B23: 1.4.1.8.2 | C23: تراورس | D23: =E23*$L$4 -> 2.3949543e+08 | E23: =CBS!D65 -> 0.0002 | G23: 1 | H23: =G23*E23 -> 0.0002 | I23: =H23*$L$4 -> 2.3949543e+08 | K23: =J23*E23 -> 0 | L23: =J23*D23 -> 0
A24: 17 | B24: 1.4.1.8.3 | C24: پابند | D24: =E24*$L$4 -> 2.3949543e+08 | E24: =CBS!D66 -> 0.0002 | G24: 1 | H24: =G24*E24 -> 0.0002 | I24: =H24*$L$4 -> 2.3949543e+08 | K24: =J24*E24 -> 0 | L24: =J24*D24 -> 0
A25: 18 | B25: 1.4.1.8.4 | C25: ریل | D25: =E25*$L$4 -> 2.3949543e+08 | E25: =CBS!D67 -> 0.0002 | G25: 1 | H25: =G25*E25 -> 0.0002 | I25: =H25*$L$4 -> 2.3949543e+08 | K25: =J25*E25 -> 0 | L25: =J25*D25 -> 0
A26: 19 | B26: 1.4.1.8.5 | C26: سوزن | D26: =E26*$L$4 -> 2.3949543e+08 | E26: =CBS!D68 -> 0.0002 | G26: 1 | H26: =G26*E26 -> 0.0002 | I26: =H26*$L$4 -> 2.3949543e+08 | K26: =J26*E26 -> 0 | L26: =J26*D26 -> 0
A27: 20 | B27: 1.4.1.9 | C27: گزارش روش اجرای روسازی (خطوط و سوز‌ن‌ها) | D27: =E27*$L$4 -> 1.1974772e+09 | E27: =CBS!D69 -> 0.001 | G27: 1 | H27: =G27*E27 -> 0.001 | I27: =H27*$L$4 -> 1.1974772e+09 | J27: 1 | K27: =J27*E27 -> 0.001 | L27: =J27*D27 -> 1.1974772e+09
A28: 21 | B28: 1.4.1.10 | C28: گزارش طرح هندسی مسیر | D28: =E28*$L$4 -> 5.9873858e+08 | E28: =CBS!D70 -> 0.0005 | G28: 1 | H28: =G28*E28 -> 0.0005 | I28: =H28*$L$4 -> 5.9873858e+08 | J28: 1 | K28: =J28*E28 -> 0.0005 | L28: =J28*D28 -> 5.9873858e+08
A29: 22 | B29: 1.4.1.11 | C29: نقشه‏های پلان طرح هندسی مسیر | D29: =E29*$L$4 -> 2.3949543e+08 | E29: =CBS!D71 -> 0.0002 | G29: 1 | H29: =G29*E29 -> 0.0002 | I29: =H29*$L$4 -> 2.3949543e+08 | J29: 1 | K29: =J29*E29 -> 0.0002 | L29: =J29*D29 -> 2.3949543e+08
A30: 23 | B30: 1.4.1.12 | C30: نقشه‏های پروفیل طولی | D30: =E30*$L$4 -> 2.3949543e+08 | E30: =CBS!D72 -> 0.0002 | G30: 1 | H30: =G30*E30 -> 0.0002 | I30: =H30*$L$4 -> 2.3949543e+08 | J30: 1 | K30: =J30*E30 -> 0.0002 | L30: =J30*D30 -> 2.3949543e+08
A31: 24 | B31: 1.4.1.13 | C31: نقشه‏های مقاطع عرضی | D31: =E31*$L$4 -> 1.1974772e+09 | E31: =CBS!D73 -> 0.001 | G31: 1 | H31: =G31*E31 -> 0.001 | I31: =H31*$L$4 -> 1.1974772e+09 | J31: 1 | K31: =J31*E31 -> 0.001 | L31: =J31*D31 -> 1.1974772e+09
A32: 25 | B32: 1.4.1.14 | C32: ارائه احجام عملیات خاکی براساس میخکوبی | D32: =E32*$L$4 -> 3.5924315e+08 | E32: =CBS!D74 -> 0.0003 | G32: 1 | H32: =G32*E32 -> 0.0003 | I32: =H32*$L$4 -> 3.5924315e+08 | J32: 1 | K32: =J32*E32 -> 0.0003 | L32: =J32*D32 -> 3.5924315e+08
A33: 26 | B33: 1.4.1.15 | C33: گزارش محاسباتی پل‌های مسیر | D33: =E33*$L$4 -> 1.1974772e+09 | E33: =CBS!D75 -> 0.001 | H33: =SUM(H34:H38) -> 0.001 | I33: =SUM(I34:I38) -> 1.1974772e+09 | J33: 1 | K33: =J33*E33 -> 0.001 | L33: =J33*D33 -> 1.1974772e+09
A34: 27 | B34: 1.4.1.15.1 | C34: پلهای با دهانه 1 متر | D34: =E34*$L$4 -> 2.3949543e+08 | E34: =CBS!D76 -> 0.0002 | G34: 1 | H34: =G34*E34 -> 0.0002 | I34: =H34*$L$4 -> 2.3949543e+08 | K34: =J34*E34 -> 0 | L34: =J34*D34 -> 0
A35: 28 | B35: 1.4.1.15.2 | C35: پلهای با دهانه 2 متر | D35: =E35*$L$4 -> 2.3949543e+08 | E35: =CBS!D77 -> 0.0002 | G35: 1 | H35: =G35*E35 -> 0.0002 | I35: =H35*$L$4 -> 2.3949543e+08 | K35: =J35*E35 -> 0 | L35: =J35*D35 -> 0
A36: 29 | B36: 1.4.1.15.3 | C36: پلهای با دهانه 3 متر | D36: =E36*$L$4 -> 2.3949543e+08 | E36: =CBS!D78 -> 0.0002 | G36: 1 | H36: =G36*E36 -> 0.0002 | I36: =H36*$L$4 -> 2.3949543e+08 | K36: =J36*E36 -> 0 | L36: =J36*D36 -> 0
A37: 30 | B37: 1.4.1.15.4 | C37: پلهای با دهانه بیش از 3 متر | D37: =E37*$L$4 -> 2.3949543e+08 | E37: =CBS!D79 -> 0.0002 | G37: 1 | H37: =G37*E37 -> 0.0002 | I37: =H37*$L$4 -> 2.3949543e+08 | K37: =J37*E37 -> 0 | L37: =J37*D37 -> 0
A38: 31 | B38: 1.4.1.15.5 | C38: قطعات پیش‏ساخته دیوار برگشتی | D38: =E38*$L$4 -> 2.3949543e+08 | E38: =CBS!D80 -> 0.0002 | G38: 1 | H38: =G38*E38 -> 0.0002 | I38: =H38*$L$4 -> 2.3949543e+08 | K38: =J38*E38 -> 0 | L38: =J38*D38 -> 0
A39: 32 | B39: 1.4.1.16 | C39: نقشه‌های اجرایی پل‌های مسیر | D39: =E39*$L$4 -> 2.9936929e+09 | E39: =CBS!D81 -> 0.0025 | H39: =SUM(H40:H44) -> 0.0025 | I39: =SUM(I40:I44) -> 2.9936929e+09 | J39: 1 | L39: =J39*D39 -> 2.9936929e+09
A40: 33 | B40: 1.4.1.16.1 | C40: پلهای با دهانه 1 متر | D40: =E40*$L$4 -> 5.9873858e+08 | E40: =CBS!D82 -> 0.0005 | G40: 1 | H40: =G40*E40 -> 0.0005 | I40: =H40*$L$4 -> 5.9873858e+08 | K40: =J40*E40 -> 0 | L40: =J40*D40 -> 0
A41: 34 | B41: 1.4.1.16.2 | C41: پلهای با دهانه 2 متر | D41: =E41*$L$4 -> 5.9873858e+08 | E41: =CBS!D83 -> 0.0005 | G41: 1 | H41: =G41*E41 -> 0.0005 | I41: =H41*$L$4 -> 5.9873858e+08 | K41: =J41*E41 -> 0 | L41: =J41*D41 -> 0
A42: 35 | B42: 1.4.1.16.3 | C42: پلهای با دهانه 3 متر | D42: =E42*$L$4 -> 5.9873858e+08 | E42: =CBS!D84 -> 0.0005 | G42: 1 | H42: =G42*E42 -> 0.0005 | I42: =H42*$L$4 -> 5.9873858e+08 | K42: =J42*E42 -> 0 | L42: =J42*D42 -> 0
A43: 36 | B43: 1.4.1.16.4 | C43: پلهای با دهانه بیش از 3 متر | D43: =E43*$L$4 -> 5.9873858e+08 | E43: =CBS!D85 -> 0.0005 | G43: 1 | H43: =G43*E43 -> 0.0005 | I43: =H43*$L$4 -> 5.9873858e+08 | K43: =J43*E43 -> 0 | L43: =J43*D43 -> 0
A44: 37 | B44: 1.4.1.16.5 | C44: نقشه‏های قطعات پیش ساخته دیوار برگشتی | D44: =E44*$L$4 -> 5.9873858e+08 | E44: =CBS!D86 -> 0.0005 | G44: 1 | H44: =G44*E44 -> 0.0005 | I44: =H44*$L$4 -> 5.9873858e+08 | K44: =J44*E44 -> 0 | L44: =J44*D44 -> 0
A45: 38 | B45: 1.4.1.17 | C45: نقشه‏های تیپ مقاطع عرضی | D45: =E45*$L$4 -> 1.1974772e+09 | E45: =CBS!D87 -> 0.001 | G45: 1 | H45: =G45*E45 -> 0.001 | I45: =H45*$L$4 -> 1.1974772e+09 | J45: 1 | K45: =J45*E45 -> 0.001 | L45: =J45*D45 -> 1.1974772e+09
A46: 39 | B46: 1.4.1.18 | C46: گزارش زیرسازی مسیر | D46: =E46*$L$4 -> 4.19117e+08 | E46: =CBS!D88 -> 0.00035 | G46: 1 | H46: =G46*E46 -> 0.00035 | I46: =H46*$L$4 -> 4.19117e+08 | J46: 1 | K46: =J46*E46 -> 0.00035 | L46: =J46*D46 -> 4.19117e+08
A47: 40 | B47: 1.4.1.19 | C47: نقشه‏های تیپ زیرسازی | D47: =E47*$L$4 -> 4.19117e+08 | E47: =CBS!D89 -> 0.00035 | G47: 1 | H47: =G47*E47 -> 0.00035 | I47: =H47*$L$4 -> 4.19117e+08 | J47: 1 | K47: =J47*E47 -> 0.00035 | L47: =J47*D47 -> 4.19117e+08
A48: 41 | B48: 1.4.1.20 | C48: گزارش زمین شناسی مسیر | D48: =E48*$L$4 -> 4.19117e+08 | E48: =CBS!D90 -> 0.00035 | G48: 1 | H48: =G48*E48 -> 0.00035 | I48: =H48*$L$4 -> 4.19117e+08 | J48: 1 | K48: =J48*E48 -> 0.00035 | L48: =J48*D48 -> 4.19117e+08
A49: 42 | B49: 1.4.1.21 | C49: پلان هیدرولوژی حوضه‏های آبریز مسیر | D49: =E49*$L$4 -> 5.9873858e+08 | E49: =CBS!D91 -> 0.0005 | G49: 1 | H49: =G49*E49 -> 0.0005 | I49: =H49*$L$4 -> 5.9873858e+08 | J49: 1 | K49: =J49*E49 -> 0.0005 | L49: =J49*D49 -> 5.9873858e+08
A50: 43 | B50: 1.4.1.22 | C50: گزارش هیدرولوژی مسیر | D50: =E50*$L$4 -> 4.19117e+08 | E50: =CBS!D92 -> 0.00035 | G50: 1 | H50: =G50*E50 -> 0.00035 | I50: =H50*$L$4 -> 4.19117e+08 | J50: 1 | K50: =J50*E50 -> 0.00035 | L50: =J50*D50 -> 4.19117e+08
A51: 44 | B51: 1.4.1.23 | C51: پايان خدمات طراحي و مهندسي پيش از اجرا | D51: =E51*$L$4 -> 0 | E51: =CBS!D93 -> 0 | G51: 0 | H51: =G51*E51 -> 0 | I51: =H51*$L$4 -> 0 | K51: =J51*E51 -> 0 | L51: =J51*D51 -> 0

Sheet خدمات طراحي و مهندسي حین اجرا
D1: کارفرما: | E1: راه‏آهن جمهوری اسلامی ایران | J1: عنوان قرارداد: | L1: طراحی، تأمین و اجرای دو خطه کردن راه‏آهن (زیرسازی، پل‏سازی، روسازی) محور مشك-سيستان
D2: مشاور طرح: | E2: مهندسین مشاور صحن بوستان
D3: مشارکت: | E3: مشاركت تكنيك-پل‏رود-کنکاوان معدن شیراز | J3: شماره و تاریخ ابلاغ قرارداد: | L3: 400/66891/ی مورخ 93/11/20
D4: صورت‏وضعیت شماره: | E4: موقت 16 | J4: مبلغ قرارداد (ریال): | L4: ='خلاصه مالي صورت وضعیت'!G4:G5 -> 1197477151532
D5: تاریخ صورت‏وضعیت: | E5: ='خلاصه مالي صورت وضعیت'!E5 -> 1403/06/10
A6: ردیف | B6: W.B.S | C6: عنوان فعالیت | D6: هزینه کامل (ريال) | E6: وزن کامل (%) | F6: فصل مرتبط از فهرست بها | G6: گروه مشارکت | J6: مشاور زیربنایی | M6: کارفرما | P6: مدارك پشتيبان
G7: درصد پیشرفت از سرفصل (کل) | H7: درصد پیشرفت وزنی | I7: مبلغ (ریال) | J7: درصد پیشرفت از صد (کل) | K7: درصد پیشرفت وزنی | L7: مبلغ (ریال) | M7: درصد پیشرفت از صد (کل) | N7: درصد پیشرفت وزنی | O7: مبلغ (ریال)
A8: 1 | B8: 1.4.2 | C8: خدمات مهندسی حین اجرا | D8: =E8*$L$4 -> 3.8918007e+10 | E8: =SUM(E9:E15) -> 0.0325 | H8: =SUM(H9:H15) -> 0.02895 | I8: =SUM(I9:I15) -> 3.4666964e+10 | J8: =(J9*$E$9+J10*$E$10+J11*$E$11+J12*$E$12+J13*$E$13+J14*$E$14+J15*$E$15)/$E$8 -> 0.34116462 | K8: =SUM(K9:K15) -> 0.01108785 | L8: =SUM(L9:L15) -> 1.3277447e+10
A9: 2 | B9: 1.4.2.1 | C9: استقرار عوامل نظارت كيفي كارگاه در انطباق با بند 2-3 پيوست شماره 1 قرارداد | D9: =E9*$L$4 -> 1.365124e+10 | E9: =CBS!D95 -> 0.0114 | G9: 1 | H9: =G9*E9 -> 0.0114 | I9: =H9*$L$4 -> 1.365124e+10 | J9: 0.383 | K9: =J9*$E9 -> 0.0043662 | L9: =J9*D9 -> 5.2284247e+09 | M9: به میزان پیشرفت فیزیکی پروژه (نظارت بر تامین و اجرای روسازی توسط پیمانکار انجام نگردید) ضمن اینکه طبق مکاتبات موجود عوامل نظارت و کیفیت نظارت نیز مورد تائید نبوده است. نقشه های چون ساخت و كتابچه‌هاي بهره‌برداري، نگهداري و تعميرات، توسط پیمانکار تهیه و ارائه نشده است دلیل اختلاف: درصد پیشرفت در این بخش
A10: 3 | B10: 1.4.2.2 | C10: انجام آزمايشات مورد لزوم حين اجرا و ارائه نتايج و گزارشات تحليلي | D10: =E10*$L$4 -> 8.9810786e+09 | E10: =CBS!D96 -> 0.0075 | G10: 1 | H10: =G10*E10 -> 0.0075 | I10: =H10*$L$4 -> 8.9810786e+09 | J10: =J9 -> 0.383 | K10: =J10*$E10 -> 0.0028725 | L10: =J10*D10 -> 3.4397531e+09
A11: 4 | B11: 1.4.2.3 | C11: كاليبراسيون ادواري تجهيزات پايش و اندازه‌ گيري | D11: =E11*$L$4 -> 7.7836015e+08 | E11: =CBS!D97 -> 0.00065 | G11: 1 | H11: =G11*E11 -> 0.00065 | I11: =H11*$L$4 -> 7.7836015e+08 | J11: =J10 -> 0.383 | K11: =J11*$E11 -> 0.00024895 | L11: =J11*D11 -> 2.9811194e+08
A12: 5 | B12: 1.4.2.4 | C12: تهيه دستورالعمل‌ها و نقشه‌هاي فني كارگاهي | D12: =E12*$L$4 -> 3.4726837e+09 | E12: =CBS!D98 -> 0.0029 | G12: 1 | H12: =G12*E12 -> 0.0029 | I12: =H12*$L$4 -> 3.4726837e+09 | J12: =J11 -> 0.383 | K12: =J12*$E12 -> 0.0011107 | L12: =J12*D12 -> 1.3300379e+09
A13: 6 | B13: 1.4.2.5 | C13: انجام تعهدات برنامه‌ريزي و مديريت محدوده، زمان و هزينه براساس نظام مديريت پروژه، ارائه گزارشات عملكرد پروژه، برپايي و شركت در جلسات كنترل پروژه و پيگيري مصوبات جلسه | D13: =E13*$L$4 -> 7.7836015e+09 | E13: =CBS!D99 -> 0.0065 | G13: 1 | H13: =G13*E13 -> 0.0065 | I13: =H13*$L$4 -> 7.7836015e+09 | J13: =J12 -> 0.383 | K13: =J13*$E13 -> 0.0024895 | L13: =J13*D13 -> 2.9811194e+09
A14: 7 | B14: 1.4.2.6 | C14: تهيه نقشه‏هاي چون ساخت | D14: =E14*$L$4 -> 3.4726837e+09 | E14: =CBS!D100 -> 0.0029 | G14: 0 | H14: =G14*E14 -> 0 | I14: =H14*$L$4 -> 0 | J14: 0 | K14: =J14*$E14 -> 0 | L14: =J14*D14 -> 0
A15: 8 | B15: 1.4.2.7 | C15: تهيه كتابچه‌هاي بهره‌برداري، نگهداري و تعميرات | D15: =E15*$L$4 -> 7.7836015e+08 | E15: =CBS!D101 -> 0.00065 | G15: 0 | H15: =G15*E15 -> 0 | I15: =H15*$L$4 -> 0 | J15: 0 | K15: =J15*$E15 -> 0 | L15: =J15*D15 -> 0

Sheet خدمات مهندسي حين اجرا
D1: کارفرما: | E1: راه آهن جمهوری اسلامی ایران | K1: صورت وضعبت شماره: | M1: تاریخ صورت وضعیت:
D2: مشاور طرح: | E2: مهندسین مشاور صحن بوستان | K2: عنوان قرارداد:
D3: پیمانکار: | K3: تاریخ قرارداد: | M3: شماره قرارداد:
K4: مبلغ قرارداد: | L4: 768000000000
A5: ردیف | B5: W.B.S | C5: عنوان فعالیت | D5: هزینه کامل (ريال) | E5: وزن کامل (%) | F5: فصل فهرست بها | G5: گروه مشارکت | J5: مشاور زیر بنایی | M5: کارفرما | P5: مدارك پشتيبان
G6: درصد پیشرفت (از 100) | H6: درصد پیشرفت وزنی | I6: مبلغ (ریال) | J6: درصد پیشرفت (از 100) | K6: درصد پیشرفت وزنی | L6: مبلغ (ریال) | M6: درصد پیشرفت (از 100) | N6: درصد پیشرفت وزنی | O6: مبلغ (ریال)
A7: 1 | B7: 1.4.1.2 | C7: خدمات مهندسی حین اجرا | D7: =E7*$L$4/100 -> 5.2912269e+10 | E7: ='جمع بندي صورت وضعیت'!E18 -> 6.8896184 | G7: =(G8*$E$8+G9*$E$9+G10*$E$10+G11*$E$11+G12*$E$12+G13*$E$13+G14*$E$14)/$E$7 -> 0 | H7: =SUM(H8:H14) -> 0 | I7: =SUM(I8:I14) -> 0 | J7: =(J8*$E$8+J9*$E$9+J10*$E$10+J11*$E$11+J12*$E$12+J13*$E$13+J14*$E$14)/$E$7 -> 0 | K7: =SUM(K8:K14) -> 0 | L7: =SUM(L8:L14) -> 0 | M7: =(M8*$E$8+M9*$E$9+M10*$E$10+M11*$E$11+M12*$E$12+M13*$E$13+M14*$E$14)/$E$7 -> 0 | N7: =SUM(N8:N14) -> 0 | O7: =SUM(O8:O14) -> 0
A8: 2 | B8: 1.4.1.2.1 | C8: استقرار عوامل نظارت كيفي كارگاه در انطباق با بند 2-3 پيوست شماره 1 قرارداد | D8: =E8*$L$4/100 -> 1.8519294e+10 | E8: 2.4113664 | H8: =G8*$E8 -> 0 | I8: =G8*$D8 -> 0 | K8: =J8*$E8 -> 0 | L8: =J8*$D8 -> 0 | N8: =M8*$E8 -> 0 | O8: =M8*$D8 -> 0
A9: 3 | B9: 1.4.1.2.2 | C9: انجام آزمايشات مورد لزوم حين اجرا و ارائه نتايج و گزارشات تحليلي | D9: =E9*$L$4/100 -> 1.2169822e+10 | E9: 1.5846122 | H9: =G9*E9 -> 0 | I9: =G9*D9 -> 0 | K9: =J9*$E9 -> 0 | L9: =J9*$D9 -> 0 | N9: =M9*$E9 -> 0 | O9: =M9*$D9 -> 0
A10: 4 | B10: 1.4.1.2.3 | C10: كاليبراسيون ادواري تجهيزات پايش و اندازه‌ گيري | D10: =E10*$L$4/100 -> 1.0582454e+09 | E10: 0.13779237 | H10: =G10*E10 -> 0 | I10: =G10*D10 -> 0 | K10: =J10*$E10 -> 0 | L10: =J10*$D10 -> 0 | N10: =M10*$E10 -> 0 | O10: =M10*$D10 -> 0
A11: 5 | B11: 1.4.1.2.4 | C11: تهيه دستورالعمل‌ها و نقشه‌هاي فني كارگاهي | D11: =E11*$L$4/100 -> 4.7621042e+09 | E11: 0.62006565 | H11: =G11*E11 -> 0 | I11: =G11*D11 -> 0 | K11: =J11*$E11 -> 0 | L11: =J11*$D11 -> 0 | N11: =M11*$E11 -> 0 | O11: =M11*$D11 -> 0
A12: 6 | B12: 1.4.1.2.5 | C12: انجام تعهدات برنامه‌ريزي و مديريت محدوده، زمان و هزينه براساس نظام مديريت پروژه، ارائه گزارشات عملكرد پروژه، برپايي و شركت در جلسات كنترل پروژه و پيگيري مصوبات جلسه | D12: =E12*$L$4/100 -> 1.0582454e+10 | E12: 1.3779237 | H12: =G12*E12 -> 0 | I12: =G12*D12 -> 0 | K12: =J12*$E12 -> 0 | L12: =J12*$D12 -> 0 | N12: =M12*$E12 -> 0 | O12: =M12*$D12 -> 0
A13: 7 | B13: 1.4.1.2.6 | C13: تهيه نقشه هاي چون ساخت | D13: =E13*$L$4/100 -> 4.7621042e+09 | E13: 0.62006565 | H13: =G13*E13 -> 0 | I13: =G13*D13 -> 0 | K13: =J13*$E13 -> 0 | L13: =J13*$D13 -> 0 | N13: =M13*$E13 -> 0 | O13: =M13*$D13 -> 0
A14: 8 | B14: 1.4.1.2.7 | C14: تهيه كتابچه‌هاي بهره‌برداري، نگهداري و تعميرات | D14: =E14*$L$4/100 -> 1.0582454e+09 | E14: 0.13779237 | H14: =G14*E14 -> 0 | I14: =G14*D14 -> 0 | K14: =J14*$E14 -> 0 | L14: =J14*$D14 -> 0 | N14: =M14*$E14 -> 0 | O14: =M14*$D14 -> 0
A15: 11 | B15: 1.4.1.2.11 | H15: =G15*E15 -> 0 | I15: =G15*D15 -> 0 | K15: =J15*E15 -> 0 | L15: =J15*D15 -> 0 | N15: =M15*E15 -> 0 | O15: =M15*D15 -> 0
A16: 12 | B16: 1.4.1.2.12 | H16: =G16*E16 -> 0 | I16: =G16*D16 -> 0 | K16: =J16*E16 -> 0 | L16: =J16*D16 -> 0 | N16: =M16*E16 -> 0 | O16: =M16*D16 -> 0
A17: 13 | B17: 1.4.1.2.13 | H17: =G17*E17 -> 0 | I17: =G17*D17 -> 0 | K17: =J17*E17 -> 0 | L17: =J17*D17 -> 0 | N17: =M17*E17 -> 0 | O17: =M17*D17 -> 0
A18: 14 | B18: 1.4.1.2.14 | H18: =G18*E18 -> 0 | I18: =G18*D18 -> 0 | K18: =J18*E18 -> 0 | L18: =J18*D18 -> 0 | N18: =M18*E18 -> 0 | O18: =M18*D18 -> 0
A19: 15 | B19: 1.4.1.2.15 | H19: =G19*E19 -> 0 | I19: =G19*D19 -> 0 | K19: =J19*E19 -> 0 | L19: =J19*D19 -> 0 | N19: =M19*E19 -> 0 | O19: =M19*D19 -> 0
A20: 16 | B20: 1.4.1.2.16 | H20: =G20*E20 -> 0 | I20: =G20*D20 -> 0 | K20: =J20*E20 -> 0 | L20: =J20*D20 -> 0 | N20: =M20*E20 -> 0 | O20: =M20*D20 -> 0
A21: 17 | B21: 1.4.1.2.17 | H21: =G21*E21 -> 0 | I21: =G21*D21 -> 0 | K21: =J21*E21 -> 0 | L21: =J21*D21 -> 0 | N21: =M21*E21 -> 0 | O21: =M21*D21 -> 0
A22: 18 | B22: 1.4.1.2.18 | H22: =G22*E22 -> 0 | I22: =G22*D22 -> 0 | K22: =J22*E22 -> 0 | L22: =J22*D22 -> 0 | N22: =M22*E22 -> 0 | O22: =M22*D22 -> 0
A23: 19 | B23: 1.4.1.2.19 | H23: =G23*E23 -> 0 | I23: =G23*D23 -> 0 | K23: =J23*E23 -> 0 | L23: =J23*D23 -> 0 | N23: =M23*E23 -> 0 | O23: =M23*D23 -> 0
A24: 20 | B24: 1.4.1.2.20 | H24: =G24*E24 -> 0 | I24: =G24*D24 -> 0 | K24: =J24*E24 -> 0 | L24: =J24*D24 -> 0 | N24: =M24*E24 -> 0 | O24: =M24*D24 -> 0
A25: 21 | B25: 1.4.1.2.21 | H25: =G25*E25 -> 0 | I25: =G25*D25 -> 0 | K25: =J25*E25 -> 0 | L25: =J25*D25 -> 0 | N25: =M25*E25 -> 0 | O25: =M25*D25 -> 0
A26: 22 | B26: 1.4.1.2.22 | H26: =G26*E26 -> 0 | I26: =G26*D26 -> 0 | K26: =J26*E26 -> 0 | L26: =J26*D26 -> 0 | N26: =M26*E26 -> 0 | O26: =M26*D26 -> 0
... A29: 25 | B29: 1.4.1.2.25 | H29: =G29*E29 -> 0 | I29: =G29*D29 -> 0 | K29: =J29*E29 -> 0 | L29: =J29*D29 -> 0 | N29: =M29*E29 -> 0 | O29: =M29*D29 -> 0
A30: مهر و امضإ گروه مشارکت شرکت مشاور مشاور | G30: مهر و امضا مشاور زیر بنایی مهندسین مشاور صحن بوستان | L30: کارفرما

Sheet خدمات تامین
D1: کارفرما: | E1: راه‏آهن جمهوری اسلامی ایران | J1: عنوان قرارداد: | L1: طراحی، تأمین و اجرای دو خطه کردن راه‏آهن (زیرسازی، پل‏سازی، روسازی) محور مشك-سيستان
D2: مشاور طرح: | E2: مهندسین مشاور صحن بوستان
D3: مشارکت: | E3: مشاركت تكنيك-پل‏رود-کنکاوان معدن شیراز | J3: شماره و تاریخ ابلاغ قرارداد: | L3: 400/66891/ی مورخ 93/11/20
D4: صورت‏وضعیت شماره: | E4: ='خلاصه مالي صورت وضعیت'!E4 -> موقت 16 | J4: مبلغ قرارداد (ریال): | L4: ='خلاصه مالي صورت وضعیت'!G4:G5 -> 1197477151532
D5: تاریخ صورت‏وضعیت: | E5: ='خلاصه مالي صورت وضعیت'!E5 -> 1403/06/10
A6: ردیف | B6: W.B.S | C6: عنوان فعالیت | D6: هزینه کامل (ريال) | E6: وزن کامل (%) | F6: فصل مرتبط از فهرست بها | G6: گروه مشارکت | J6: مشاور زیربنایی | M6: کارفرما | P6: مدارك پشتيبان
G7: درصد پیشرفت از سرفصل (کل) | H7: درصد پیشرفت وزنی | I7: مبلغ (ریال) | J7: درصد پیشرفت از صد (کل) | K7: درصد پیشرفت وزنی | L7: مبلغ (ریال) | M7: درصد پیشرفت از صد (کل) | N7: درصد پیشرفت وزنی | O7: مبلغ (ریال)
A8: 1 | B8: 1.5 | C8: خدمات تامین | D8: =D9+D16+D21+D27 -> 460789207909 | E8: =E9+E16+E21+E27 -> 0.3848 | G8: =I8/D8 -> 0.58138529 | H8: =H9+H16+H21+H27 -> 0.22371706 | I8: =I9+I16+I21+I27 -> 2.6789607e+11 | J8: =L8/D8 -> 0.032400864 | K8: =K9+K16+K21+K27 -> 0.012467853 | L8: =L9+L16+L21+L27 -> 1.4929969e+10
A9: 2 | B9: 1.5.1 | C9: ريل (هر 170 تن 0.494%) | D9: =D10+D13 -> 2.1554337e+11 | E9: =E10+E13 -> 0.1799979 | F9: 22 | H9: =H10+H13 -> 0.089998948 | I9: =I10+I13 -> 1.0777168e+11 | J9: =L9/D9 -> 0 | K9: =K10+K13 -> 0 | L9: =L10+L13 -> 0 | M9: 1-اعتبار مدارک ارائه شده ساقط گردیده و قرارداد مجددا جاری و فعال نگردید. 2- ریل پروژه توسط کارفرما تامین و دراختیار پیمانکار قرار گرفت. 3- بهای ردیفها، بهای واقعی فعالیت نمی باشد
A10: 3 | B10: 1.5.1.1 | C10: تشریفات تامین ریل | D10: =SUM(D11:D12) -> 1.0777168e+11 | E10: =SUM(E11:E12) -> 0.089998948 | H10: =SUM(H11:H12) -> 0.089998948 | I10: =SUM(I11:I12) -> 1.0777168e+11 | K10: =SUM(K11:K15) -> 0 | L10: =SUM(L11:L12) -> 0
A11: 4 | B11: 1.5.1.1.۱ | C11: ارائه اصل عقد قرارداد خرید ریل | D11: =E11*$L$4 -> 6.466301e+10 | E11: =CBS!D105 -> 0.053999369 | G11: 1 | H11: =G11*E11 -> 0.053999369 | I11: =H11*$L$4 -> 6.466301e+10 | J11: 0 | K11: =J11*E11 -> 0 | L11: =K11*$L$4 -> 0
A12: 5 | B12: 1.5.1.1.۲ | C12: پرداخت پیش پرداخت | D12: =E12*$L$4 -> 4.3108674e+10 | E12: =CBS!D106 -> 0.035999579 | G12: 1 | H12: =G12*E12 -> 0.035999579 | I12: =H12*$L$4 -> 4.3108674e+10 | J12: 0 | K12: =J12*E12 -> 0 | L12: =K12*$L$4 -> 0
A13: 6 | B13: 1.5.1.2 | C13: حمل و تخلیه ریل در محل کارگاه | D13: =SUM(D14:D15) -> 107771683892 | E13: =SUM(E14:E15) -> 0.089998948 | H13: =SUM(H14:H15) -> 0 | I13: =SUM(I14:I15) -> 0 | L13: =L14+L15 -> 0
A14: 7 | B14: 1.5.1.2.1 | C14: ارائه اسناد حمل خارجی | D14: =E14*$L$4 -> 6.466301e+10 | E14: =CBS!D108 -> 0.053999369 | G14: 0 | H14: =G14*E14 -> 0 | I14: =H14*$L$4 -> 0 | J14: 0 | K14: =J14*E14 -> 0 | L14: =K14*$L$4 -> 0
A15: 8 | B15: 1.5.1.2.۲ | C15: تخلیه و دپوی ریل در کارگاه | D15: =E15*$L$4 -> 4.3108674e+10 | E15: =CBS!D109 -> 0.035999579 | G15: 0 | H15: =G15*E15 -> 0 | I15: =H15*$L$4 -> 0 | J15: 0 | K15: =J15*E15 -> 0 | L15: =K15*$L$4 -> 0
A16: 9 | B16: 1.5.2 | C16: سوزن (هر سوزن 0.222%) | D16: 71850861189 | E16: =D16/$L$4 -> 0.060001864 | F16: 22 | H16: =H17+H18+H19+H20 -> 0.051001584 | I16: =I17+I18+I19+I20 -> 6.1073232e+10 | J16: =L16/D16 -> 0 | K16: =K17+K18+K19+K20 -> 0 | L16: =L17+L18+L19+L20 -> 0 | M16: 1-قرارداد منعقده با فروشنده به دلیل شرط درج شده در بند7 قرارداد، ارزش حقوقی نداشته و قابل پذیرش نمی باشد. 2-علی رغم پرداخت پیش پرداخت توسط کارفرما در وجه فروشنده، هیچ سوزنی تامین نگردید. 3- ضمن اینکه بهای ردیفها، بهای واقعی فعالیت نمی باشد
A17: 10 | B17: 1.5.2.1 | C17: عقد قرارداد | D17: =15%*$D$16 -> 1.0777629e+10 | E17: =D17/$L$4 -> 0.0090002796 | G17: 1 | H17: =G17*E17 -> 0.0090002796 | I17: =G17*D17 -> 1.0777629e+10 | J17: 0 | K17: =J17*E17 -> 0 | L17: =J17*D17 -> 0
A18: 11 | B18: 1.5.2.2 | C18: پرداخت پیش پرداخت یا گشایش و فعال نمودن LC | D18: =20%*$D$16 -> 1.4370172e+10 | E18: =D18/$L$4 -> 0.012000373 | G18: 1 | H18: =G18*E18 -> 0.012000373 | I18: =G18*D18 -> 1.4370172e+10 | J18: 0 | K18: =J18*E18 -> 0 | L18: =J18*D18 -> 0
A19: 12 | B19: 1.5.2.3 | C19: حمل خارجی | D19: =35%*$D$16 -> 2.5147801e+10 | E19: =D19/$L$4 -> 0.021000652 | G19: 1 | H19: =G19*E19 -> 0.021000652 | I19: =G19*D19 -> 2.5147801e+10 | J19: 0 | K19: =J19*E19 -> 0 | L19: =J19*D19 -> 0
A20: 13 | B20: 1.5.2.4 | C20: ترخیص از گمرگ، بارگیری، حمل داخلی، تخلیه و دپو در محل کارگاه | D20: =30%*$D$16 -> 2.1555258e+10 | E20: =D20/$L$4 -> 0.018000559 | G20: 0.5 | H20: =G20*E20 -> 0.0090002796 | I20: =G20*D20 -> 1.0777629e+10 | J20: 0 | K20: =J20*E20 -> 0 | L20: =J20*D20 -> 0
A21: 14 | B21: 1.5.3 | C21: تراورس | D21: =SUM(D22:D26) -> 1.1687457e+11 | E21: =SUM(E22:E26) -> 0.097600672 | F21: 13 | H21: =SUM(H22:H26) -> 0.06619668 | I21: =SUM(I22:I26) -> 7.9269012e+10 | J21: =L21/D21 -> 0.12774351 | K21: =J21*E21 -> 0.012467853 | L21: =SUM(L22:L26) -> 1.4929969e+10 | M21: 1- بابت عقد قرارداد و پیش پرداخت در قالب ساختارشکست اصلی قرارداد مدارکی ارائه نشده است لذا باتوجه به تعداد درج شده در گزارش تامین دلیل پروژه 2- بهای ردیفها، بهای واقعی فعالیت نمی باشد
A22: 15 | B22: 1.5.3.1 | C22: مشخص کردن نوع تراورس مصرفی با قابلیت بار محوری 30 تن | D22: =E22*$L$4 -> 5.7151667e+09 | E22: =0.0489*CBS!$D$112 -> 0.0047726729 | G22: 1 | H22: =G22*E22 -> 0.0047726729 | I22: =H22*$L$4 -> 5.7151667e+09 | J22: =J26 -> 0.12774351 | K22: =J22*E22 -> 0.00060967799 | L22: =J22*D22 -> 7.3007547e+08
A23: 16 | B23: 1.5.3.2 | C23: اخذ تاییدیه از مشاور | D23: =E23*$L$4 -> 5.7151667e+09 | E23: =E22 -> 0.0047726729 | G23: 1 | H23: =G23*E23 -> 0.0047726729 | I23: =H23*$L$4 -> 5.7151667e+09 | J23: =J26 -> 0.12774351 | K23: =J23*E23 -> 0.00060967799 | L23: =J23*D23 -> 7.3007547e+08
A24: 17 | B24: 1.5.3.3 | C24: عقد قرارداد با سازنده | D24: =E24*$L$4 -> 5.7151667e+09 | E24: =E23 -> 0.0047726729 | G24: 1 | H24: =G24*E24 -> 0.0047726729 | I24: =H24*$L$4 -> 5.7151667e+09 | J24: =J26 -> 0.12774351 | K24: =J24*E24 -> 0.00060967799 | L24: =J24*D24 -> 7.3007547e+08
A25: 18 | B25: 1.5.3.4 | C25: پرداخت پیش‏پرداخت | D25: =E25*$L$4 -> 5.7151667e+09 | E25: =E24 -> 0.0047726729 | G25: 1 | H25: =G25*E25 -> 0.0047726729 | I25: =H25*$L$4 -> 5.7151667e+09 | J25: =J26 -> 0.12774351 | K25: =J25*E25 -> 0.00060967799 | L25: =J25*D25 -> 7.3007547e+08
A26: 19 | B26: 1.5.3.5 | C26: تهیه و حمل تراورس از کیلومتر 1 تا 49 هر 3 کیلومتر 0.5 درصد | D26: =E26*$L$4 -> 9.4013908e+10 | E26: =CBS!D112-'خدمات تامین'!E22-'خدمات تامین'!E23-'خدمات تامین'!E24-'خدمات تامین'!E25 -> 0.078509981 | G26: 0.6 | H26: =G26*E26 -> 0.047105988 | I26: =H26*$L$4 -> 5.6408345e+10 | J26: =10977/(74953+10977) -> 0.12774351 | K26: =J26*E26 -> 0.010029141 | L26: =J26*D26 -> 1.2009667e+10
A27: 20 | B27: 1.5.4 | C27: تهیه و حمل ادوات و ملحقات (هر 5 کیلومتر 0.472%) | D27: =E27*$L$4 -> 56520404242 | E27: =CBS!D117 -> 0.047199568 | F27: 22 | G27: 0.35 | H27: =G27*E27 -> 0.016519849 | I27: =H27*$L$4 -> 1.9782141e+10 | J27: 0 | K27: =J27*E27 -> 0 | L27: =K27*$L$4 -> 0 | M27: طبق گزارش تامین دلیل هیچ ادواتی تامین نشده است

Sheet خدمات اجرایی 
D1: کارفرما: | E1: راه‏آهن جمهوری اسلامی ایران | J1: عنوان قرارداد: | L1: طراحی، تأمین و اجرای دو خطه کردن راه‏آهن (زیرسازی، پل‏سازی، روسازی) محور مشك-سيستان
D2: مشاور طرح: | E2: مهندسین مشاور صحن بوستان
D3: مشارکت: | E3: مشاركت تكنيك-پل‏رود-کنکاوان معدن شیراز | J3: شماره و تاریخ ابلاغ قرارداد: | L3: 400/66891/ی مورخ 93/11/20
D4: صورت‏وضعیت شماره: | E4: ='خلاصه مالي صورت وضعیت'!E4 -> موقت 16 | J4: مبلغ قرارداد (ریال): | L4: 1197477151532
D5: تاریخ صورت‏وضعیت: | E5: ='خلاصه مالي صورت وضعیت'!E5 -> 1403/06/10
A6: ردیف | B6: W.B.S | C6: عنوان فعالیت | D6: هزینه کامل (ريال) | E6: وزن کامل (%) | F6: فصل مرتبط از فهرست بها | G6: گروه مشارکت | J6: مشاور زیربنایی | M6: کارفرما | P6: مدارك پشتيبان
G7: درصد پیشرفت از سرفصل (کل) | H7: درصد پیشرفت وزنی | I7: مبلغ (ریال) | J7: درصد پیشرفت از صد (کل) | K7: درصد پیشرفت وزنی | L7: مبلغ (ریال) | M7: درصد پیشرفت از صد (کل) | N7: درصد پیشرفت وزنی | O7: مبلغ (ریال)
A8: 1 | B8: 1.6 | C8: خدمات اجرایی | D8: =D9+D51+D78+D120+D147+D189+D216 -> 6.0137303e+11 | E8: =E9+E51+E78+E120+E147+E189+E216 -> 0.5022 | H8: =H9+H51+H78+H120+H147+H189+H216 -> 0.36414627 | I8: =I9+I51+I78+I120+I147+I189+I216 -> 4.6454313e+11 | J8: =L8/D8 -> 0.59528217 | K8: =K9+K51+K78+K120+K147+K189+K216 -> 0.29895071 | L8: =L9+L51+L78+L120+L147+L189+L216 -> 3.5798664e+11 | N8: =N9+N51+N78+N120+N147+N189+N216 -> 0 | O8: =O9+O51+O78+O120+O147+O189+O216 -> 0 | Q8: =L8-I8 -> -1.0655649e+11
A9: 2 | B9: 1.6.1 | C9: بلوک مشک-هرند | D9: =D10+D20+D32 -> 1.5694136e+11 | E9: =E10+E20+E32 -> 0.13106 | G9: =I9/D9 -> 0.840445 | H9: =H10+H20+H32 -> 0.11014872 | I9: =I10+I20+I32 -> 1.3190058e+11 | J9: =L9/D9 -> 0.67267754 | K9: =K10+K20+K32 -> 0.088161118 | L9: =L10+L20+L32 -> 1.0557092e+11 | N9: =N10+N20+N32 -> 0 | O9: =O10+O20+O32 -> 0
A10: 3 | B10: 1.6.1.1 | C10: زیرسازی | D10: =SUM(D11:D19) -> 5.8068302e+10 | E10: =SUM(E11:E19) -> 0.0484922 | G10: =I10/D10 -> 1 | H10: =SUM(H11:H19) -> 0.0484922 | I10: =SUM(I11:I19) -> 5.8068302e+10 | J10: =L10/D10 -> 1 | K10: =SUM(K11:K19) -> 0.0484922 | L10: =SUM(L11:L19) -> 5.8068302e+10 | N10: =SUM(N11:N19) -> 0 | O10: =SUM(O11:O19) -> 0
A11: 4 | B11: 1.6.1.1.1 | C11: برداشت خاک نباتی | D11: 2.9034151e+09 | E11: =D11/$L$4 -> 0.00242461 | F11: 3 | G11: 1 | H11: =G11*E11 -> 0.00242461 | I11: =H11*$L$4 -> 2.9034151e+09 | J11: 1 | K11: =J11*E11 -> 0.00242461 | L11: =K11*$L$4 -> 2.9034151e+09 | N11: =M11*E11 -> 0 | O11: =N11*$L$4 -> 0
A12: 5 | B12: 1.6.1.1.2 | C12: آب پاشی و کوبیدن بستر | D12: 5.8068302e+09 | E12: =D12/$L$4 -> 0.00484922 | F12: 3 | G12: 1 | H12: =G12*E12 -> 0.00484922 | I12: =H12*$L$4 -> 5.8068302e+09 | J12: 1 | K12: =J12*E12 -> 0.00484922 | L12: =K12*$L$4 -> 5.8068302e+09 | N12: =M12*E12 -> 0 | O12: =N12*$L$4 -> 0 | Q12: =I10+I52+I79+I121+I148+I190 -> 2.1988968e+11 | R12: =Q12/Q15 -> 0.50426839 | S12: =R12*('سازمان دهی و برنامه ریزی پروژه'!$I$8)+Q12 -> 2.2290531e+11
A13: 6 | B13: 1.6.1.1.3 | C13: تهیه و اجرای خاکریز با90% کوبیدگی | D13: 5.8068302e+09 | E13: =D13/$L$4 -> 0.00484922 | F13: 3 | G13: 1 | H13: =G13*E13 -> 0.00484922 | I13: =H13*$L$4 -> 5.8068302e+09 | J13: 1 | K13: =J13*E13 -> 0.00484922 | L13: =K13*$L$4 -> 5.8068302e+09 | N13: =M13*E13 -> 0 | O13: =N13*$L$4 -> 0 | Q13: =I20+I89+I158 -> 1.3966525e+11 | R13: =Q13/Q15 -> 0.32029139 | S13: =R13*('سازمان دهی و برنامه ریزی پروژه'!$I$8)+Q13 -> 1.4158066e+11
A14: 7 | B14: 1.6.1.1.4 | C14: تهیه مصالح سابگرید با 95% کوبیدگی | D14: 1.161366e+10 | E14: =D14/$L$4 -> 0.00969844 | F14: 14 | G14: 1 | H14: =G14*E14 -> 0.00969844 | I14: =H14*$L$4 -> 1.161366e+10 | J14: 1 | K14: =J14*E14 -> 0.00969844 | L14: =K14*$L$4 -> 1.161366e+10 | N14: =M14*E14 -> 0 | O14: =N14*$L$4 -> 0 | Q14: =I32+I62+I101+I131+I170+I200 -> 7.6501906e+10 | R14: =Q14/Q15 -> 0.17544022 | S14: =R14*('سازمان دهی و برنامه ریزی پروژه'!$I$8)+Q14 -> 7.7551074e+10
A15: 8 | B15: 1.6.1.1.5 | C15: اجرای سابگرید با 95% کوبیدگی | D15: 8.7102452e+09 | E15: =D15/$L$4 -> 0.00727383 | F15: 3 | G15: 1 | H15: =G15*E15 -> 0.00727383 | I15: =H15*$L$4 -> 8.7102452e+09 | J15: 1 | K15: =J15*E15 -> 0.00727383 | L15: =K15*$L$4 -> 8.7102452e+09 | N15: =M15*E15 -> 0 | O15: =N15*$L$4 -> 0 | Q15: =SUM(Q12:Q14) -> 4.3605684e+11 | S15: =SUM(S12:S14) -> 4.4203704e+11
A16: 9 | B16: 1.6.1.1.6 | C16: تهیه سابگرید با 100% کوبیدگی | D16: 6.6778547e+09 | E16: =D16/$L$4 -> 0.005576603 | F16: 14 | G16: 1 | H16: =G16*E16 -> 0.005576603 | I16: =H16*$L$4 -> 6.6778547e+09 | J16: 1 | K16: =J16*E16 -> 0.005576603 | L16: =K16*$L$4 -> 6.6778547e+09 | N16: =M16*E16 -> 0 | O16: =N16*$L$4 -> 0 | S16: =I8-I216+'سازمان دهی و برنامه ریزی پروژه'!I8 -> 4.4203704e+11
A17: 10 | B17: 1.6.1.1.7 | C17: اجرای سابگرید با 100% کوبیدگی | D17: 4.9358056e+09 | E17: =D17/$L$4 -> 0.004121837 | F17: 3 | G17: 1 | H17: =G17*E17 -> 0.004121837 | I17: =H17*$L$4 -> 4.9358056e+09 | J17: 1 | K17: =J17*E17 -> 0.004121837 | L17: =K17*$L$4 -> 4.9358056e+09 | N17: =M17*E17 -> 0 | O17: =N17*$L$4 -> 0
A18: 11 | B18: 1.6.1.1.8 | C18: تهیه و اجراي زیر بالاست | D18: 8.7102452e+09 | E18: =D18/$L$4 -> 0.00727383 | F18: 14 | G18: 1 | H18: =G18*E18 -> 0.00727383 | I18: =H18*$L$4 -> 8.7102452e+09 | J18: 1 | K18: =J18*E18 -> 0.00727383 | L18: =K18*$L$4 -> 8.7102452e+09 | N18: =M18*E18 -> 0 | O18: =N18*$L$4 -> 0
A19: 12 | B19: 1.6.1.1.10 | C19: حمل آب | D19: 2.9034151e+09 | E19: =D19/$L$4 -> 0.00242461 | F19: 3 | G19: 1 | H19: =G19*E19 -> 0.00242461 | I19: =H19*$L$4 -> 2.9034151e+09 | J19: 1 | K19: =J19*E19 -> 0.00242461 | L19: =K19*$L$4 -> 2.9034151e+09 | N19: =M19*E19 -> 0 | O19: =N19*$L$4 -> 0
A20: 13 | B20: 1.6.1.2 | C20: عمليات ابنيه فني | D20: =SUM(D21:D30) -> 47082406644 | E20: =D20/$L$4 -> 0.039318 | H20: =SUM(H21:H31) -> 0.039318 | I20: =SUM(I21:I31) -> 47082406644 | J20: =L20/D20 -> 0.8151 | K20: =SUM(K21:K31) -> 0.032048102 | L20: =SUM(L21:L31) -> 3.837687e+10
A21: 14 | B21: 1.6.1.2.1 | C21: پي كني | D21: 1600801826 | E21: =D21/$L$4 -> 0.001336812 | F21: 3 | G21: 1 | H21: =G21*E21 -> 0.001336812 | I21: =H21*$L$4 -> 1600801826 | J21: =1-18.49% -> 0.8151 | K21: =J21*E21 -> 0.0010896355 | L21: =J21*D21 -> 1.3048136e+09 | M21: باتوجه به عدم رفع نواقص آبروها با عرض کمتر از2.5 و پلها با عرض کمتر از 2.8
A22: 15 | B22: 1.6.1.2.2 | C22: قالب بندی | D22: 8474833196 | E22: =D22/$L$4 -> 0.00707724 | F22: 8 | G22: 1 | H22: =G22*E22 -> 0.00707724 | I22: =H22*$L$4 -> 8474833196 | J22: =1-18.49% -> 0.8151 | K22: =J22*E22 -> 0.0057686583 | L22: =J22*D22 -> 6.9078365e+09
A23: 16 | B23: 1.6.1.2.3 | C23: تهيه و نصب آرماتور | D23: 16949666392 | E23: =D23/$L$4 -> 0.01415448 | F23: 9 | G23: 1 | H23: =G23*E23 -> 0.01415448 | I23: =H23*$L$4 -> 16949666392 | J23: =1-18.49% -> 0.8151 | K23: =J23*E23 -> 0.011537317 | L23: =J23*D23 -> 1.3815673e+10
A24: 17 | B24: 1.6.1.2.4 | C24: اجراي بتن | D24: 8474833196 | E24: =D24/$L$4 -> 0.00707724 | F24: 12 و 13 | G24: 1 | H24: =G24*E24 -> 0.00707724 | I24: =H24*$L$4 -> 8474833196 | J24: =1-18.49% -> 0.8151 | K24: =J24*E24 -> 0.0057686583 | L24: =J24*D24 -> 6.9078365e+09
A25: 18 | B25: 1.6.1.2.5 | C25: عايق كاري | D25: 470824066 | E25: =D25/$L$4 -> 0.00039318 | F25: 16 | G25: 1 | H25: =G25*E25 -> 0.00039318 | I25: =H25*$L$4 -> 470824066 | J25: =1-18.49% -> 0.8151 | K25: =J25*E25 -> 0.00032048102 | L25: =J25*D25 -> 3.837687e+08
A26: 19 | B26: 1.6.1.2.6 | C26: عمليات تكميلي (پر كردن پشت كوله ها و دستك ها و ...) | D26: 847483320 | E26: =D26/$L$4 -> 0.000707724 | F26: 6 | G26: 1 | H26: =G26*E26 -> 0.000707724 | I26: =H26*$L$4 -> 847483320 | J26: =1-18.49% -> 0.8151 | K26: =J26*E26 -> 0.00057686583 | L26: =J26*D26 -> 6.9078365e+08
A27: 20 | B27: 1.6.1.2.7 | C27: ساخت و نصب نرده حفاظ پلها | D27: 2636614772 | E27: =D27/$L$4 -> 0.002201808 | F27: 11 | G27: 1 | H27: =G27*E27 -> 0.002201808 | I27: =H27*$L$4 -> 2636614772 | J27: =1-18.49% -> 0.8151 | K27: =J27*E27 -> 0.0017946937 | L27: =J27*D27 -> 2.1491047e+09
A28: 21 | B28: 1.6.1.2.8 | C28: بسترسازي | D28: 3954922158 | E28: =D28/$L$4 -> 0.003302712 | F28: 3 | G28: 1 | H28: =G28*E28 -> 0.003302712 | I28: =H28*$L$4 -> 3954922158 | J28: =1-18.49% -> 0.8151 | K28: =J28*E28 -> 0.0026920406 | L28: =J28*D28 -> 3.2236571e+09
A29: 22 | B29: 1.6.1.2.9 | C29: حمل سيمان و آرماتور | D29: 1318307386 | E29: =D29/$L$4 -> 0.001100904 | F29: 20 | G29: 1 | H29: =G29*E29 -> 0.001100904 | I29: =H29*$L$4 -> 1318307386 | J29: =1-18.49% -> 0.8151 | K29: =J29*E29 -> 0.00089734685 | L29: =J29*D29 -> 1.0745524e+09
A30: 23 | B30: 1.6.1.2.10 | C30: حمل آب | D30: 2354120332 | E30: =D30/$L$4 -> 0.0019659 | F30: 3 | G30: 1 | H30: =G30*E30 -> 0.0019659 | I30: =H30*$L$4 -> 2354120332 | J30: =1-18.49% -> 0.8151 | K30: =J30*E30 -> 0.0016024051 | L30: =J30*D30 -> 1.9188435e+09
A31: 24 | B31: 1.6.1.2.11 | C31: ترمیم قرنیز آبروها و پلهای موجود | D31: - | E31: 0 | G31: 1 | H31: =G31*E31 -> 0 | I31: =H31*$L$4 -> 0
A32: 25 | B32: 1.6.1.3 | C32: عمليات روسازي و نصب ریل | D32: =SUM(D33:D50) -> 5.1790647e+10 | E32: =SUM(E33:E50) -> 0.0432498 | G32: =I32/D32 -> 0.5165 | H32: =SUM(H33:H50) -> 0.022338522 | I32: =SUM(I33:I50) -> 2.6749869e+10 | J32: =L32/D32 -> 0.17620466 | K32: =SUM(K33:K50) -> 0.0076208162 | L32: =SUM(L33:L50) -> 9.1257532e+09 | N32: =SUM(N33:N50) -> 0 | O32: =SUM(O33:O50) -> 0
A33: 26 | B33: 1.6.1.3.1 | C33: نقشه برداری خط (میخ کوبی) | D33: 5.1790647e+08 | E33: =D33/$L$4 -> 0.000432498 | F33: 21 | G33: 1 | H33: =G33*E33 -> 0.000432498 | I33: =H33*$L$4 -> 5.1790647e+08 | J33: =1/3 -> 0.33333333 | K33: =J33*E33 -> 0.000144166 | L33: =K33*$L$4 -> 1.7263549e+08 | M33: براساس گزارش تامین دلیل
A34: 27 | B34: 1.6.1.3.2 | C34: تهیه بالاست لایه اول | D34: 5.1272741e+09 | E34: =D34/$L$4 -> 0.0042817302 | F34: 14 | G34: 1 | H34: =G34*E34 -> 0.0042817302 | I34: =H34*$L$4 -> 5.1272741e+09 | J34: =14481.5/14501.5 -> 0.99862083 | K34: =J34*E34 -> 0.004275825 | L34: =K34*$L$4 -> 5.1202027e+09
A35: 28 | B35: 1.6.1.3.3 | C35: تهیه بالاست لایه دوم | D35: 5.1790647e+09 | E35: =D35/$L$4 -> 0.00432498 | F35: 14 | G35: 1 | H35: =G35*E35 -> 0.00432498 | I35: =H35*$L$4 -> 5.1790647e+09 | K35: =J35*E35 -> 0 | L35: =K35*$L$4 -> 0
A36: 29 | B36: 1.6.1.3.4 | C36: حمل بالاست مرحله دوم به دپو | D36: 5.1790647e+09 | E36: =D36/$L$4 -> 0.00432498 | F36: 14 | G36: 1 | H36: =G36*E36 -> 0.00432498 | I36: =H36*$L$4 -> 5.1790647e+09 | K36: =J36*E36 -> 0 | L36: =K36*$L$4 -> 0
A37: 30 | B37: 1.6.1.3.5 | C37: تهیه بالاست لایه سوم | D37: 4.1432518e+09 | E37: =D37/$L$4 -> 0.003459984 | F37: 14 | G37: 1 | H37: =G37*E37 -> 0.003459984 | I37: =H37*$L$4 -> 4.1432518e+09 | K37: =J37*E37 -> 0 | L37: =K37*$L$4 -> 0
A38: 31 | B38: 1.6.1.3.6 | C38: حمل بالاست مرحله سوم به دپو | D38: 2.5895324e+09 | E38: =D38/$L$4 -> 0.00216249 | F38: 14 | G38: 1 | H38: =G38*E38 -> 0.00216249 | I38: =H38*$L$4 -> 2.5895324e+09 | K38: =J38*E38 -> 0 | L38: =K38*$L$4 -> 0
A39: 32 | B39: 1.6.1.3.7 | C39: حمل و پخش بالاست مرحله اول | D39: 2.0716259e+09 | E39: =D39/$L$4 -> 0.001729992 | F39: 23 | G39: 1 | H39: =G39*E39 -> 0.001729992 | I39: =H39*$L$4 -> 2.0716259e+09 | J39: =J34 -> 0.99862083 | K39: =J39*E39 -> 0.0017276061 | L39: =K39*$L$4 -> 2.0687688e+09
A40: 33 | B40: 1.6.1.3.8 | C40: حمل ریل | D40: 1.2947662e+09 | E40: =D40/$L$4 -> 0.001081245 | F40: 23 | G40: 0 | H40: =G40*E40 -> 0 | I40: =H40*$L$4 -> 0 | K40: =J40*E40 -> 0 | L40: =K40*$L$4 -> 0
A41: 34 | B41: 1.6.1.3.9 | C41: حمل تراورس | D41: 2.5895324e+09 | E41: =D41/$L$4 -> 0.00216249 | F41: 23 | G41: 0.5 | H41: =G41*E41 -> 0.001081245 | I41: =H41*$L$4 -> 1.2947662e+09 | J41: =10977/(14501.5/0.6) -> 0.45417371 | K41: =J41*E41 -> 0.0009821461 | L41: =K41*$L$4 -> 1.1760975e+09
A42: 35 | B42: 1.6.1.3.10 | C42: نصب تراورس | D42: 1.2947662e+09 | E42: =D42/$L$4 -> 0.001081245 | F42: 23 | G42: 0.5 | H42: =G42*E42 -> 0.0005406225 | I42: =H42*$L$4 -> 6.4738309e+08 | J42: =J41 -> 0.45417371 | K42: =J42*E42 -> 0.00049107305 | L42: =K42*$L$4 -> 5.8804876e+08
A43: 36 | B43: 1.6.1.3.11 | C43: نصب ریل | D43: 1.2947662e+09 | E43: =D43/$L$4 -> 0.001081245 | F43: 23 | G43: 0 | H43: =G43*E43 -> 0 | I43: =H43*$L$4 -> 0 | K43: =J43*E43 -> 0 | L43: =K43*$L$4 -> 0
A44: 37 | B44: 1.6.1.3.12 | C44: جوشکاری ریل | D44: 7.7685971e+09 | E44: =D44/$L$4 -> 0.00648747 | F44: 23 | G44: 0 | H44: =G44*E44 -> 0 | I44: =H44*$L$4 -> 0 | K44: =J44*E44 -> 0 | L44: =K44*$L$4 -> 0
A45: 38 | B45: 1.6.1.3.13 | C45: بالاست ریزی مرحله دوم | D45: 3.1074388e+09 | E45: =D45/$L$4 -> 0.002594988 | F45: 23 | G45: 0 | H45: =G45*E45 -> 0 | I45: =H45*$L$4 -> 0 | K45: =J45*E45 -> 0 | L45: =K45*$L$4 -> 0
A46: 39 | B46: 1.6.1.3.14 | C46: رگلاژ و رلواژ مرحله اول | D46: 3.1074388e+09 | E46: =D46/$L$4 -> 0.002594988 | F46: 23 | G46: 0 | H46: =G46*E46 -> 0 | I46: =H46*$L$4 -> 0 | K46: =J46*E46 -> 0 | L46: =K46*$L$4 -> 0
A47: 40 | B47: 1.6.1.3.15 | C47: بالاست ریزی مرحله سوم | D47: 2.0716259e+09 | E47: =D47/$L$4 -> 0.001729992 | F47: 23 | G47: 0 | H47: =G47*E47 -> 0 | I47: =H47*$L$4 -> 0 | K47: =J47*E47 -> 0 | L47: =K47*$L$4 -> 0
A48: 41 | B48: 1.6.1.3.16 | C48: رلواژ مرحله دوم | D48: 2.0716259e+09 | E48: =D48/$L$4 -> 0.001729992 | F48: 23 | G48: 0 | H48: =G48*E48 -> 0 | I48: =H48*$L$4 -> 0 | K48: =J48*E48 -> 0 | L48: =K48*$L$4 -> 0
A49: 42 | B49: 1.6.1.3.17 | C49: رلواژ نهایی و تثبیت | D49: 1.2947662e+09 | E49: =D49/$L$4 -> 0.001081245 | F49: 23 | G49: 0 | H49: =G49*E49 -> 0 | I49: =H49*$L$4 -> 0 | K49: =J49*E49 -> 0 | L49: =K49*$L$4 -> 0
A50: 43 | B50: 1.6.1.3.18 | C50: عملیات تکمیلی و نصب علائم | D50: 1.0876036e+09 | E50: =D50/$L$4 -> 0.0009082458 | F50: 23 | G50: 0 | H50: =G50*E50 -> 0 | I50: =H50*$L$4 -> 0 | K50: =J50*E50 -> 0 | L50: =K50*$L$4 -> 0
A51: 44 | B51: 1.6.2 | C51: ایستگاه مشک | D51: =D52+D62 -> 2.7645661e+10 | E51: =E52+E62 -> 0.023086588 | H51: =H52+H62 -> 0.016718152 | I51: =I52+I62 -> 2.0019606e+10 | J51: =L51/D51 -> 0.59017676 | K51: =K52+K62 -> 0.013625168 | L51: =L52+L62 -> 1.6315827e+10 | N51: =N52+N62 -> 0 | O51: =O52+O62 -> 0
A52: 45 | B52: 1.6.2.1 | C52: زیرسازی | D52: =SUM(D53:D61) -> 1.5205114e+10 | E52: =SUM(E53:E61) -> 0.012697623 | H52: =SUM(H53:H61) -> 0.012697623 | I52: =SUM(I53:I61) -> 1.5205114e+10 | J52: =L52/D52 -> 1 | K52: =SUM(K53:K61) -> 0.012697623 | L52: =SUM(L53:L61) -> 1.5205114e+10 | N52: =SUM(N53:N61) -> 0 | O52: =SUM(O53:O61) -> 0
A53: 46 | B53: 1.6.2.1.1 | C53: برداشت خاک نباتی | D53: 7.6025568e+08 | E53: =D53/$L$4 -> 0.00063488116 | F53: 3 | G53: 1 | H53: =G53*E53 -> 0.00063488116 | I53: =H53*$L$4 -> 7.6025568e+08 | J53: 1 | K53: =J53*E53 -> 0.00063488116 | L53: =K53*$L$4 -> 7.6025568e+08 | N53: =M53*E53 -> 0 | O53: =N53*$L$4 -> 0
A54: 47 | B54: 1.6.2.1.2 | C54: آب پاشی و کوبیدن بستر | D54: 1.5205114e+09 | E54: =D54/$L$4 -> 0.0012697623 | F54: 3 | G54: 1 | H54: =G54*E54 -> 0.0012697623 | I54: =H54*$L$4 -> 1.5205114e+09 | J54: 1 | K54: =J54*E54 -> 0.0012697623 | L54: =K54*$L$4 -> 1.5205114e+09 | N54: =M54*E54 -> 0 | O54: =N54*$L$4 -> 0
A55: 48 | B55: 1.6.2.1.3 | C55: تهیه و اجرای خاکریز با90% کوبیدگی | D55: 1.5205114e+09 | E55: =D55/$L$4 -> 0.0012697623 | F55: 3 | G55: 1 | H55: =G55*E55 -> 0.0012697623 | I55: =H55*$L$4 -> 1.5205114e+09 | J55: 1 | K55: =J55*E55 -> 0.0012697623 | L55: =K55*$L$4 -> 1.5205114e+09 | N55: =M55*E55 -> 0 | O55: =N55*$L$4 -> 0
A56: 49 | B56: 1.6.2.1.4 | C56: تهیه مصالح سابگرید با 95% کوبیدگی | D56: 3.0410227e+09 | E56: =D56/$L$4 -> 0.0025395246 | F56: 14 | G56: 1 | H56: =G56*E56 -> 0.0025395246 | I56: =H56*$L$4 -> 3.0410227e+09 | J56: 1 | K56: =J56*E56 -> 0.0025395246 | L56: =K56*$L$4 -> 3.0410227e+09 | N56: =M56*E56 -> 0 | O56: =N56*$L$4 -> 0
A57: 50 | B57: 1.6.2.1.5 | C57: اجرای سابگرید با 95% کوبیدگی | D57: 2.2807671e+09 | E57: =D57/$L$4 -> 0.0019046435 | F57: 3 | G57: 1 | H57: =G57*E57 -> 0.0019046435 | I57: =H57*$L$4 -> 2.2807671e+09 | J57: 1 | K57: =J57*E57 -> 0.0019046435 | L57: =K57*$L$4 -> 2.2807671e+09 | N57: =M57*E57 -> 0 | O57: =N57*$L$4 -> 0
A58: 51 | B58: 1.6.2.1.6 | C58: تهیه سابگرید با 100% کوبیدگی | D58: 1.3684602e+09 | E58: =D58/$L$4 -> 0.0011427861 | F58: 14 | G58: 1 | H58: =G58*E58 -> 0.0011427861 | I58: =H58*$L$4 -> 1.3684602e+09 | J58: 1 | K58: =J58*E58 -> 0.0011427861 | L58: =K58*$L$4 -> 1.3684602e+09 | N58: =M58*E58 -> 0 | O58: =N58*$L$4 -> 0
A59: 52 | B59: 1.6.2.1.7 | C59: اجرای سابگرید با 100% کوبیدگی | D59: 9.1230682e+08 | E59: =D59/$L$4 -> 0.00076185739 | F59: 3 | G59: 1 | H59: =G59*E59 -> 0.00076185739 | I59: =H59*$L$4 -> 9.1230682e+08 | J59: 1 | K59: =J59*E59 -> 0.00076185739 | L59: =K59*$L$4 -> 9.1230682e+08 | N59: =M59*E59 -> 0 | O59: =N59*$L$4 -> 0
A60: 53 | B60: 1.6.2.1.8 | C60: تهیه و اجراي زیر بالاست | D60: 3.0410227e+09 | E60: =D60/$L$4 -> 0.0025395246 | F60: 14 | G60: 1 | H60: =G60*E60 -> 0.0025395246 | I60: =H60*$L$4 -> 3.0410227e+09 | J60: 1 | K60: =J60*E60 -> 0.0025395246 | L60: =K60*$L$4 -> 3.0410227e+09 | N60: =M60*E60 -> 0 | O60: =N60*$L$4 -> 0
A61: 54 | B61: 1.6.2.1.10 | C61: حمل آب | D61: 7.6025568e+08 | E61: =D61/$L$4 -> 0.00063488116 | F61: 3 | G61: 1 | H61: =G61*E61 -> 0.00063488116 | I61: =H61*$L$4 -> 7.6025568e+08 | J61: 1 | K61: =J61*E61 -> 0.00063488116 | L61: =K61*$L$4 -> 7.6025568e+08 | N61: =M61*E61 -> 0 | O61: =N61*$L$4 -> 0
A62: 55 | B62: 1.6.2.2 | C62: عمليات روسازي | D62: =SUM(D63:D77) -> 1.2440548e+10 | E62: =SUM(E63:E77) -> 0.010388964 | H62: =SUM(H63:H77) -> 0.0040205292 | I62: =H62*$L$4 -> 4.8144919e+09 | J62: =L62/D62 -> 0.089281691 | K62: =SUM(K63:K77) -> 0.00092754431 | L62: =SUM(L63:L77) -> 1.1107131e+09 | N62: =SUM(N63:N77) -> 0 | O62: =SUM(O63:O77) -> 0
A63: 56 | B63: 1.6.2.2.1 | C63: نقشه برداری خط (میخ کوبی) | D63: 1.2440548e+08 | E63: =D63/$L$4 -> 0.00010388964 | F63: 21 | G63: 1 | H63: =G63*E63 -> 0.00010388964 | I63: =H63*$L$4 -> 1.2440548e+08 | J63: =1/3 -> 0.33333333 | K63: =J63*E63 -> 3.4629882e-05 | L63: =K63*$L$4 -> 41468492 | M63: براساس گزارش تامین دلیل
A64: 57 | B64: 1.6.2.2.2 | C64: تهیه بالاست | D64: 3.0728152e+09 | E64: =D64/$L$4 -> 0.0025660742 | F64: 14 | G64: 1 | H64: =G64*E64 -> 0.0025660742 | I64: =H64*$L$4 -> 3.0728152e+09 | J64: =681/(681+2394+880) -> 0.1721871 | K64: =J64*E64 -> 0.00044184489 | L64: =K64*$L$4 -> 5.2909916e+08
A65: 58 | B65: 1.6.2.2.4 | C65: حمل بالاست | D65: 1.1694115e+09 | E65: =D65/$L$4 -> 0.00097656266 | F65: 14 | G65: 1 | H65: =G65*E65 -> 0.00097656266 | I65: =H65*$L$4 -> 1.1694115e+09 | J65: =J64 -> 0.1721871 | K65: =J65*E65 -> 0.0001681515 | L65: =K65*$L$4 -> 2.0135758e+08
A66: 59 | B66: 1.6.2.2.7 | C66: بالاست ريزي مرحله اول | D66: 4.4785971e+08 | E66: =D66/$L$4 -> 0.00037400272 | F66: 23 | G66: 1 | H66: =G66*E66 -> 0.00037400272 | I66: =H66*$L$4 -> 4.4785971e+08 | J66: =(949+150)/(100+99.69+154.43+1098.7) -> 0.75645985 | K66: =J66*E66 -> 0.00028291804 | L66: =K66*$L$4 -> 3.3878789e+08
A67: 60 | B67: 1.6.2.2.8 | C67: حمل سوزن از محل دپو تا نصب | D67: 5.4738409e+08 | E67: =D67/$L$4 -> 0.00045711444 | F67: 23 | G67: 0 | H67: =G67*E67 -> 0 | I67: =H67*$L$4 -> 0 | K67: =J67*E67 -> 0 | L67: =K67*$L$4 -> 0
A68: 61 | B68: 1.6.2.2.9 | C68: حمل كوپلاژ يا حمل ريلي ریل، تراورس و ادوات | D68: 6.3446793e+08 | E68: =D68/$L$4 -> 0.00052983719 | F68: 23 | G68: 0 | H68: =G68*E68 -> 0 | I68: =H68*$L$4 -> 0 | K68: =J68*E68 -> 0 | L68: =K68*$L$4 -> 0
A69: 62 | B69: 1.6.2.2.12 | C69: نصب كوپلاژ | D69: 2.9857314e+08 | E69: =D69/$L$4 -> 0.00024933515 | F69: 23 | G69: 0 | H69: =G69*E69 -> 0 | I69: =H69*$L$4 -> 0 | K69: =J69*E69 -> 0 | L69: =K69*$L$4 -> 0
A70: 63 | B70: 1.6.2.2.13 | C70: مونتاژ و نصب سوزن | D70: 2.8613259e+09 | E70: =D70/$L$4 -> 0.0023894618 | F70: 23 | G70: 0 | H70: =G70*E70 -> 0 | I70: =H70*$L$4 -> 0 | K70: =J70*E70 -> 0 | L70: =K70*$L$4 -> 0
A71: 64 | B71: 1.6.2.2.14 | C71: خط آرایی | D71: 2.7369205e+08 | E71: =D71/$L$4 -> 0.00022855722 | F71: 23 | G71: 0 | H71: =G71*E71 -> 0 | I71: =H71*$L$4 -> 0 | K71: =J71*E71 -> 0 | L71: =K71*$L$4 -> 0
A72: 65 | B72: 1.6.2.2.15 | C72: بالاست ریزی مرحله دوم | D72: 7.3399231e+08 | E72: =D72/$L$4 -> 0.0006129489 | F72: 23 | G72: 0 | H72: =G72*E72 -> 0 | I72: =H72*$L$4 -> 0 | K72: =J72*E72 -> 0 | L72: =K72*$L$4 -> 0
A73: 66 | B73: 1.6.2.2.16 | C73: رگلاژ و رلواژ مرحله اول | D73: 7.3399231e+08 | E73: =D73/$L$4 -> 0.0006129489 | F73: 23 | G73: 0 | H73: =G73*E73 -> 0 | I73: =H73*$L$4 -> 0 | K73: =J73*E73 -> 0 | L73: =K73*$L$4 -> 0
A74: 67 | B74: 1.6.2.2.17 | C74: بالاست ریزی مرحله سوم | D74: 4.976219e+08 | E74: =D74/$L$4 -> 0.00041555858 | F74: 23 | G74: 0 | H74: =G74*E74 -> 0 | I74: =H74*$L$4 -> 0 | K74: =J74*E74 -> 0 | L74: =K74*$L$4 -> 0
A75: 68 | B75: 1.6.2.2.18 | C75: رلواژ مرحله دوم | D75: 4.976219e+08 | E75: =D75/$L$4 -> 0.00041555858 | F75: 23 | G75: 0 | H75: =G75*E75 -> 0 | I75: =H75*$L$4 -> 0 | K75: =J75*E75 -> 0 | L75: =K75*$L$4 -> 0
A76: 69 | B76: 1.6.2.2.19 | C76: رلواژ نهایی و تثبیت | D76: 2.7369205e+08 | E76: =D76/$L$4 -> 0.00022855722 | F76: 23 | G76: 0 | H76: =G76*E76 -> 0 | I76: =H76*$L$4 -> 0 | K76: =J76*E76 -> 0 | L76: =K76*$L$4 -> 0
A77: 70 | B77: 1.6.2.2.20 | C77: عملیات تکمیلی و نصب علائم | D77: 2.7369205e+08 | E77: =D77/$L$4 -> 0.00022855722 | F77: 23 | G77: 0 | H77: =G77*E77 -> 0 | I77: =H77*$L$4 -> 0 | K77: =J77*E77 -> 0 | L77: =K77*$L$4 -> 0
A78: 71 | B78: 1.6.3 | C78: بلوک هرند - خیرآباد | D78: =D79+D89+D101 -> 1.5694136e+11 | E78: =E79+E89+E101 -> 0.13106 | H78: =H79+H89+H101 -> 0.10614418 | I78: =I79+I89+I101 -> 1.2710523e+11 | J78: =L78/D78 -> 0.6487622 | K78: =K79+K89+K101 -> 0.085026774 | L78: =L79+L89+L101 -> 1.0181762e+11 | N78: =N79+N89+N101 -> 0 | O78: =N78*$L$4 -> 0
A79: 72 | B79: 1.6.3.1 | C79: زیر سازی | D79: =SUM(D80:D88) -> 5.8068302e+10 | E79: =SUM(E80:E88) -> 0.0484922 | H79: =SUM(H80:H88) -> 0.0484922 | I79: =SUM(I80:I88) -> 5.8068302e+10 | J79: =L79/D79 -> 1 | K79: =SUM(K80:K88) -> 0.0484922 | L79: =SUM(L80:L88) -> 5.8068302e+10 | N79: =SUM(N80:N88) -> 0 | O79: =N79*$L$4 -> 0
A80: 73 | B80: 1.6.3.1.1 | C80: برداشت خاک نباتی | D80: 2.9034151e+09 | E80: =D80/$L$4 -> 0.00242461 | F80: 3 | G80: 1 | H80: =G80*E80 -> 0.00242461 | I80: =H80*$L$4 -> 2.9034151e+09 | J80: 1 | K80: =J80*E80 -> 0.00242461 | L80: =K80*$L$4 -> 2.9034151e+09 | N80: =M80*E80 -> 0 | O80: =N80*$L$4 -> 0
A81: 74 | B81: 1.6.3.1.2 | C81: آب پاشی و کوبیدن بستر | D81: 5.8068302e+09 | E81: =D81/$L$4 -> 0.00484922 | F81: 3 | G81: 1 | H81: =G81*E81 -> 0.00484922 | I81: =H81*$L$4 -> 5.8068302e+09 | J81: 1 | K81: =J81*E81 -> 0.00484922 | L81: =K81*$L$4 -> 5.8068302e+09 | N81: =M81*E81 -> 0 | O81: =N81*$L$4 -> 0
A82: 75 | B82: 1.6.3.1.3 | C82: تهیه و اجرای خاکریز با90% کوبیدگی | D82: 5.8068302e+09 | E82: =D82/$L$4 -> 0.00484922 | F82: 3 | G82: 1 | H82: =G82*E82 -> 0.00484922 | I82: =H82*$L$4 -> 5.8068302e+09 | J82: 1 | K82: =J82*E82 -> 0.00484922 | L82: =K82*$L$4 -> 5.8068302e+09 | N82: =M82*E82 -> 0 | O82: =N82*$L$4 -> 0
A83: 76 | B83: 1.6.3.1.4 | C83: تهیه مصالح سابگرید با 95% کوبیدگی | D83: 1.161366e+10 | E83: =D83/$L$4 -> 0.00969844 | F83: 14 | G83: 1 | H83: =G83*E83 -> 0.00969844 | I83: =H83*$L$4 -> 1.161366e+10 | J83: 1 | K83: =J83*E83 -> 0.00969844 | L83: =K83*$L$4 -> 1.161366e+10 | N83: =M83*E83 -> 0 | O83: =N83*$L$4 -> 0
A84: 77 | B84: 1.6.3.1.5 | C84: اجرای سابگرید با 95% کوبیدگی | D84: 8.7102452e+09 | E84: =D84/$L$4 -> 0.00727383 | F84: 3 | G84: 1 | H84: =G84*E84 -> 0.00727383 | I84: =H84*$L$4 -> 8.7102452e+09 | J84: 1 | K84: =J84*E84 -> 0.00727383 | L84: =K84*$L$4 -> 8.7102452e+09 | N84: =M84*E84 -> 0 | O84: =N84*$L$4 -> 0
A85: 78 | B85: 1.6.3.1.6 | C85: تهیه سابگرید با 100% کوبیدگی | D85: 6.6778547e+09 | E85: =D85/$L$4 -> 0.005576603 | F85: 14 | G85: 1 | H85: =G85*E85 -> 0.005576603 | I85: =H85*$L$4 -> 6.6778547e+09 | J85: 1 | K85: =J85*E85 -> 0.005576603 | L85: =K85*$L$4 -> 6.6778547e+09 | N85: =M85*E85 -> 0 | O85: =N85*$L$4 -> 0
A86: 79 | B86: 1.6.3.1.7 | C86: اجرای سابگرید با 100% کوبیدگی | D86: 4.9358056e+09 | E86: =D86/$L$4 -> 0.004121837 | F86: 3 | G86: 1 | H86: =G86*E86 -> 0.004121837 | I86: =H86*$L$4 -> 4.9358056e+09 | J86: 1 | K86: =J86*E86 -> 0.004121837 | L86: =K86*$L$4 -> 4.9358056e+09 | N86: =M86*E86 -> 0 | O86: =N86*$L$4 -> 0
A87: 80 | B87: 1.6.3.1.8 | C87: تهیه و اجراي لايه هاي زیر بالاست | D87: 8.7102452e+09 | E87: =D87/$L$4 -> 0.00727383 | F87: 14 | G87: 1 | H87: =G87*E87 -> 0.00727383 | I87: =H87*$L$4 -> 8.7102452e+09 | J87: 1 | K87: =J87*E87 -> 0.00727383 | L87: =K87*$L$4 -> 8.7102452e+09 | N87: =M87*E87 -> 0 | O87: =N87*$L$4 -> 0
A88: 81 | B88: 1.6.3.1.10 | C88: حمل آب | D88: 2.9034151e+09 | E88: =D88/$L$4 -> 0.00242461 | F88: 3 | G88: 1 | H88: =G88*E88 -> 0.00242461 | I88: =H88*$L$4 -> 2.9034151e+09 | J88: 1 | K88: =J88*E88 -> 0.00242461 | L88: =K88*$L$4 -> 2.9034151e+09 | N88: =M88*E88 -> 0 | O88: =N88*$L$4 -> 0
A89: 82 | B89: 1.6.3.2 | C89: عمليات ابنيه فني | D89: =SUM(D90:D99) -> 4.7082407e+10 | E89: =SUM(E90:E99) -> 0.039318 | H89: =SUM(H90:H99) -> 0.039097819 | I89: =H89*$L$4 -> 4.6818745e+10 | K89: =SUM(K90:K99) -> 0.031627399 | L89: =K89*$L$4 -> 3.7873088e+10
A90: 83 | B90: 16.3.2.1 | C90: پي كني | D90: 1600801826 | E90: =D90/$L$4 -> 0.001336812 | F90: 3 | G90: 1 | H90: =G90*E90 -> 0.001336812 | I90: =H90*$L$4 -> 1600801826 | J90: =1-19.56% -> 0.8044 | K90: =J90*E90 -> 0.0010753316 | L90: =J90*D90 -> 1.287685e+09 | M90: باتوجه به عدم رفع نواقص آبروها با عرض کمتر از2.5 و پلها با عرض کمتر از 2.8
A91: 84 | B91: 16.3.2.2 | C91: قالب بندی | D91: 8474833196 | E91: =D91/$L$4 -> 0.00707724 | F91: 8 | G91: 1 | H91: =G91*E91 -> 0.00707724 | I91: =H91*$L$4 -> 8474833196 | J91: =1-19.56% -> 0.8044 | K91: =J91*E91 -> 0.0056929319 | L91: =J91*D91 -> 6.8171558e+09
A92: 85 | B92: 16.3.2.3 | C92: تهيه و نصب آرماتور | D92: 16949666392 | E92: =D92/$L$4 -> 0.01415448 | F92: 9 | G92: 1 | H92: =G92*E92 -> 0.01415448 | I92: =H92*$L$4 -> 16949666392 | J92: =1-19.56% -> 0.8044 | K92: =J92*E92 -> 0.011385864 | L92: =J92*D92 -> 1.3634312e+10
A93: 86 | B93: 16.3.2.4 | C93: اجراي بتن | D93: 8474833196 | E93: =D93/$L$4 -> 0.00707724 | F93: 12 و 13 | G93: 1 | H93: =G93*E93 -> 0.00707724 | I93: =H93*$L$4 -> 8474833196 | J93: =1-19.56% -> 0.8044 | K93: =J93*E93 -> 0.0056929319 | L93: =J93*D93 -> 6.8171558e+09
A94: 87 | B94: 16.3.2.5 | C94: عايق كاري | D94: 470824066 | E94: =D94/$L$4 -> 0.00039318 | F94: 16 | G94: 1 | H94: =G94*E94 -> 0.00039318 | I94: =H94*$L$4 -> 470824066 | J94: =1-19.56% -> 0.8044 | K94: =J94*E94 -> 0.00031627399 | L94: =J94*D94 -> 3.7873088e+08
A95: 88 | B95: 16.3.2.6 | C95: عمليات تكميلي (پر كردن پشت كوله ها و دستك ها و ...) | D95: 847483320 | E95: =D95/$L$4 -> 0.000707724 | F95: 6 | G95: 1 | H95: =G95*E95 -> 0.000707724 | I95: =H95*$L$4 -> 847483320 | J95: =1-19.56% -> 0.8044 | K95: =J95*E95 -> 0.00056929319 | L95: =J95*D95 -> 6.8171558e+08
A96: 89 | B96: 16.3.2.7 | C96: ساخت و نصب نرده حفاظ پلها | D96: 2636614772 | E96: =D96/$L$4 -> 0.002201808 | F96: 11 | G96: 0.9 | H96: =G96*E96 -> 0.0019816272 | I96: =H96*$L$4 -> 2.3729533e+09 | J96: =1-19.56% -> 0.8044 | K96: =J96*E96 -> 0.0017711344 | L96: =J96*D96 -> 2.1208929e+09
A97: 90 | B97: 16.3.2.8 | C97: بسترسازي | D97: 3954922158 | E97: =D97/$L$4 -> 0.003302712 | F97: 3 | G97: 1 | H97: =G97*E97 -> 0.003302712 | I97: =H97*$L$4 -> 3954922158 | J97: =1-19.56% -> 0.8044 | K97: =J97*E97 -> 0.0026567015 | L97: =J97*D97 -> 3.1813394e+09
A98: 91 | B98: 16.3.2.9 | C98: حمل سيمان و آرماتور | D98: 1318307386 | E98: =D98/$L$4 -> 0.001100904 | F98: 20 | G98: 1 | H98: =G98*E98 -> 0.001100904 | I98: =H98*$L$4 -> 1318307386 | J98: =1-19.56% -> 0.8044 | K98: =J98*E98 -> 0.00088556718 | L98: =J98*D98 -> 1.0604465e+09
A99: 92 | B99: 16.3.2.10 | C99: حمل آب | D99: 2.3541203e+09 | E99: =D99/$L$4 -> 0.0019659 | F99: 3 | G99: 1 | H99: =G99*E99 -> 0.0019659 | I99: =H99*$L$4 -> 2.3541203e+09 | J99: =1-19.56% -> 0.8044 | K99: =J99*E99 -> 0.00158137 | L99: =J99*D99 -> 1.8936544e+09
A100: 93 | B100: 16.3.2.11 | C100: ترمیم قرنیز آبروها و پلهای موجود | H100: =G100*E100 -> 0 | I100: =H100*$L$4 -> 0 | K100: =J100*E100 -> 0 | L100: =J100*D100 -> 0
...

Sheet اختتامیه
D1: کارفرما: | E1: راه‏آهن جمهوری اسلامی ایران | J1: عنوان قرارداد: | L1: طراحی، تأمین و اجرای دو خطه کردن راه‏آهن (زیرسازی، پل‏سازی، روسازی) محور مشك-سيستان
D2: مشاور طرح: | E2: مهندسین مشاور صحن بوستان
D3: مشارکت: | E3: مشاركت تكنيك-پل‏رود-کنکاوان معدن شیراز | J3: شماره و تاریخ ابلاغ قرارداد: | L3: 400/66891/ی مورخ 93/11/20
D4: صورت‏وضعیت شماره: | E4: موقت 16 | J4: مبلغ قرارداد (ریال): | L4: ='خلاصه مالي صورت وضعیت'!G4:G5 -> 1197477151532
D5: تاریخ صورت‏وضعیت: | E5: ='خلاصه مالي صورت وضعیت'!E5 -> 1403/06/10
A6: ردیف | B6: W.B.S | C6: عنوان فعالیت | D6: هزینه کامل (ريال) | E6: وزن کامل (%) | F6: فصل مرتبط از فهرست بها | G6: گروه مشارکت | J6: مشاور زیربنایی | M6: کارفرما | P6: مدارك پشتيبان
G7: درصد پیشرفت از سرفصل (کل) | H7: درصد پیشرفت وزنی | I7: مبلغ (ریال) | J7: درصد پیشرفت از صد (کل) | K7: درصد پیشرفت وزنی | L7: مبلغ (ریال) | M7: درصد پیشرفت از صد (کل) | N7: درصد پیشرفت وزنی | O7: مبلغ (ریال)
A8: 1 | B8: 1.7 | C8: اختتاميه پروژه | D8: =SUM(D9:D11) -> 1.4369726e+10 | E8: =SUM(E9:E11) -> 0.012 | G8: =I8/D8 -> 0 | H8: =G8*E8 -> 0 | I8: =I9+I10+I11 -> 0 | J8: =L8/D8 -> 0 | K8: =SUM(K9:K11) -> 0 | L8: =SUM(L9:L11) -> 0 | R8: =D8+'تجهیز کارگاه مستمر'!D8+'تجهیز کارگاه اولیه'!D8+'بیمه نامه ها'!D8+'سازمان دهی و برنامه ریزی پروژه'!D8 -> 7.5441061e+10 | S8: =E8+'تجهیز کارگاه مستمر'!E8+'تجهیز کارگاه اولیه'!E8+'بیمه نامه ها'!E8+'سازمان دهی و برنامه ریزی پروژه'!E8 -> 0.063 | T8: =F8+'تجهیز کارگاه مستمر'!F8+'تجهیز کارگاه اولیه'!F8+'بیمه نامه ها'!F8+'سازمان دهی و برنامه ریزی پروژه'!F8 -> 0 | U8: =G8+'تجهیز کارگاه مستمر'!G8+'تجهیز کارگاه اولیه'!G8+'بیمه نامه ها'!G8+'سازمان دهی و برنامه ریزی پروژه'!G8 -> 0 | V8: =H8+'تجهیز کارگاه مستمر'!H8+'تجهیز کارگاه اولیه'!H8+'بیمه نامه ها'!H8+'سازمان دهی و برنامه ریزی پروژه'!H8 -> 0.050994 | W8: =I8+'تجهیز کارگاه مستمر'!I8+'تجهیز کارگاه اولیه'!I8+'بیمه نامه ها'!I8+'سازمان دهی و برنامه ریزی پروژه'!I8 -> 6.106415e+10 | X8: =J8+'تجهیز کارگاه مستمر'!J8+'تجهیز کارگاه اولیه'!J8+'بیمه نامه ها'!J8+'سازمان دهی و برنامه ریزی پروژه'!J8 -> 3.0450833 | Y8: =K8+'تجهیز کارگاه مستمر'!K8+'تجهیز کارگاه اولیه'!K8+'بیمه نامه ها'!K8+'سازمان دهی و برنامه ریزی پروژه'!K8 -> 0.0339565 | ... AE8: =Q8+'تجهیز کارگاه مستمر'!Q8+'تجهیز کارگاه اولیه'!Q8+'بیمه نامه ها'!Q8+'سازمان دهی و برنامه ریزی پروژه'!Q8 -> 0
A9: 2 | B9: 1.7.1 | C9: تحويل موقت كل پروژه | D9: =E9*$L$4 -> 5.9873858e+09 | E9: 0.005 | G9: 0 | H9: =G9*E9 -> 0 | I9: =H9*$L$4 -> 0 | J9: 0 | K9: =J9*E9 -> 0 | L9: =J9*D9 -> 0 | R9: =Z8/R8 -> 0.53899206
A10: 3 | B10: 1.7.2 | C10: برچيدن كارگاه | D10: =E10*$L$4 -> 3.5924315e+09 | E10: 0.003 | G10: 0 | H10: =G10*E10 -> 0 | I10: =H10*$L$4 -> 0 | J10: 0 | K10: =J10*E10 -> 0 | L10: =J10*D10 -> 0
A11: 4 | B11: 1.7.3 | C11: بيمه مهندسي سازه‌هاي تكميل شده | D11: =E11*$L$4 -> 4.7899086e+09 | E11: 0.004 | G11: 0 | H11: =G11*E11 -> 0 | I11: =H11*$L$4 -> 0 | J11: =J9 -> 0 | K11: =J11*E11 -> 0 | L11: =J11*D11 -> 0

Sheet فصل13ریل
A2: شماره ردیف | B2: موضوع ردیف | C2: واحد | D2: مقدار | E2: بهای واحد | F2: بهای کل | G2: ضریب بالاسری | H2: ضریب به هنگام سازی | I2: ضریب پیشنهادی | J2: مبلغ فصل با اعمال ضریب بالاسری
A4: 200303 | B4: حمل ریلی | C4: تن-کیلومتر | D4: =950.36*150 -> 142554 | E4: 536 | F4: =E4*D4 -> 76408944 | G4: 1.3 | H4: 1.0637 | I4: 1.0977
A5: 220101 | B5: تهیه ریل UIC60 با گرید A900 بارگیری ، حمل و تخلیه در کارگاه مونتاژ خط. | C5: تن | D5: =-950.36 -> -950.36 | E5: 27160000 | F5: =E5*D5 -> -25811777600 | G5: 1.14 | H5: 1.0637 | I5: 1.0977
A6: جمع کل فصول با اعمال ضریب پیمان : | J6: =SUM(J4:J5) -> 0

Sheet CBS
C1: طرح رفع گلوگاه‌های ظرفیتی در امور زیربنایی راه‏آهن ج.ا.ا پروژه طراحی، تامین و اجرای دو خطه کردن راه‏آهن محور مشك-سيستان کاربرگ تعریف فعالیت‏ها و ساختار شکست هزینه‏ها
D3: راه‌آهن ج.ا.ا
A4: ویرایش سوم | D4: تاريخ: خرداد ماه 1395
A5: ردیف | B5: W.B.S | C5: عنوان فعالیت | D5: وزن کامل (%) | E5: ارزش ريالي قراردادي CBS پيشنهادي پيمانكار | F5: رقم قرارداد
A6: 1 | B6: 1 | C6: پروژه دو خطه کردن راه‏آهن محور مشك-سيستان (EPC) | D6: =D7+D8+D9+D49+D102+D118+D330 -> 1 | E6: =E9+E49+E102+E118+E330 -> 1.1974772e+12 | F6: 1197477151532 | G6: =F6-E6 -> 0
A7: 2 | B7: 1.1 | C7: آغاز | D7: 0 | E7: =1197477151532*D7 -> 0
A8: 3 | B8: 1.2 | C8: تحويل زمين | D8: 0 | E8: =1197477151532*D8 -> 0
A9: 4 | B9: 1.3 | C9: فعالیت‌های مقدماتی، برنامه‏ریزی و تجهيز كارگاه | D9: =D10+D20+D26+D38 -> 0.051 | E9: =$F$6*D9 -> 6.1071335e+10
A10: 5 | B10: 1.3.1 | C10: سازماندهي و برنامه‏ریزی پروژه | D10: =SUM(D11:D19) -> 0.005 | E10: =$F$6*D10 -> 5987385758
A11: 6 | B11: 1.3.1.1 | C11: انتصاب و معرفي نماينده مشاركت (مدير پروژه) | D11: 0 | E11: =$F$6*D11 -> 0
A12: 7 | B12: 1.3.1.2 | C12: تشكيل دفتر و سازمان كليدي پروژه | D12: 0.00035 | E12: =$F$6*D12 -> 4.19117e+08
A13: 8 | B13: 1.3.1.3 | C13: تهيه و اعلام چارت سازماني، شرح وظايف و حدود اختيارات و مسئوليت‌ها و شرايط احراز تيم پروژه | D13: 0.00075 | E13: =$F$6*D13 -> 8.9810786e+08
A14: 9 | B14: 1.3.1.4 | C14: تشكيل و تعريف نظام مديريت پروژه، تهيه و ارسال ويرايش اول برنامه زمان‌بندي و ساختار شكست هزينه و ساير مدارك مرتبط برنامه‌ريزي | D14: 0.0013 | E14: =$F$6*D14 -> 1.5567203e+09
A15: 10 | B15: 1.3.1.5 | C15: برنامه‌ريزي و تعين مشخصات و فهرست كامل اقدامات تجهيز كارگاه به همراه نقشه جانمايي | D15: 0.0005 | E15: =$F$6*D15 -> 5.9873858e+08
A16: 11 | B16: 1.3.1.6 | C16: تهيه و ارسال گردش فعاليت‌ها و روابط بين مشاركت، مشاور و كارفرما (Coordination Procedure) | D16: 0.0003 | E16: =$F$6*D16 -> 3.5924315e+08
A17: 12 | B17: 1.3.1.7 | C17: تهيه و ارسال روش‌هاي اجرايي و دستورالعمل‌هاي كاري شامل: QA ،QC،HSE و 5S و .... | D17: 0.0015 | E17: =$F$6*D17 -> 1.7962157e+09
A18: 13 | B18: 1.3.1.8 | C18: تهيه و ارسال ليست كامل مدارك پيمانكار | D18: 0.0003 | E18: =$F$6*D18 -> 3.5924315e+08
A19: 14 | B19: 1.3.1.9 | C19: پايان سازمان‌دهي و برنامه‌ريزي مقدماتي پروژه | D19: 0 | E19: =$F$6*D19 -> 0
A20: 15 | B20: 1.3.2 | C20: بيمه‌نامه‌ها | D20: =SUM(D21:D25) -> 0.006 | E20: =$F$6*D20 -> 7.1848629e+09
A21: 16 | B21: 1.3.2.1 | C21: ارائه بيمه تمام خطر پيمانكاري و اخذ تاييد مشاور | D21: 0.0009 | E21: =$F$6*D21 -> 1.0777294e+09 | F21: 0.001
A22: 17 | B22: 1.3.2.2 | C22: ارائه بيمه مسئوليت و اخذ تاييد مشاور | D22: 0.0009 | E22: =$F$6*D22 -> 1.0777294e+09 | F22: 0.001
A23: 18 | B23: 1.3.2.3 | C23: تاييد بيمه‌هاي تمام خطر و مسئوليت توسط كارفرما | D23: 0.0009 | E23: =$F$6*D23 -> 1.0777294e+09 | F23: 0.001
A24: 19 | B24: 1.3.2.4 | C24: پيگيري تا صدور بيمه‌نامه‌هاي فوق | D24: 0.002 | E24: =$F$6*D24 -> 2.3949543e+09 | F24: 0.003
A25: 20 | B25: 1.3.2.5 | C25: بيمه تجهيز كارگاه | D25: 0.0013 | E25: =$F$6*D25 -> 1.5567203e+09 | F25: 0.0017
A26: 21 | B26: 1.3.3 | C26: تجهیز اوليه کارگاه | D26: =SUM(D27:D37) -> 0.017 | E26: =$F$6*D26 -> 20357111576
A27: 22 | B27: 1.3.3.1 | C27: آغاز عمليات تجهيز كارگاه | D27: 0 | E27: =$F$6*D27 -> 0 | F27: 0
A28: 23 | B28: 1.3.3.2 | C28: تامين و تجهيز كامل محل سكونت عوامل پيمانكار، مشاور و كارفرما | D28: 0.004 | E28: =$F$6*D28 -> 4.7899086e+09 | F28: 0.00255
A29: 24 | B29: 1.3.3.3 | C29: محوطه‌سازي و تامين راه‌هاي دسترسي، سرويس و ارتباطي | D29: 0.001 | E29: =$F$6*D29 -> 1.1974772e+09 | F29: 0.00102
A30: 25 | B30: 1.3.3.4 | C30: تامين و تجهيز ساختمان‌هاي موقت اداري و دفاتر كار عوامل پيمانكار، مشاور و كارفرما و تجهيز آنها | D30: 0.0035 | E30: =$F$6*D30 -> 4.19117e+09 | F30: 0.00255
A31: 26 | B31: 1.3.3.5 | C31: تامين آب، برق، سيستم مخابراتي، اينترنت و سوخت كارگاه | D31: 0.0015 | E31: =$F$6*D31 -> 1.7962157e+09 | F31: 0.0017
A32: 27 | B32: 1.3.3.6 | C32: اقدامات ايجاد و تامين و تجهيز ساختمان‌هاي پشتيباني، انبار و تعميرگاه | D32: 0.0015 | E32: =$F$6*D32 -> 1.7962157e+09 | F32: 0.00153
A33: 28 | B33: 1.3.3.7 | C33: تامين و تجهيز آزمايشگاه | D33: 0.0005 | E33: =$F$6*D33 -> 5.9873858e+08 | F33: 0.00051
A34: 29 | B34: 1.3.3.8 | C34: محوطه‌سازي كارگاه عمومي و كارگاه روسازي | D34: 0.0005 | E34: =$F$6*D34 -> 5.9873858e+08 | F34: 0.0017
A35: 30 | B35: 1.3.3.9 | C35: اقدامات اجرايي براي تامين و نصب ماشين‌الات و تجهيزات و راه‌اندازي آنها | D35: 0.004 | E35: =$F$6*D35 -> 4.7899086e+09 | F35: 0.00255
A36: 31 | B36: 1.3.3.10 | C36: اقدامات اوليه براي بهداشت، ايمني و حفاظت كار و محيط زيست | D36: 0.0005 | E36: =$F$6*D36 -> 5.9873858e+08 | F36: 0.00119
A37: 32 | B37: 1.3.3.11 | C37: پايان تجهيز اوليه كارگاه | D37: 0 | E37: =$F$6*D37 -> 0 | F37: 0
A38: 33 | B38: 1.3.4 | C38: تجهيز مستمر كارگاه | D38: =SUM(D39:D48) -> 0.023 | E38: =$F$6*D38 -> 27541974485
A39: 34 | B39: 1.3.4.1 | C39: تداوم تامين و نگهداري اقامتگاه عوامل پيمانكار، مشاور و كارفرما | D39: 0.00115 | E39: =$F$6*D39 -> 1.3770987e+09
A40: 35 | B40: 1.3.4.2 | C40: تامين و سرو خوراك عوامل پيمانكار، مشاور و كارفرما | D40: 0.0069 | E40: =$F$6*D40 -> 8.2625923e+09
A41: 36 | B41: 1.3.4.3 | C41: برقراري سرويس اياب و ذهاب كارگاه | D41: 0.00575 | E41: =$F$6*D41 -> 6.8854936e+09
A42: 37 | B42: 1.3.4.4 | C42: بكاربستن مفاد نظام ايمني و حفاظت كار | D42: 0.0023 | E42: =$F$6*D42 -> 2.7541974e+09
A43: 38 | B43: 1.3.4.5 | C43: بكاربستن مفاد نظام بهداشت و حفظ محيط زيست | D43: 0.0023 | E43: =$F$6*D43 -> 2.7541974e+09
A44: 39 | B44: 1.3.4.6 | C44: تداوم بهره‌مندي كارگاه از آب، برق، گاز، سوخت، تلفن و اينترنت | D44: 0.00345 | E44: =$F$6*D44 -> 4.1312962e+09
A45: 40 | B45: 1.3.4.7 | C45: رعايت نظم و انضباط در محوطه و محيط‌هاي اداري، كارگاهي و كارگري در انطباق با 5S | D45: 0.00023 | E45: =$F$6*D45 -> 2.7541974e+08
A46: 41 | B46: 1.3.4.8 | C46: تداوم فعاليت‌هاي نت از طريق سنجش ميزان آماده بكار بودن ماشين‌آلات و تجهيزات | D46: 0.00046 | E46: =$F$6*D46 -> 5.5083949e+08
A47: 42 | B47: 1.3.4.9 | C47: تداوم فعاليت‌هاي انبارداري و مديريت و حفاظت اقلام | D47: 0.00023 | E47: =$F$6*D47 -> 2.7541974e+08
A48: 43 | B48: 1.3.4.10 | C48: تداوم حفظ و نگهداري دفاتر، محيط‌هاي اداري و پشتيباني در سطح استاندارد نور و تهويه و... | D48: 0.00023 | E48: =$F$6*D48 -> 2.7541974e+08
A49: 44 | B49: 1.4 | C49: خدمات طراحي و مهندسی | D49: =D50+D94 -> 0.05 | E49: =$F$6*D49 -> 5.9873858e+10
A50: 45 | B50: 1.4.1 | C50: خدمات طراحي و مهندسی پيش از اجرا | D50: =SUM(D51:D57,D63,D69:D75,D81,D87:D93) -> 0.0175 | E50: =$F$6*D50 -> 2.095585e+10
A51: 46 | B51: 1.4.1.1 | C51: آغاز مطالعات مهندسي و طراحي | D51: 0 | E51: =$F$6*D51 -> 0
A52: 47 | B52: 1.4.1.2 | C52: نقشه‌هاي توپوگرافی براساس برداشت مستقیم زمینی (1:2000 و1:500) | D52: 0.0035 | E52: =$F$6*D52 -> 4.19117e+09
A53: 48 | B53: 1.4.1.3 | C53: مطالعات اولیه شناخت و تحلیل وضع موجود | D53: 0.0007 | E53: =$F$6*D53 -> 8.3823401e+08
A54: 49 | B54: 1.4.1.4 | C54: مطالعات طراحي رعايت سرعت طرح در طول محور و برآورد مقايسه‌اي مسير حركت در حريم | D54: 0.001 | E54: =$F$6*D54 -> 1.1974772e+09
A55: 50 | B55: 1.4.1.5 | C55: مطالعات اولیه ژئوتکنیک و برداشت وضع موجود | D55: 0.00035 | E55: =$F$6*D55 -> 4.19117e+08
A56: 51 | B56: 1.4.1.6 | C56: گزارش مطالعات تکمیلی ژئوتکنیک (صحرایی و آزمایشگاهی) | D56: 0.00035 | E56: =$F$6*D56 -> 4.19117e+08
A57: 52 | B57: 1.4.1.7 | C57: گزارش طراحی روسازی | D57: =SUM(D58:D62) -> 0.001 | E57: =$F$6*D57 -> 1.1974772e+09
A58: 53 | B58: 1.4.1.7.1 | C58: بالاست | D58: 0.0002 | E58: =$F$6*D58 -> 2.3949543e+08
A59: 54 | B59: 1.4.1.7.2 | C59: تراورس | D59: 0.0002 | E59: =$F$6*D59 -> 2.3949543e+08
A60: 55 | B60: 1.4.1.7.3 | C60: پابند | D60: 0.0002 | E60: =$F$6*D60 -> 2.3949543e+08
A61: 56 | B61: 1.4.1.7.4 | C61: ریل | D61: 0.0002 | E61: =$F$6*D61 -> 2.3949543e+08
A62: 57 | B62: 1.4.1.7.5 | C62: سوزن | D62: 0.0002 | E62: =$F$6*D62 -> 2.3949543e+08
A63: 58 | B63: 1.4.1.8 | C63: نقشه‏های اجرایی روسازی | D63: =SUM(D64:D68) -> 0.001 | E63: =$F$6*D63 -> 1.1974772e+09
A64: 59 | B64: 1.4.1.8.1 | C64: بالاست | D64: 0.0002 | E64: =$F$6*D64 -> 2.3949543e+08
A65: 60 | B65: 1.4.1.8.2 | C65: تراورس | D65: 0.0002 | E65: =$F$6*D65 -> 2.3949543e+08
A66: 61 | B66: 1.4.1.8.3 | C66: پابند | D66: 0.0002 | E66: =$F$6*D66 -> 2.3949543e+08
A67: 62 | B67: 1.4.1.8.4 | C67: ریل | D67: 0.0002 | E67: =$F$6*D67 -> 2.3949543e+08
A68: 63 | B68: 1.4.1.8.5 | C68: سوزن | D68: 0.0002 | E68: =$F$6*D68 -> 2.3949543e+08
A69: 64 | B69: 1.4.1.9 | C69: گزارش روش اجرای روسازی (خطوط و سوز‌ن‌ها) | D69: 0.001 | E69: =$F$6*D69 -> 1.1974772e+09
A70: 65 | B70: 1.4.1.10 | C70: گزارش طرح هندسی مسیر | D70: 0.0005 | E70: =$F$6*D70 -> 5.9873858e+08
A71: 66 | B71: 1.4.1.11 | C71: نقشه‏های پلان طرح هندسی مسیر | D71: 0.0002 | E71: =$F$6*D71 -> 2.3949543e+08
A72: 67 | B72: 1.4.1.12 | C72: نقشه‏های پروفیل طولی | D72: 0.0002 | E72: =$F$6*D72 -> 2.3949543e+08
A73: 68 | B73: 1.4.1.13 | C73: نقشه‏های مقاطع عرضی | D73: 0.001 | E73: =$F$6*D73 -> 1.1974772e+09
A74: 69 | B74: 1.4.1.14 | C74: ارائه احجام عملیات خاکی براساس میخکوبی | D74: 0.0003 | E74: =$F$6*D74 -> 3.5924315e+08
A75: 70 | B75: 1.4.1.15 | C75: گزارش محاسباتی پل‌های مسیر | D75: =SUM(D76:D80) -> 0.001 | E75: =$F$6*D75 -> 1.1974772e+09
A76: 71 | B76: 1.4.1.15.1 | C76: پلهای با دهانه 1 متر | D76: 0.0002 | E76: =$F$6*D76 -> 2.3949543e+08
A77: 72 | B77: 1.4.1.15.2 | C77: پلهای با دهانه 2 متر | D77: 0.0002 | E77: =$F$6*D77 -> 2.3949543e+08
A78: 73 | B78: 1.4.1.15.3 | C78: پلهای با دهانه 3 متر | D78: 0.0002 | E78: =$F$6*D78 -> 2.3949543e+08
A79: 74 | B79: 1.4.1.15.4 | C79: پلهای با دهانه بیش از 3 متر | D79: 0.0002 | E79: =$F$6*D79 -> 2.3949543e+08
A80: 75 | B80: 1.4.1.15.5 | C80: قطعات پیش ساخته دیوار برگشتی | D80: 0.0002 | E80: =$F$6*D80 -> 2.3949543e+08
A81: 76 | B81: 1.4.1.16 | C81: نقشه‌های اجرایی پل‌های مسیر | D81: =SUM(D82:D86) -> 0.0025 | E81: =$F$6*D81 -> 2.9936929e+09
A82: 77 | B82: 1.4.1.16.1 | C82: پلهای با دهانه 1 متر | D82: 0.0005 | E82: =$F$6*D82 -> 5.9873858e+08
A83: 78 | B83: 1.4.1.16.2 | C83: پلهای با دهانه 2 متر | D83: 0.0005 | E83: =$F$6*D83 -> 5.9873858e+08
A84: 79 | B84: 1.4.1.16.3 | C84: پلهای با دهانه 3 متر | D84: 0.0005 | E84: =$F$6*D84 -> 5.9873858e+08
A85: 80 | B85: 1.4.1.16.4 | C85: پلهای با دهانه بیش از 3 متر | D85: 0.0005 | E85: =$F$6*D85 -> 5.9873858e+08
A86: 81 | B86: 1.4.1.16.5 | C86: نقشه‏های قطعات پیش ساخته دیوار برگشتی | D86: 0.0005 | E86: =$F$6*D86 -> 5.9873858e+08
A87: 82 | B87: 1.4.1.17 | C87: نقشه‏های تیپ مقاطع عرضی | D87: 0.001 | E87: =$F$6*D87 -> 1.1974772e+09
A88: 83 | B88: 1.4.1.18 | C88: گزارش زیرسازی مسیر | D88: 0.00035 | E88: =$F$6*D88 -> 4.19117e+08
A89: 84 | B89: 1.4.1.19 | C89: نقشه‏های تیپ زیرسازی | D89: 0.00035 | E89: =$F$6*D89 -> 4.19117e+08
A90: 85 | B90: 1.4.1.20 | C90: گزارش زمین شناسی مسیر | D90: 0.00035 | E90: =$F$6*D90 -> 4.19117e+08
A91: 86 | B91: 1.4.1.21 | C91: پلان هیدرولوژی حوضه‏های آبریز مسیر | D91: 0.0005 | E91: =$F$6*D91 -> 5.9873858e+08
A92: 87 | B92: 1.4.1.22 | C92: گزارش هیدرولوژی مسیر | D92: 0.00035 | E92: =$F$6*D92 -> 4.19117e+08
A93: 88 | B93: 1.4.1.23 | C93: پايان خدمات طراحي و مهندسي پيش از اجرا | D93: 0 | E93: =$F$6*D93 -> 0
A94: 89 | B94: 1.4.2 | C94: خدمات مهندسی حین اجرا | D94: =SUM(D95:D101) -> 0.0325 | E94: =$F$6*D94 -> 3.8918007e+10
A95: 90 | B95: 1.4.2.1 | C95: استقرار عوامل نظارت كيفي كارگاه در انطباق با بند 2-3 پيوست شماره 1 قرارداد | D95: 0.0114 | E95: =$F$6*D95 -> 1.365124e+10
A96: 91 | B96: 1.4.2.2 | C96: انجام آزمايشات مورد لزوم حين اجرا و ارائه نتايج و گزارشات تحليلي | D96: 0.0075 | E96: =$F$6*D96 -> 8.9810786e+09
A97: 92 | B97: 1.4.2.3 | C97: كاليبراسيون ادواري تجهيزات پايش و اندازه‌‏گيري | D97: 0.00065 | E97: =$F$6*D97 -> 7.7836015e+08
A98: 93 | B98: 1.4.2.4 | C98: تهيه دستورالعمل‌ها و نقشه‌هاي فني كارگاهي | D98: 0.0029 | E98: =$F$6*D98 -> 3.4726837e+09
A99: 94 | B99: 1.4.2.5 | C99: انجام تعهدات برنامه‌ريزي و مديريت محدوده، زمان و هزينه براساس نظام مديريت پروژه، ارائه گزارشات عملكرد پروژه، برپايي و شركت در جلسات كنترل پروژه و پيگيري مصوبات جلسه | D99: 0.0065 | E99: =$F$6*D99 -> 7.7836015e+09
A100: 95 | B100: 1.4.2.6 | C100: تهيه نقشه‏هاي چون ساخت | D100: 0.0029 | E100: =$F$6*D100 -> 3.4726837e+09
A101: 96 | B101: 1.4.2.7 | C101: تهيه كتابچه‌هاي بهره‌برداري، نگهداري و تعميرات | D101: 0.00065 | E101: =$F$6*D101 -> 7.7836015e+08
...
