Workbook

Sheet مقایسه پروژه‌ها
A1: نمودار مقایسه‌ای شاخص‌های تعدیل | Cross-Project Comparison
A2: Toggle TRUE/FALSE to select activities | برای انتخاب TRUE/FALSE را تغییر دهید
A4: No. | B4: Project|پروژه | C4: Select | D4: Activity|فعالیت | F4: 📊 Chart Data
A5: 1 | B5: ابنیه|Buildings | C5: {=_xlfn.SWITCH(LEFT(B5,FIND("|",B5)-1),"ابنیه",HLOOKUP(D5,'نمودار ابنیه'!$B$5:$AD$6,2,FALSE),"مکانیکی",HLOOKUP(D5,'نمودار مکانیکی'!$B$5:$AJ$6,2,FALSE),"برقی",HLOOKUP(D5,'نمودار تاسیسات برقی'!$B$5:$AK$6,2,FALSE),"خطوط",HLOOKUP(D5,'نمودار خطوط انتقال '!$B$5:$R$6,2,FALSE),"شبکه",HLOOKUP(D5,'نمودار شبکه توزیع آ'!$B$5:$O$6,2,FALSE),"سد",HLOOKUP(D5,'نمودار سدسازی'!$B$5:$P$6,2,FALSE),"فاضلاب",HLOOKUP(D5,'نمودار جمع‌آوری و ا'!$B$5:$S$6,2,FALSE),"تجهیزات",HLOOKUP(D5,'نمودار تجهیزات آب و'!$B$5:$AG$6,2,FALSE),"پست",HLOOKUP(D5,'نمودار پست های انتق'!$B$5:$AH$6,2,FALSE),"نیرو",HLOOKUP(D5,'نمودار توزیع نیرو ب'!$B$5:$AE$6,2,FALSE),FALSE)} -> FALSE | D5: عملیات تخریب و برچیدن | E5: RowIdx | F5: Activity | G5: 1390-اول | H5: 1390-دوم | I5: 1390-سوم | J5: 1390-چهارم | K5: 1391-اول | L5: 1391-دوم | M5: 1391-سوم | N5: 1391-چهارم | O5: 1392-اول | P5: 1392-دوم | Q5: 1392-سوم | R5: 1392-چهارم | S5: 1393-اول | T5: 1393-دوم | U5: 1393-سوم | V5: 1393-چهارم | W5: 1394-اول | X5: 1394-دوم | Y5: 1394-سوم | Z5: 1394-چهارم | AA5: 1395-اول | AB5: 1395-دوم | AC5: 1395-سوم | AD5: 1395-چهارم | AE5: 1396-اول | AF5: 1396-دوم | AG5: 1396-سوم | AH5: 1396-چهارم | AI5: 1397-اول | AJ5: 1397-تیر | AK5: 1397-مرداد | AL5: 1397-شهریور | AM5: 1397-سوم | AN5: 1397-چهارم | AO5: 1398-اول | AP5: 1398-دوم | AQ5: 1398-سوم | AR5: 1398-چهارم | AS5: 1399-اول | AT5: 1399-تیر | AU5: 1399-مرداد | AV5: 1399-شهریور | AW5: 1399-سوم | AX5: 1399-چهارم | AY5: 1400-اول | AZ5: 1400-دوم | BA5: 1400-سوم | BB5: 1400-چهارم | BC5: 1401-اول | BD5: 1401-دوم | BE5: 1401-سوم | BF5: 1401-دی | BG5: 1401-بهمن | BH5: 1401-اسفند | BI5: 1402-اول | BJ5: 1402-دوم | BK5: 1402-سوم | BL5: 1402-چهارم
A6: 2 | B6: ابنیه|Buildings | C6: {=_xlfn.SWITCH(LEFT(B6,FIND("|",B6)-1),"ابنیه",HLOOKUP(D6,'نمودار ابنیه'!$B$5:$AD$6,2,FALSE),"مکانیکی",HLOOKUP(D6,'نمودار مکانیکی'!$B$5:$AJ$6,2,FALSE),"برقی",HLOOKUP(D6,'نمودار تاسیسات برقی'!$B$5:$AK$6,2,FALSE),"خطوط",HLOOKUP(D6,'نمودار خطوط انتقال '!$B$5:$R$6,2,FALSE),"شبکه",HLOOKUP(D6,'نمودار شبکه توزیع آ'!$B$5:$O$6,2,FALSE),"سد",HLOOKUP(D6,'نمودار سدسازی'!$B$5:$P$6,2,FALSE),"فاضلاب",HLOOKUP(D6,'نمودار جمع‌آوری و ا'!$B$5:$S$6,2,FALSE),"تجهیزات",HLOOKUP(D6,'نمودار تجهیزات آب و'!$B$5:$AG$6,2,FALSE),"پست",HLOOKUP(D6,'نمودار پست های انتق'!$B$5:$AH$6,2,FALSE),"نیرو",HLOOKUP(D6,'نمودار توزیع نیرو ب'!$B$5:$AE$6,2,FALSE),FALSE)} -> FALSE | D6: عملیات خاکی با دست | E6: {=IFERROR(_xlfn.AGGREGATE(15,6,ROW($C$5:$C$261)/($C$5:$C$261=TRUE),1)-4,"")} -> 9 | F6: {=IF($E6="","",LEFT(INDEX($B$5:$B$261,$E6),FIND("|",INDEX($B$5:$B$261,$E6))-1)&":"&LEFT(INDEX($D$5:$D$261,$E6),20))} -> ابنیه:کارهای فولادی سنگین | G6: {=IF($E6="","",_xlfn.SWITCH(LEFT(INDEX($B$5:$B$261,$E6),FIND("|",INDEX($B$5:$B$261,$E6))-1),"ابنیه",VLOOKUP(INDEX($D$5:$D$261,$E6),'نمودار ابنیه'!$A$9:$BG$37,COLUMN()-5,FALSE),"مکانیکی",VLOOKUP(INDEX($D$5:$D$261,$E6),'نمودار مکانیکی'!$A$9:$BG$43,COLUMN()-5,FALSE),"برقی",VLOOKUP(INDEX($D$5:$D$261,$E6),'نمودار تاسیسات برقی'!$A$9:$BG$44,COLUMN()-5,FALSE),"خطوط",VLOOKUP(INDEX($D$5:$D$261,$E6),'نمودار خطوط انتقال '!$A$9:$BG$26,COLUMN()-5,FALSE),"شبکه",VLOOKUP(INDEX($D$5:$D$261,$E6),'نمودار شبکه توزیع آ'!$A$9:$BG$22,COLUMN()-5,FALSE),"سد",VLOOKUP(INDEX($D$5:$D$261,$E6),'نمودار سدسازی'!$A$9:$BG$23,COLUMN()-5,FALSE),"فاضلاب",VLOOKUP(INDEX($D$5:$D$261,$E6),'نمودار جمع‌آوری و ا'!$A$9:$BG$26,COLUMN()-5,FALSE),"تجهیزات",VLOOKUP(INDEX($D$5:$D$261,$E6),'نمودار تجهیزات آب و'!$A$9:$BG$42,COLUMN()-5,FALSE),"پست",VLOOKUP(INDEX($D$5:$D$261,$E6),'نمودار پست های انتق'!$A$9:$BG$41,COLUMN()-5,FALSE),"نیرو",VLOOKUP(INDEX($D$5:$D$261,$E6),'نمودار توزیع نیرو ب'!$A$9:$BG$38,COLUMN()-5,FALSE),""))} -> 275.2 | H6: {=IF($E6="","",_xlfn.SWITCH(LEFT(INDEX($B$5:$B$261,$E6),FIND("|",INDEX($B$5:$B$261,$E6))-1),"ابنیه",VLOOKUP(INDEX($D$5:$D$261,$E6),'نمودار ابنیه'!$A$9:$BG$37,COLUMN()-5,FALSE),"مکانیکی",VLOOKUP(INDEX($D$5:$D$261,$E6),'نمودار مکانیکی'!$A$9:$BG$43,COLUMN()-5,FALSE),"برقی",VLOOKUP(INDEX($D$5:$D$261,$E6),'نمودار تاسیسات برقی'!$A$9:$BG$44,COLUMN()-5,FALSE),"خطوط",VLOOKUP(INDEX($D$5:$D$261,$E6),'نمودار خطوط انتقال '!$A$9:$BG$26,COLUMN()-5,FALSE),"شبکه",VLOOKUP(INDEX($D$5:$D$261,$E6),'نمودار شبکه توزیع آ'!$A$9:$BG$22,COLUMN()-5,FALSE),"سد",VLOOKUP(INDEX($D$5:$D$261,$E6),'نمودار سدسازی'!$A$9:$BG$23,COLUMN()-5,FALSE),"فاضلاب",VLOOKUP(INDEX($D$5:$D$261,$E6),'نمودار جمع‌آوری و ا'!$A$9:$BG$26,COLUMN()-5,FALSE),"تجهیزات",VLOOKUP(INDEX($D$5:$D$261,$E6),'نمودار تجهیزات آب و'!$A$9:$BG$42,COLUMN()-5,FALSE),"پست",VLOOKUP(INDEX($D$5:$D$261,$E6),'نمودار پست های انتق'!$A$9:$BG$41,COLUMN()-5,FALSE),"نیرو",VLOOKUP(INDEX($D$5:$D$261,$E6),'نمودار توزیع نیرو ب'!$A$9:$BG$38,COLUMN()-5,FALSE),""))} -> 302.3 | I6: {=IF($E6="","",_xlfn.SWITCH(LEFT(INDEX($B$5:$B$261,$E6),FIND("|",INDEX($B$5:$B$261,$E6))-1),"ابنیه",VLOOKUP(INDEX($D$5:$D$261,$E6),'نمودار ابنیه'!$A$9:$BG$37,COLUMN()-5,FALSE),"مکانیکی",VLOOKUP(INDEX($D$5:$D$261,$E6),'نمودار مکانیکی'!$A$9:$BG$43,COLUMN()-5,FALSE),"برقی",VLOOKUP(INDEX($D$5:$D$261,$E6),'نمودار تاسیسات برقی'!$A$9:$BG$44,COLUMN()-5,FALSE),"خطوط",VLOOKUP(INDEX($D$5:$D$261,$E6),'نمودار خطوط انتقال '!$A$9:$BG$26,COLUMN()-5,FALSE),"شبکه",VLOOKUP(INDEX($D$5:$D$261,$E6),'نمودار شبکه توزیع آ'!$A$9:$BG$22,COLUMN()-5,FALSE),"سد",VLOOKUP(INDEX($D$5:$D$261,$E6),'نمودار سدسازی'!$A$9:$BG$23,COLUMN()-5,FALSE),"فاضلاب",VLOOKUP(INDEX($D$5:$D$261,$E6),'نمودار جمع‌آوری و ا'!$A$9:$BG$26,COLUMN()-5,FALSE),"تجهیزات",VLOOKUP(INDEX($D$5:$D$261,$E6),'نمودار تجهیزات آب و'!$A$9:$BG$42,COLUMN()-5,FALSE),"پست",VLOOKUP(INDEX($D$5:$D$261,$E6),'نمودار پست های انتق'!$A$9:$BG$41,COLUMN()-5,FALSE),"نیرو",VLOOKUP(INDEX($D$5:$D$261,$E6),'نمودار توزیع نیرو ب'!$A$9:$BG$38,COLUMN()-5,FALSE),""))} -> 318.9 | J6: {=IF($E6="","",_xlfn.SWITCH(LEFT(INDEX($B$5:$B$261,$E6),FIND("|",INDEX($B$5:$B$261,$E6))-1),"ابنیه",VLOOKUP(INDEX($D$5:$D$261,$E6),'نمودار ابنیه'!$A$9:$BG$37,COLUMN()-5,FALSE),"مکانیکی",VLOOKUP(INDEX($D$5:$D$261,$E6),'نمودار مکانیکی'!$A$9:$BG$43,COLUMN()-5,FALSE),"برقی",VLOOKUP(INDEX($D$5:$D$261,$E6),'نمودار تاسیسات برقی'!$A$9:$BG$44,COLUMN()-5,FALSE),"خطوط",VLOOKUP(INDEX($D$5:$D$261,$E6),'نمودار خطوط انتقال '!$A$9:$BG$26,COLUMN()-5,FALSE),"شبکه",VLOOKUP(INDEX($D$5:$D$261,$E6),'نمودار شبکه توزیع آ'!$A$9:$BG$22,COLUMN()-5,FALSE),"سد",VLOOKUP(INDEX($D$5:$D$261,$E6),'نمودار سدسازی'!$A$9:$BG$23,COLUMN()-5,FALSE),"فاضلاب",VLOOKUP(INDEX($D$5:$D$261,$E6),'نمودار جمع‌آوری و ا'!$A$9:$BG$26,COLUMN()-5,FALSE),"تجهیزات",VLOOKUP(INDEX($D$5:$D$261,$E6),'نمودار تجهیزات آب و'!$A$9:$BG$42,COLUMN()-5,FALSE),"پست",VLOOKUP(INDEX($D$5:$D$261,$E6),'نمودار پست های انتق'!$A$9:$BG$41,COLUMN()-5,FALSE),"نیرو",VLOOKUP(INDEX($D$5:$D$261,$E6),'نمودار توزیع نیرو ب'!$A$9:$BG$38,COLUMN()-5,FALSE),""))} -> 335.8 | K6: {=IF($E6="","",_xlfn.SWITCH(LEFT(INDEX($B$5:$B$261,$E6),FIND("|",INDEX($B$5:$B$261,$E6))-1),"ابنیه",VLOOKUP(INDEX($D$5:$D$261,$E6),'نمودار ابنیه'!$A$9:$BG$37,COLUMN()-5,FALSE),"مکانیکی",VLOOKUP(INDEX($D$5:$D$261,$E6),'نمودار مکانیکی'!$A$9:$BG$43,COLUMN()-5,FALSE),"برقی",VLOOKUP(INDEX($D$5:$D$261,$E6),'نمودار تاسیسات برقی'!$A$9:$BG$44,COLUMN()-5,FALSE),"خطوط",VLOOKUP(INDEX($D$5:$D$261,$E6),'نمودار خطوط انتقال '!$A$9:$BG$26,COLUMN()-5,FALSE),"شبکه",VLOOKUP(INDEX($D$5:$D$261,$E6),'نمودار شبکه توزیع آ'!$A$9:$BG$22,COLUMN()-5,FALSE),"سد",VLOOKUP(INDEX($D$5:$D$261,$E6),'نمودار سدسازی'!$A$9:$BG$23,COLUMN()-5,FALSE),"فاضلاب",VLOOKUP(INDEX($D$5:$D$261,$E6),'نمودار جمع‌آوری و ا'!$A$9:$BG$26,COLUMN()-5,FALSE),"تجهیزات",VLOOKUP(INDEX($D$5:$D$261,$E6),'نمودار تجهیزات آب و'!$A$9:$BG$42,COLUMN()-5,FALSE),"پست",VLOOKUP(INDEX($D$5:$D$261,$E6),'نمودار پست های انتق'!$A$9:$BG$41,COLUMN()-5,FALSE),"نیرو",VLOOKUP(INDEX($D$5:$D$261,$E6),'نمودار توزیع نیرو ب'!$A$9:$BG$38,COLUMN()-5,FALSE),""))} -> 352.4 | L6: {=IF($E6="","",_xlfn.SWITCH(LEFT(INDEX($B$5:$B$261,$E6),FIND("|",INDEX($B$5:$B$261,$E6))-1),"ابنیه",VLOOKUP(INDEX($D$5:$D$261,$E6),'نمودار ابنیه'!$A$9:$BG$37,COLUMN()-5,FALSE),"مکانیکی",VLOOKUP(INDEX($D$5:$D$261,$E6),'نمودار مکانیکی'!$A$9:$BG$43,COLUMN()-5,FALSE),"برقی",VLOOKUP(INDEX($D$5:$D$261,$E6),'نمودار تاسیسات برقی'!$A$9:$BG$44,COLUMN()-5,FALSE),"خطوط",VLOOKUP(INDEX($D$5:$D$261,$E6),'نمودار خطوط انتقال '!$A$9:$BG$26,COLUMN()-5,FALSE),"شبکه",VLOOKUP(INDEX($D$5:$D$261,$E6),'نمودار شبکه توزیع آ'!$A$9:$BG$22,COLUMN()-5,FALSE),"سد",VLOOKUP(INDEX($D$5:$D$261,$E6),'نمودار سدسازی'!$A$9:$BG$23,COLUMN()-5,FALSE),"فاضلاب",VLOOKUP(INDEX($D$5:$D$261,$E6),'نمودار جمع‌آوری و ا'!$A$9:$BG$26,COLUMN()-5,FALSE),"تجهیزات",VLOOKUP(INDEX($D$5:$D$261,$E6),'نمودار تجهیزات آب و'!$A$9:$BG$42,COLUMN()-5,FALSE),"پست",VLOOKUP(INDEX($D$5:$D$261,$E6),'نمودار پست های انتق'!$A$9:$BG$41,COLUMN()-5,FALSE),"نیرو",VLOOKUP(INDEX($D$5:$D$261,$E6),'نمودار توزیع نیرو ب'!$A$9:$BG$38,COLUMN()-5,FALSE),""))} -> 404.1 | M6: {=IF($E6="","",_xlfn.SWITCH(LEFT(INDEX($B$5:$B$261,$E6),FIND("|",INDEX($B$5:$B$261,$E6))-1),"ابنیه",VLOOKUP(INDEX($D$5:$D$261,$E6),'نمودار ابنیه'!$A$9:$BG$37,COLUMN()-5,FALSE),"مکانیکی",VLOOKUP(INDEX($D$5:$D$261,$E6),'نمودار مکانیکی'!$A$9:$BG$43,COLUMN()-5,FALSE),"برقی",VLOOKUP(INDEX($D$5:$D$261,$E6),'نمودار تاسیسات برقی'!$A$9:$BG$44,COLUMN()-5,FALSE),"خطوط",VLOOKUP(INDEX($D$5:$D$261,$E6),'نمودار خطوط انتقال '!$A$9:$BG$26,COLUMN()-5,FALSE),"شبکه",VLOOKUP(INDEX($D$5:$D$261,$E6),'نمودار شبکه توزیع آ'!$A$9:$BG$22,COLUMN()-5,FALSE),"سد",VLOOKUP(INDEX($D$5:$D$261,$E6),'نمودار سدسازی'!$A$9:$BG$23,COLUMN()-5,FALSE),"فاضلاب",VLOOKUP(INDEX($D$5:$D$261,$E6),'نمودار جمع‌آوری و ا'!$A$9:$BG$26,COLUMN()-5,FALSE),"تجهیزات",VLOOKUP(INDEX($D$5:$D$261,$E6),'نمودار تجهیزات آب و'!$A$9:$BG$42,COLUMN()-5,FALSE),"پست",VLOOKUP(INDEX($D$5:$D$261,$E6),'نمودار پست های انتق'!$A$9:$BG$41,COLUMN()-5,FALSE),"نیرو",VLOOKUP(INDEX($D$5:$D$261,$E6),'نمودار توزیع نیرو ب'!$A$9:$BG$38,COLUMN()-5,FALSE),""))} -> 498.1 | N6: {=IF($E6="","",_xlfn.SWITCH(LEFT(INDEX($B$5:$B$261,$E6),FIND("|",INDEX($B$5:$B$261,$E6))-1),"ابنیه",VLOOKUP(INDEX($D$5:$D$261,$E6),'نمودار ابنیه'!$A$9:$BG$37,COLUMN()-5,FALSE),"مکانیکی",VLOOKUP(INDEX($D$5:$D$261,$E6),'نمودار مکانیکی'!$A$9:$BG$43,COLUMN()-5,FALSE),"برقی",VLOOKUP(INDEX($D$5:$D$261,$E6),'نمودار تاسیسات برقی'!$A$9:$BG$44,COLUMN()-5,FALSE),"خطوط",VLOOKUP(INDEX($D$5:$D$261,$E6),'نمودار خطوط انتقال '!$A$9:$BG$26,COLUMN()-5,FALSE),"شبکه",VLOOKUP(INDEX($D$5:$D$261,$E6),'نمودار شبکه توزیع آ'!$A$9:$BG$22,COLUMN()-5,FALSE),"سد",VLOOKUP(INDEX($D$5:$D$261,$E6),'نمودار سدسازی'!$A$9:$BG$23,COLUMN()-5,FALSE),"فاضلاب",VLOOKUP(INDEX($D$5:$D$261,$E6),'نمودار جمع‌آوری و ا'!$A$9:$BG$26,COLUMN()-5,FALSE),"تجهیزات",VLOOKUP(INDEX($D$5:$D$261,$E6),'نمودار تجهیزات آب و'!$A$9:$BG$42,COLUMN()-5,FALSE),"پست",VLOOKUP(INDEX($D$5:$D$261,$E6),'نمودار پست های انتق'!$A$9:$BG$41,COLUMN()-5,FALSE),"نیرو",VLOOKUP(INDEX($D$5:$D$261,$E6),'نمودار توزیع نیرو ب'!$A$9:$BG$38,COLUMN()-5,FALSE),""))} -> 546.8 | ... BL6: {=IF($E6="","",_xlfn.SWITCH(LEFT(INDEX($B$5:$B$261,$E6),FIND("|",INDEX($B$5:$B$261,$E6))-1),"ابنیه",VLOOKUP(INDEX($D$5:$D$261,$E6),'نمودار ابنیه'!$A$9:$BG$37,COLUMN()-5,FALSE),"مکانیکی",VLOOKUP(INDEX($D$5:$D$261,$E6),'نمودار مکانیکی'!$A$9:$BG$43,COLUMN()-5,FALSE),"برقی",VLOOKUP(INDEX($D$5:$D$261,$E6),'نمودار تاسیسات برقی'!$A$9:$BG$44,COLUMN()-5,FALSE),"خطوط",VLOOKUP(INDEX($D$5:$D$261,$E6),'نمودار خطوط انتقال '!$A$9:$BG$26,COLUMN()-5,FALSE),"شبکه",VLOOKUP(INDEX($D$5:$D$261,$E6),'نمودار شبکه توزیع آ'!$A$9:$BG$22,COLUMN()-5,FALSE),"سد",VLOOKUP(INDEX($D$5:$D$261,$E6),'نمودار سدسازی'!$A$9:$BG$23,COLUMN()-5,FALSE),"فاضلاب",VLOOKUP(INDEX($D$5:$D$261,$E6),'نمودار جمع‌آوری و ا'!$A$9:$BG$26,COLUMN()-5,FALSE),"تجهیزات",VLOOKUP(INDEX($D$5:$D$261,$E6),'نمودار تجهیزات آب و'!$A$9:$BG$42,COLUMN()-5,FALSE),"پست",VLOOKUP(INDEX($D$5:$D$261,$E6),'نمودار پست های انتق'!$A$9:$BG$41,COLUMN()-5,FALSE),"نیرو",VLOOKUP(INDEX($D$5:$D$261,$E6),'نمودار توزیع نیرو ب'!$A$9:$BG$38,COLUMN()-5,FALSE),""))} -> 8776.9
A7: 3 | B7: ابنیه|Buildings | C7: {=_xlfn.SWITCH(LEFT(B7,FIND("|",B7)-1),"ابنیه",HLOOKUP(D7,'نمودار ابنیه'!$B$5:$AD$6,2,FALSE),"مکانیکی",HLOOKUP(D7,'نمودار مکانیکی'!$B$5:$AJ$6,2,FALSE),"برقی",HLOOKUP(D7,'نمودار تاسیسات برقی'!$B$5:$AK$6,2,FALSE),"خطوط",HLOOKUP(D7,'نمودار خطوط انتقال '!$B$5:$R$6,2,FALSE),"شبکه",HLOOKUP(D7,'نمودار شبکه توزیع آ'!$B$5:$O$6,2,FALSE),"سد",HLOOKUP(D7,'نمودار سدسازی'!$B$5:$P$6,2,FALSE),"فاضلاب",HLOOKUP(D7,'نمودار جمع‌آوری و ا'!$B$5:$S$6,2,FALSE),"تجهیزات",HLOOKUP(D7,'نمودار تجهیزات آب و'!$B$5:$AG$6,2,FALSE),"پست",HLOOKUP(D7,'نمودار پست های انتق'!$B$5:$AH$6,2,FALSE),"نیرو",HLOOKUP(D7,'نمودار توزیع نیرو ب'!$B$5:$AE$6,2,FALSE),FALSE)} -> FALSE | D7: عملیات خاکی با ماشین | E7: {=IFERROR(_xlfn.AGGREGATE(15,6,ROW($C$5:$C$261)/($C$5:$C$261=TRUE),2)-4,"")} -> 30 | F7: {=IF($E7="","",LEFT(INDEX($B$5:$B$261,$E7),FIND("|",INDEX($B$5:$B$261,$E7))-1)&":"&LEFT(INDEX($D$5:$D$261,$E7),20))} -> مکانیکی:لوله های فولادی | G7: {=IF($E7="","",_xlfn.SWITCH(LEFT(INDEX($B$5:$B$261,$E7),FIND("|",INDEX($B$5:$B$261,$E7))-1),"ابنیه",VLOOKUP(INDEX($D$5:$D$261,$E7),'نمودار ابنیه'!$A$9:$BG$37,COLUMN()-5,FALSE),"مکانیکی",VLOOKUP(INDEX($D$5:$D$261,$E7),'نمودار مکانیکی'!$A$9:$BG$43,COLUMN()-5,FALSE),"برقی",VLOOKUP(INDEX($D$5:$D$261,$E7),'نمودار تاسیسات برقی'!$A$9:$BG$44,COLUMN()-5,FALSE),"خطوط",VLOOKUP(INDEX($D$5:$D$261,$E7),'نمودار خطوط انتقال '!$A$9:$BG$26,COLUMN()-5,FALSE),"شبکه",VLOOKUP(INDEX($D$5:$D$261,$E7),'نمودار شبکه توزیع آ'!$A$9:$BG$22,COLUMN()-5,FALSE),"سد",VLOOKUP(INDEX($D$5:$D$261,$E7),'نمودار سدسازی'!$A$9:$BG$23,COLUMN()-5,FALSE),"فاضلاب",VLOOKUP(INDEX($D$5:$D$261,$E7),'نمودار جمع‌آوری و ا'!$A$9:$BG$26,COLUMN()-5,FALSE),"تجهیزات",VLOOKUP(INDEX($D$5:$D$261,$E7),'نمودار تجهیزات آب و'!$A$9:$BG$42,COLUMN()-5,FALSE),"پست",VLOOKUP(INDEX($D$5:$D$261,$E7),'نمودار پست های انتق'!$A$9:$BG$41,COLUMN()-5,FALSE),"نیرو",VLOOKUP(INDEX($D$5:$D$261,$E7),'نمودار توزیع نیرو ب'!$A$9:$BG$38,COLUMN()-5,FALSE),""))} -> 269.9 | H7: {=IF($E7="","",_xlfn.SWITCH(LEFT(INDEX($B$5:$B$261,$E7),FIND("|",INDEX($B$5:$B$261,$E7))-1),"ابنیه",VLOOKUP(INDEX($D$5:$D$261,$E7),'نمودار ابنیه'!$A$9:$BG$37,COLUMN()-5,FALSE),"مکانیکی",VLOOKUP(INDEX($D$5:$D$261,$E7),'نمودار مکانیکی'!$A$9:$BG$43,COLUMN()-5,FALSE),"برقی",VLOOKUP(INDEX($D$5:$D$261,$E7),'نمودار تاسیسات برقی'!$A$9:$BG$44,COLUMN()-5,FALSE),"خطوط",VLOOKUP(INDEX($D$5:$D$261,$E7),'نمودار خطوط انتقال '!$A$9:$BG$26,COLUMN()-5,FALSE),"شبکه",VLOOKUP(INDEX($D$5:$D$261,$E7),'نمودار شبکه توزیع آ'!$A$9:$BG$22,COLUMN()-5,FALSE),"سد",VLOOKUP(INDEX($D$5:$D$261,$E7),'نمودار سدسازی'!$A$9:$BG$23,COLUMN()-5,FALSE),"فاضلاب",VLOOKUP(INDEX($D$5:$D$261,$E7),'نمودار جمع‌آوری و ا'!$A$9:$BG$26,COLUMN()-5,FALSE),"تجهیزات",VLOOKUP(INDEX($D$5:$D$261,$E7),'نمودار تجهیزات آب و'!$A$9:$BG$42,COLUMN()-5,FALSE),"پست",VLOOKUP(INDEX($D$5:$D$261,$E7),'نمودار پست های انتق'!$A$9:$BG$41,COLUMN()-5,FALSE),"نیرو",VLOOKUP(INDEX($D$5:$D$261,$E7),'نمودار توزیع نیرو ب'!$A$9:$BG$38,COLUMN()-5,FALSE),""))} -> 283.3 | I7: {=IF($E7="","",_xlfn.SWITCH(LEFT(INDEX($B$5:$B$261,$E7),FIND("|",INDEX($B$5:$B$261,$E7))-1),"ابنیه",VLOOKUP(INDEX($D$5:$D$261,$E7),'نمودار ابنیه'!$A$9:$BG$37,COLUMN()-5,FALSE),"مکانیکی",VLOOKUP(INDEX($D$5:$D$261,$E7),'نمودار مکانیکی'!$A$9:$BG$43,COLUMN()-5,FALSE),"برقی",VLOOKUP(INDEX($D$5:$D$261,$E7),'نمودار تاسیسات برقی'!$A$9:$BG$44,COLUMN()-5,FALSE),"خطوط",VLOOKUP(INDEX($D$5:$D$261,$E7),'نمودار خطوط انتقال '!$A$9:$BG$26,COLUMN()-5,FALSE),"شبکه",VLOOKUP(INDEX($D$5:$D$261,$E7),'نمودار شبکه توزیع آ'!$A$9:$BG$22,COLUMN()-5,FALSE),"سد",VLOOKUP(INDEX($D$5:$D$261,$E7),'نمودار سدسازی'!$A$9:$BG$23,COLUMN()-5,FALSE),"فاضلاب",VLOOKUP(INDEX($D$5:$D$261,$E7),'نمودار جمع‌آوری و ا'!$A$9:$BG$26,COLUMN()-5,FALSE),"تجهیزات",VLOOKUP(INDEX($D$5:$D$261,$E7),'نمودار تجهیزات آب و'!$A$9:$BG$42,COLUMN()-5,FALSE),"پست",VLOOKUP(INDEX($D$5:$D$261,$E7),'نمودار پست های انتق'!$A$9:$BG$41,COLUMN()-5,FALSE),"نیرو",VLOOKUP(INDEX($D$5:$D$261,$E7),'نمودار توزیع نیرو ب'!$A$9:$BG$38,COLUMN()-5,FALSE),""))} -> 296.5 | J7: {=IF($E7="","",_xlfn.SWITCH(LEFT(INDEX($B$5:$B$261,$E7),FIND("|",INDEX($B$5:$B$261,$E7))-1),"ابنیه",VLOOKUP(INDEX($D$5:$D$261,$E7),'نمودار ابنیه'!$A$9:$BG$37,COLUMN()-5,FALSE),"مکانیکی",VLOOKUP(INDEX($D$5:$D$261,$E7),'نمودار مکانیکی'!$A$9:$BG$43,COLUMN()-5,FALSE),"برقی",VLOOKUP(INDEX($D$5:$D$261,$E7),'نمودار تاسیسات برقی'!$A$9:$BG$44,COLUMN()-5,FALSE),"خطوط",VLOOKUP(INDEX($D$5:$D$261,$E7),'نمودار خطوط انتقال '!$A$9:$BG$26,COLUMN()-5,FALSE),"شبکه",VLOOKUP(INDEX($D$5:$D$261,$E7),'نمودار شبکه توزیع آ'!$A$9:$BG$22,COLUMN()-5,FALSE),"سد",VLOOKUP(INDEX($D$5:$D$261,$E7),'نمودار سدسازی'!$A$9:$BG$23,COLUMN()-5,FALSE),"فاضلاب",VLOOKUP(INDEX($D$5:$D$261,$E7),'نمودار جمع‌آوری و ا'!$A$9:$BG$26,COLUMN()-5,FALSE),"تجهیزات",VLOOKUP(INDEX($D$5:$D$261,$E7),'نمودار تجهیزات آب و'!$A$9:$BG$42,COLUMN()-5,FALSE),"پست",VLOOKUP(INDEX($D$5:$D$261,$E7),'نمودار پست های انتق'!$A$9:$BG$41,COLUMN()-5,FALSE),"نیرو",VLOOKUP(INDEX($D$5:$D$261,$E7),'نمودار توزیع نیرو ب'!$A$9:$BG$38,COLUMN()-5,FALSE),""))} -> 305.2 | K7: {=IF($E7="","",_xlfn.SWITCH(LEFT(INDEX($B$5:$B$261,$E7),FIND("|",INDEX($B$5:$B$261,$E7))-1),"ابنیه",VLOOKUP(INDEX($D$5:$D$261,$E7),'نمودار ابنیه'!$A$9:$BG$37,COLUMN()-5,FALSE),"مکانیکی",VLOOKUP(INDEX($D$5:$D$261,$E7),'نمودار مکانیکی'!$A$9:$BG$43,COLUMN()-5,FALSE),"برقی",VLOOKUP(INDEX($D$5:$D$261,$E7),'نمودار تاسیسات برقی'!$A$9:$BG$44,COLUMN()-5,FALSE),"خطوط",VLOOKUP(INDEX($D$5:$D$261,$E7),'نمودار خطوط انتقال '!$A$9:$BG$26,COLUMN()-5,FALSE),"شبکه",VLOOKUP(INDEX($D$5:$D$261,$E7),'نمودار شبکه توزیع آ'!$A$9:$BG$22,COLUMN()-5,FALSE),"سد",VLOOKUP(INDEX($D$5:$D$261,$E7),'نمودار سدسازی'!$A$9:$BG$23,COLUMN()-5,FALSE),"فاضلاب",VLOOKUP(INDEX($D$5:$D$261,$E7),'نمودار جمع‌آوری و ا'!$A$9:$BG$26,COLUMN()-5,FALSE),"تجهیزات",VLOOKUP(INDEX($D$5:$D$261,$E7),'نمودار تجهیزات آب و'!$A$9:$BG$42,COLUMN()-5,FALSE),"پست",VLOOKUP(INDEX($D$5:$D$261,$E7),'نمودار پست های انتق'!$A$9:$BG$41,COLUMN()-5,FALSE),"نیرو",VLOOKUP(INDEX($D$5:$D$261,$E7),'نمودار توزیع نیرو ب'!$A$9:$BG$38,COLUMN()-5,FALSE),""))} -> 339.7 | L7: {=IF($E7="","",_xlfn.SWITCH(LEFT(INDEX($B$5:$B$261,$E7),FIND("|",INDEX($B$5:$B$261,$E7))-1),"ابنیه",VLOOKUP(INDEX($D$5:$D$261,$E7),'نمودار ابنیه'!$A$9:$BG$37,COLUMN()-5,FALSE),"مکانیکی",VLOOKUP(INDEX($D$5:$D$261,$E7),'نمودار مکانیکی'!$A$9:$BG$43,COLUMN()-5,FALSE),"برقی",VLOOKUP(INDEX($D$5:$D$261,$E7),'نمودار تاسیسات برقی'!$A$9:$BG$44,COLUMN()-5,FALSE),"خطوط",VLOOKUP(INDEX($D$5:$D$261,$E7),'نمودار خطوط انتقال '!$A$9:$BG$26,COLUMN()-5,FALSE),"شبکه",VLOOKUP(INDEX($D$5:$D$261,$E7),'نمودار شبکه توزیع آ'!$A$9:$BG$22,COLUMN()-5,FALSE),"سد",VLOOKUP(INDEX($D$5:$D$261,$E7),'نمودار سدسازی'!$A$9:$BG$23,COLUMN()-5,FALSE),"فاضلاب",VLOOKUP(INDEX($D$5:$D$261,$E7),'نمودار جمع‌آوری و ا'!$A$9:$BG$26,COLUMN()-5,FALSE),"تجهیزات",VLOOKUP(INDEX($D$5:$D$261,$E7),'نمودار تجهیزات آب و'!$A$9:$BG$42,COLUMN()-5,FALSE),"پست",VLOOKUP(INDEX($D$5:$D$261,$E7),'نمودار پست های انتق'!$A$9:$BG$41,COLUMN()-5,FALSE),"نیرو",VLOOKUP(INDEX($D$5:$D$261,$E7),'نمودار توزیع نیرو ب'!$A$9:$BG$38,COLUMN()-5,FALSE),""))} -> 379.3 | M7: {=IF($E7="","",_xlfn.SWITCH(LEFT(INDEX($B$5:$B$261,$E7),FIND("|",INDEX($B$5:$B$261,$E7))-1),"ابنیه",VLOOKUP(INDEX($D$5:$D$261,$E7),'نمودار ابنیه'!$A$9:$BG$37,COLUMN()-5,FALSE),"مکانیکی",VLOOKUP(INDEX($D$5:$D$261,$E7),'نمودار مکانیکی'!$A$9:$BG$43,COLUMN()-5,FALSE),"برقی",VLOOKUP(INDEX($D$5:$D$261,$E7),'نمودار تاسیسات برقی'!$A$9:$BG$44,COLUMN()-5,FALSE),"خطوط",VLOOKUP(INDEX($D$5:$D$261,$E7),'نمودار خطوط انتقال '!$A$9:$BG$26,COLUMN()-5,FALSE),"شبکه",VLOOKUP(INDEX($D$5:$D$261,$E7),'نمودار شبکه توزیع آ'!$A$9:$BG$22,COLUMN()-5,FALSE),"سد",VLOOKUP(INDEX($D$5:$D$261,$E7),'نمودار سدسازی'!$A$9:$BG$23,COLUMN()-5,FALSE),"فاضلاب",VLOOKUP(INDEX($D$5:$D$261,$E7),'نمودار جمع‌آوری و ا'!$A$9:$BG$26,COLUMN()-5,FALSE),"تجهیزات",VLOOKUP(INDEX($D$5:$D$261,$E7),'نمودار تجهیزات آب و'!$A$9:$BG$42,COLUMN()-5,FALSE),"پست",VLOOKUP(INDEX($D$5:$D$261,$E7),'نمودار پست های انتق'!$A$9:$BG$41,COLUMN()-5,FALSE),"نیرو",VLOOKUP(INDEX($D$5:$D$261,$E7),'نمودار توزیع نیرو ب'!$A$9:$BG$38,COLUMN()-5,FALSE),""))} -> 424.9 | N7: {=IF($E7="","",_xlfn.SWITCH(LEFT(INDEX($B$5:$B$261,$E7),FIND("|",INDEX($B$5:$B$261,$E7))-1),"ابنیه",VLOOKUP(INDEX($D$5:$D$261,$E7),'نمودار ابنیه'!$A$9:$BG$37,COLUMN()-5,FALSE),"مکانیکی",VLOOKUP(INDEX($D$5:$D$261,$E7),'نمودار مکانیکی'!$A$9:$BG$43,COLUMN()-5,FALSE),"برقی",VLOOKUP(INDEX($D$5:$D$261,$E7),'نمودار تاسیسات برقی'!$A$9:$BG$44,COLUMN()-5,FALSE),"خطوط",VLOOKUP(INDEX($D$5:$D$261,$E7),'نمودار خطوط انتقال '!$A$9:$BG$26,COLUMN()-5,FALSE),"شبکه",VLOOKUP(INDEX($D$5:$D$261,$E7),'نمودار شبکه توزیع آ'!$A$9:$BG$22,COLUMN()-5,FALSE),"سد",VLOOKUP(INDEX($D$5:$D$261,$E7),'نمودار سدسازی'!$A$9:$BG$23,COLUMN()-5,FALSE),"فاضلاب",VLOOKUP(INDEX($D$5:$D$261,$E7),'نمودار جمع‌آوری و ا'!$A$9:$BG$26,COLUMN()-5,FALSE),"تجهیزات",VLOOKUP(INDEX($D$5:$D$261,$E7),'نمودار تجهیزات آب و'!$A$9:$BG$42,COLUMN()-5,FALSE),"پست",VLOOKUP(INDEX($D$5:$D$261,$E7),'نمودار پست های انتق'!$A$9:$BG$41,COLUMN()-5,FALSE),"نیرو",VLOOKUP(INDEX($D$5:$D$261,$E7),'نمودار توزیع نیرو ب'!$A$9:$BG$38,COLUMN()-5,FALSE),""))} -> 533.7 | ... BL7: {=IF($E7="","",_xlfn.SWITCH(LEFT(INDEX($B$5:$B$261,$E7),FIND("|",INDEX($B$5:$B$261,$E7))-1),"ابنیه",VLOOKUP(INDEX($D$5:$D$261,$E7),'نمودار ابنیه'!$A$9:$BG$37,COLUMN()-5,FALSE),"مکانیکی",VLOOKUP(INDEX($D$5:$D$261,$E7),'نمودار مکانیکی'!$A$9:$BG$43,COLUMN()-5,FALSE),"برقی",VLOOKUP(INDEX($D$5:$D$261,$E7),'نمودار تاسیسات برقی'!$A$9:$BG$44,COLUMN()-5,FALSE),"خطوط",VLOOKUP(INDEX($D$5:$D$261,$E7),'نمودار خطوط انتقال '!$A$9:$BG$26,COLUMN()-5,FALSE),"شبکه",VLOOKUP(INDEX($D$5:$D$261,$E7),'نمودار شبکه توزیع آ'!$A$9:$BG$22,COLUMN()-5,FALSE),"سد",VLOOKUP(INDEX($D$5:$D$261,$E7),'نمودار سدسازی'!$A$9:$BG$23,COLUMN()-5,FALSE),"فاضلاب",VLOOKUP(INDEX($D$5:$D$261,$E7),'نمودار جمع‌آوری و ا'!$A$9:$BG$26,COLUMN()-5,FALSE),"تجهیزات",VLOOKUP(INDEX($D$5:$D$261,$E7),'نمودار تجهیزات آب و'!$A$9:$BG$42,COLUMN()-5,FALSE),"پست",VLOOKUP(INDEX($D$5:$D$261,$E7),'نمودار پست های انتق'!$A$9:$BG$41,COLUMN()-5,FALSE),"نیرو",VLOOKUP(INDEX($D$5:$D$261,$E7),'نمودار توزیع نیرو ب'!$A$9:$BG$38,COLUMN()-5,FALSE),""))} -> 7274.2
A8: 4 | B8: ابنیه|Buildings | C8: {=_xlfn.SWITCH(LEFT(B8,FIND("|",B8)-1),"ابنیه",HLOOKUP(D8,'نمودار ابنیه'!$B$5:$AD$6,2,FALSE),"مکانیکی",HLOOKUP(D8,'نمودار مکانیکی'!$B$5:$AJ$6,2,FALSE),"برقی",HLOOKUP(D8,'نمودار تاسیسات برقی'!$B$5:$AK$6,2,FALSE),"خطوط",HLOOKUP(D8,'نمودار خطوط انتقال '!$B$5:$R$6,2,FALSE),"شبکه",HLOOKUP(D8,'نمودار شبکه توزیع آ'!$B$5:$O$6,2,FALSE),"سد",HLOOKUP(D8,'نمودار سدسازی'!$B$5:$P$6,2,FALSE),"فاضلاب",HLOOKUP(D8,'نمودار جمع‌آوری و ا'!$B$5:$S$6,2,FALSE),"تجهیزات",HLOOKUP(D8,'نمودار تجهیزات آب و'!$B$5:$AG$6,2,FALSE),"پست",HLOOKUP(D8,'نمودار پست های انتق'!$B$5:$AH$6,2,FALSE),"نیرو",HLOOKUP(D8,'نمودار توزیع نیرو ب'!$B$5:$AE$6,2,FALSE),FALSE)} -> FALSE | D8: عملیات بنایی با سنگ | E8: {=IFERROR(_xlfn.AGGREGATE(15,6,ROW($C$5:$C$261)/($C$5:$C$261=TRUE),3)-4,"")} -> 31 | F8: {=IF($E8="","",LEFT(INDEX($B$5:$B$261,$E8),FIND("|",INDEX($B$5:$B$261,$E8))-1)&":"&LEFT(INDEX($D$5:$D$261,$E8),20))} -> مکانیکی:لوله های چدنی | G8: {=IF($E8="","",_xlfn.SWITCH(LEFT(INDEX($B$5:$B$261,$E8),FIND("|",INDEX($B$5:$B$261,$E8))-1),"ابنیه",VLOOKUP(INDEX($D$5:$D$261,$E8),'نمودار ابنیه'!$A$9:$BG$37,COLUMN()-5,FALSE),"مکانیکی",VLOOKUP(INDEX($D$5:$D$261,$E8),'نمودار مکانیکی'!$A$9:$BG$43,COLUMN()-5,FALSE),"برقی",VLOOKUP(INDEX($D$5:$D$261,$E8),'نمودار تاسیسات برقی'!$A$9:$BG$44,COLUMN()-5,FALSE),"خطوط",VLOOKUP(INDEX($D$5:$D$261,$E8),'نمودار خطوط انتقال '!$A$9:$BG$26,COLUMN()-5,FALSE),"شبکه",VLOOKUP(INDEX($D$5:$D$261,$E8),'نمودار شبکه توزیع آ'!$A$9:$BG$22,COLUMN()-5,FALSE),"سد",VLOOKUP(INDEX($D$5:$D$261,$E8),'نمودار سدسازی'!$A$9:$BG$23,COLUMN()-5,FALSE),"فاضلاب",VLOOKUP(INDEX($D$5:$D$261,$E8),'نمودار جمع‌آوری و ا'!$A$9:$BG$26,COLUMN()-5,FALSE),"تجهیزات",VLOOKUP(INDEX($D$5:$D$261,$E8),'نمودار تجهیزات آب و'!$A$9:$BG$42,COLUMN()-5,FALSE),"پست",VLOOKUP(INDEX($D$5:$D$261,$E8),'نمودار پست های انتق'!$A$9:$BG$41,COLUMN()-5,FALSE),"نیرو",VLOOKUP(INDEX($D$5:$D$261,$E8),'نمودار توزیع نیرو ب'!$A$9:$BG$38,COLUMN()-5,FALSE),""))} -> 559 | H8: {=IF($E8="","",_xlfn.SWITCH(LEFT(INDEX($B$5:$B$261,$E8),FIND("|",INDEX($B$5:$B$261,$E8))-1),"ابنیه",VLOOKUP(INDEX($D$5:$D$261,$E8),'نمودار ابنیه'!$A$9:$BG$37,COLUMN()-5,FALSE),"مکانیکی",VLOOKUP(INDEX($D$5:$D$261,$E8),'نمودار مکانیکی'!$A$9:$BG$43,COLUMN()-5,FALSE),"برقی",VLOOKUP(INDEX($D$5:$D$261,$E8),'نمودار تاسیسات برقی'!$A$9:$BG$44,COLUMN()-5,FALSE),"خطوط",VLOOKUP(INDEX($D$5:$D$261,$E8),'نمودار خطوط انتقال '!$A$9:$BG$26,COLUMN()-5,FALSE),"شبکه",VLOOKUP(INDEX($D$5:$D$261,$E8),'نمودار شبکه توزیع آ'!$A$9:$BG$22,COLUMN()-5,FALSE),"سد",VLOOKUP(INDEX($D$5:$D$261,$E8),'نمودار سدسازی'!$A$9:$BG$23,COLUMN()-5,FALSE),"فاضلاب",VLOOKUP(INDEX($D$5:$D$261,$E8),'نمودار جمع‌آوری و ا'!$A$9:$BG$26,COLUMN()-5,FALSE),"تجهیزات",VLOOKUP(INDEX($D$5:$D$261,$E8),'نمودار تجهیزات آب و'!$A$9:$BG$42,COLUMN()-5,FALSE),"پست",VLOOKUP(INDEX($D$5:$D$261,$E8),'نمودار پست های انتق'!$A$9:$BG$41,COLUMN()-5,FALSE),"نیرو",VLOOKUP(INDEX($D$5:$D$261,$E8),'نمودار توزیع نیرو ب'!$A$9:$BG$38,COLUMN()-5,FALSE),""))} -> 560.4 | I8: {=IF($E8="","",_xlfn.SWITCH(LEFT(INDEX($B$5:$B$261,$E8),FIND("|",INDEX($B$5:$B$261,$E8))-1),"ابنیه",VLOOKUP(INDEX($D$5:$D$261,$E8),'نمودار ابنیه'!$A$9:$BG$37,COLUMN()-5,FALSE),"مکانیکی",VLOOKUP(INDEX($D$5:$D$261,$E8),'نمودار مکانیکی'!$A$9:$BG$43,COLUMN()-5,FALSE),"برقی",VLOOKUP(INDEX($D$5:$D$261,$E8),'نمودار تاسیسات برقی'!$A$9:$BG$44,COLUMN()-5,FALSE),"خطوط",VLOOKUP(INDEX($D$5:$D$261,$E8),'نمودار خطوط انتقال '!$A$9:$BG$26,COLUMN()-5,FALSE),"شبکه",VLOOKUP(INDEX($D$5:$D$261,$E8),'نمودار شبکه توزیع آ'!$A$9:$BG$22,COLUMN()-5,FALSE),"سد",VLOOKUP(INDEX($D$5:$D$261,$E8),'نمودار سدسازی'!$A$9:$BG$23,COLUMN()-5,FALSE),"فاضلاب",VLOOKUP(INDEX($D$5:$D$261,$E8),'نمودار جمع‌آوری و ا'!$A$9:$BG$26,COLUMN()-5,FALSE),"تجهیزات",VLOOKUP(INDEX($D$5:$D$261,$E8),'نمودار تجهیزات آب و'!$A$9:$BG$42,COLUMN()-5,FALSE),"پست",VLOOKUP(INDEX($D$5:$D$261,$E8),'نمودار پست های انتق'!$A$9:$BG$41,COLUMN()-5,FALSE),"نیرو",VLOOKUP(INDEX($D$5:$D$261,$E8),'نمودار توزیع نیرو ب'!$A$9:$BG$38,COLUMN()-5,FALSE),""))} -> 581.8 | J8: {=IF($E8="","",_xlfn.SWITCH(LEFT(INDEX($B$5:$B$261,$E8),FIND("|",INDEX($B$5:$B$261,$E8))-1),"ابنیه",VLOOKUP(INDEX($D$5:$D$261,$E8),'نمودار ابنیه'!$A$9:$BG$37,COLUMN()-5,FALSE),"مکانیکی",VLOOKUP(INDEX($D$5:$D$261,$E8),'نمودار مکانیکی'!$A$9:$BG$43,COLUMN()-5,FALSE),"برقی",VLOOKUP(INDEX($D$5:$D$261,$E8),'نمودار تاسیسات برقی'!$A$9:$BG$44,COLUMN()-5,FALSE),"خطوط",VLOOKUP(INDEX($D$5:$D$261,$E8),'نمودار خطوط انتقال '!$A$9:$BG$26,COLUMN()-5,FALSE),"شبکه",VLOOKUP(INDEX($D$5:$D$261,$E8),'نمودار شبکه توزیع آ'!$A$9:$BG$22,COLUMN()-5,FALSE),"سد",VLOOKUP(INDEX($D$5:$D$261,$E8),'نمودار سدسازی'!$A$9:$BG$23,COLUMN()-5,FALSE),"فاضلاب",VLOOKUP(INDEX($D$5:$D$261,$E8),'نمودار جمع‌آوری و ا'!$A$9:$BG$26,COLUMN()-5,FALSE),"تجهیزات",VLOOKUP(INDEX($D$5:$D$261,$E8),'نمودار تجهیزات آب و'!$A$9:$BG$42,COLUMN()-5,FALSE),"پست",VLOOKUP(INDEX($D$5:$D$261,$E8),'نمودار پست های انتق'!$A$9:$BG$41,COLUMN()-5,FALSE),"نیرو",VLOOKUP(INDEX($D$5:$D$261,$E8),'نمودار توزیع نیرو ب'!$A$9:$BG$38,COLUMN()-5,FALSE),""))} -> 582.9 | K8: {=IF($E8="","",_xlfn.SWITCH(LEFT(INDEX($B$5:$B$261,$E8),FIND("|",INDEX($B$5:$B$261,$E8))-1),"ابنیه",VLOOKUP(INDEX($D$5:$D$261,$E8),'نمودار ابنیه'!$A$9:$BG$37,COLUMN()-5,FALSE),"مکانیکی",VLOOKUP(INDEX($D$5:$D$261,$E8),'نمودار مکانیکی'!$A$9:$BG$43,COLUMN()-5,FALSE),"برقی",VLOOKUP(INDEX($D$5:$D$261,$E8),'نمودار تاسیسات برقی'!$A$9:$BG$44,COLUMN()-5,FALSE),"خطوط",VLOOKUP(INDEX($D$5:$D$261,$E8),'نمودار خطوط انتقال '!$A$9:$BG$26,COLUMN()-5,FALSE),"شبکه",VLOOKUP(INDEX($D$5:$D$261,$E8),'نمودار شبکه توزیع آ'!$A$9:$BG$22,COLUMN()-5,FALSE),"سد",VLOOKUP(INDEX($D$5:$D$261,$E8),'نمودار سدسازی'!$A$9:$BG$23,COLUMN()-5,FALSE),"فاضلاب",VLOOKUP(INDEX($D$5:$D$261,$E8),'نمودار جمع‌آوری و ا'!$A$9:$BG$26,COLUMN()-5,FALSE),"تجهیزات",VLOOKUP(INDEX($D$5:$D$261,$E8),'نمودار تجهیزات آب و'!$A$9:$BG$42,COLUMN()-5,FALSE),"پست",VLOOKUP(INDEX($D$5:$D$261,$E8),'نمودار پست های انتق'!$A$9:$BG$41,COLUMN()-5,FALSE),"نیرو",VLOOKUP(INDEX($D$5:$D$261,$E8),'نمودار توزیع نیرو ب'!$A$9:$BG$38,COLUMN()-5,FALSE),""))} -> 588.7 | L8: {=IF($E8="","",_xlfn.SWITCH(LEFT(INDEX($B$5:$B$261,$E8),FIND("|",INDEX($B$5:$B$261,$E8))-1),"ابنیه",VLOOKUP(INDEX($D$5:$D$261,$E8),'نمودار ابنیه'!$A$9:$BG$37,COLUMN()-5,FALSE),"مکانیکی",VLOOKUP(INDEX($D$5:$D$261,$E8),'نمودار مکانیکی'!$A$9:$BG$43,COLUMN()-5,FALSE),"برقی",VLOOKUP(INDEX($D$5:$D$261,$E8),'نمودار تاسیسات برقی'!$A$9:$BG$44,COLUMN()-5,FALSE),"خطوط",VLOOKUP(INDEX($D$5:$D$261,$E8),'نمودار خطوط انتقال '!$A$9:$BG$26,COLUMN()-5,FALSE),"شبکه",VLOOKUP(INDEX($D$5:$D$261,$E8),'نمودار شبکه توزیع آ'!$A$9:$BG$22,COLUMN()-5,FALSE),"سد",VLOOKUP(INDEX($D$5:$D$261,$E8),'نمودار سدسازی'!$A$9:$BG$23,COLUMN()-5,FALSE),"فاضلاب",VLOOKUP(INDEX($D$5:$D$261,$E8),'نمودار جمع‌آوری و ا'!$A$9:$BG$26,COLUMN()-5,FALSE),"تجهیزات",VLOOKUP(INDEX($D$5:$D$261,$E8),'نمودار تجهیزات آب و'!$A$9:$BG$42,COLUMN()-5,FALSE),"پست",VLOOKUP(INDEX($D$5:$D$261,$E8),'نمودار پست های انتق'!$A$9:$BG$41,COLUMN()-5,FALSE),"نیرو",VLOOKUP(INDEX($D$5:$D$261,$E8),'نمودار توزیع نیرو ب'!$A$9:$BG$38,COLUMN()-5,FALSE),""))} -> 594 | M8: {=IF($E8="","",_xlfn.SWITCH(LEFT(INDEX($B$5:$B$261,$E8),FIND("|",INDEX($B$5:$B$261,$E8))-1),"ابنیه",VLOOKUP(INDEX($D$5:$D$261,$E8),'نمودار ابنیه'!$A$9:$BG$37,COLUMN()-5,FALSE),"مکانیکی",VLOOKUP(INDEX($D$5:$D$261,$E8),'نمودار مکانیکی'!$A$9:$BG$43,COLUMN()-5,FALSE),"برقی",VLOOKUP(INDEX($D$5:$D$261,$E8),'نمودار تاسیسات برقی'!$A$9:$BG$44,COLUMN()-5,FALSE),"خطوط",VLOOKUP(INDEX($D$5:$D$261,$E8),'نمودار خطوط انتقال '!$A$9:$BG$26,COLUMN()-5,FALSE),"شبکه",VLOOKUP(INDEX($D$5:$D$261,$E8),'نمودار شبکه توزیع آ'!$A$9:$BG$22,COLUMN()-5,FALSE),"سد",VLOOKUP(INDEX($D$5:$D$261,$E8),'نمودار سدسازی'!$A$9:$BG$23,COLUMN()-5,FALSE),"فاضلاب",VLOOKUP(INDEX($D$5:$D$261,$E8),'نمودار جمع‌آوری و ا'!$A$9:$BG$26,COLUMN()-5,FALSE),"تجهیزات",VLOOKUP(INDEX($D$5:$D$261,$E8),'نمودار تجهیزات آب و'!$A$9:$BG$42,COLUMN()-5,FALSE),"پست",VLOOKUP(INDEX($D$5:$D$261,$E8),'نمودار پست های انتق'!$A$9:$BG$41,COLUMN()-5,FALSE),"نیرو",VLOOKUP(INDEX($D$5:$D$261,$E8),'نمودار توزیع نیرو ب'!$A$9:$BG$38,COLUMN()-5,FALSE),""))} -> 626.2 | N8: {=IF($E8="","",_xlfn.SWITCH(LEFT(INDEX($B$5:$B$261,$E8),FIND("|",INDEX($B$5:$B$261,$E8))-1),"ابنیه",VLOOKUP(INDEX($D$5:$D$261,$E8),'نمودار ابنیه'!$A$9:$BG$37,COLUMN()-5,FALSE),"مکانیکی",VLOOKUP(INDEX($D$5:$D$261,$E8),'نمودار مکانیکی'!$A$9:$BG$43,COLUMN()-5,FALSE),"برقی",VLOOKUP(INDEX($D$5:$D$261,$E8),'نمودار تاسیسات برقی'!$A$9:$BG$44,COLUMN()-5,FALSE),"خطوط",VLOOKUP(INDEX($D$5:$D$261,$E8),'نمودار خطوط انتقال '!$A$9:$BG$26,COLUMN()-5,FALSE),"شبکه",VLOOKUP(INDEX($D$5:$D$261,$E8),'نمودار شبکه توزیع آ'!$A$9:$BG$22,COLUMN()-5,FALSE),"سد",VLOOKUP(INDEX($D$5:$D$261,$E8),'نمودار سدسازی'!$A$9:$BG$23,COLUMN()-5,FALSE),"فاضلاب",VLOOKUP(INDEX($D$5:$D$261,$E8),'نمودار جمع‌آوری و ا'!$A$9:$BG$26,COLUMN()-5,FALSE),"تجهیزات",VLOOKUP(INDEX($D$5:$D$261,$E8),'نمودار تجهیزات آب و'!$A$9:$BG$42,COLUMN()-5,FALSE),"پست",VLOOKUP(INDEX($D$5:$D$261,$E8),'نمودار پست های انتق'!$A$9:$BG$41,COLUMN()-5,FALSE),"نیرو",VLOOKUP(INDEX($D$5:$D$261,$E8),'نمودار توزیع نیرو ب'!$A$9:$BG$38,COLUMN()-5,FALSE),""))} -> 715.9 | ... BL8: {=IF($E8="","",_xlfn.SWITCH(LEFT(INDEX($B$5:$B$261,$E8),FIND("|",INDEX($B$5:$B$261,$E8))-1),"ابنیه",VLOOKUP(INDEX($D$5:$D$261,$E8),'نمودار ابنیه'!$A$9:$BG$37,COLUMN()-5,FALSE),"مکانیکی",VLOOKUP(INDEX($D$5:$D$261,$E8),'نمودار مکانیکی'!$A$9:$BG$43,COLUMN()-5,FALSE),"برقی",VLOOKUP(INDEX($D$5:$D$261,$E8),'نمودار تاسیسات برقی'!$A$9:$BG$44,COLUMN()-5,FALSE),"خطوط",VLOOKUP(INDEX($D$5:$D$261,$E8),'نمودار خطوط انتقال '!$A$9:$BG$26,COLUMN()-5,FALSE),"شبکه",VLOOKUP(INDEX($D$5:$D$261,$E8),'نمودار شبکه توزیع آ'!$A$9:$BG$22,COLUMN()-5,FALSE),"سد",VLOOKUP(INDEX($D$5:$D$261,$E8),'نمودار سدسازی'!$A$9:$BG$23,COLUMN()-5,FALSE),"فاضلاب",VLOOKUP(INDEX($D$5:$D$261,$E8),'نمودار جمع‌آوری و ا'!$A$9:$BG$26,COLUMN()-5,FALSE),"تجهیزات",VLOOKUP(INDEX($D$5:$D$261,$E8),'نمودار تجهیزات آب و'!$A$9:$BG$42,COLUMN()-5,FALSE),"پست",VLOOKUP(INDEX($D$5:$D$261,$E8),'نمودار پست های انتق'!$A$9:$BG$41,COLUMN()-5,FALSE),"نیرو",VLOOKUP(INDEX($D$5:$D$261,$E8),'نمودار توزیع نیرو ب'!$A$9:$BG$38,COLUMN()-5,FALSE),""))} -> 6279.9
A9: 5 | B9: ابنیه|Buildings | C9: {=_xlfn.SWITCH(LEFT(B9,FIND("|",B9)-1),"ابنیه",HLOOKUP(D9,'نمودار ابنیه'!$B$5:$AD$6,2,FALSE),"مکانیکی",HLOOKUP(D9,'نمودار مکانیکی'!$B$5:$AJ$6,2,FALSE),"برقی",HLOOKUP(D9,'نمودار تاسیسات برقی'!$B$5:$AK$6,2,FALSE),"خطوط",HLOOKUP(D9,'نمودار خطوط انتقال '!$B$5:$R$6,2,FALSE),"شبکه",HLOOKUP(D9,'نمودار شبکه توزیع آ'!$B$5:$O$6,2,FALSE),"سد",HLOOKUP(D9,'نمودار سدسازی'!$B$5:$P$6,2,FALSE),"فاضلاب",HLOOKUP(D9,'نمودار جمع‌آوری و ا'!$B$5:$S$6,2,FALSE),"تجهیزات",HLOOKUP(D9,'نمودار تجهیزات آب و'!$B$5:$AG$6,2,FALSE),"پست",HLOOKUP(D9,'نمودار پست های انتق'!$B$5:$AH$6,2,FALSE),"نیرو",HLOOKUP(D9,'نمودار توزیع نیرو ب'!$B$5:$AE$6,2,FALSE),FALSE)} -> FALSE | D9: قالب بندی چوبی | E9: {=IFERROR(_xlfn.AGGREGATE(15,6,ROW($C$5:$C$261)/($C$5:$C$261=TRUE),4)-4,"")} -> 32 | F9: {=IF($E9="","",LEFT(INDEX($B$5:$B$261,$E9),FIND("|",INDEX($B$5:$B$261,$E9))-1)&":"&LEFT(INDEX($D$5:$D$261,$E9),20))} -> مکانیکی:لوله های پی.وی.سی | G9: {=IF($E9="","",_xlfn.SWITCH(LEFT(INDEX($B$5:$B$261,$E9),FIND("|",INDEX($B$5:$B$261,$E9))-1),"ابنیه",VLOOKUP(INDEX($D$5:$D$261,$E9),'نمودار ابنیه'!$A$9:$BG$37,COLUMN()-5,FALSE),"مکانیکی",VLOOKUP(INDEX($D$5:$D$261,$E9),'نمودار مکانیکی'!$A$9:$BG$43,COLUMN()-5,FALSE),"برقی",VLOOKUP(INDEX($D$5:$D$261,$E9),'نمودار تاسیسات برقی'!$A$9:$BG$44,COLUMN()-5,FALSE),"خطوط",VLOOKUP(INDEX($D$5:$D$261,$E9),'نمودار خطوط انتقال '!$A$9:$BG$26,COLUMN()-5,FALSE),"شبکه",VLOOKUP(INDEX($D$5:$D$261,$E9),'نمودار شبکه توزیع آ'!$A$9:$BG$22,COLUMN()-5,FALSE),"سد",VLOOKUP(INDEX($D$5:$D$261,$E9),'نمودار سدسازی'!$A$9:$BG$23,COLUMN()-5,FALSE),"فاضلاب",VLOOKUP(INDEX($D$5:$D$261,$E9),'نمودار جمع‌آوری و ا'!$A$9:$BG$26,COLUMN()-5,FALSE),"تجهیزات",VLOOKUP(INDEX($D$5:$D$261,$E9),'نمودار تجهیزات آب و'!$A$9:$BG$42,COLUMN()-5,FALSE),"پست",VLOOKUP(INDEX($D$5:$D$261,$E9),'نمودار پست های انتق'!$A$9:$BG$41,COLUMN()-5,FALSE),"نیرو",VLOOKUP(INDEX($D$5:$D$261,$E9),'نمودار توزیع نیرو ب'!$A$9:$BG$38,COLUMN()-5,FALSE),""))} -> 346.5 | H9: {=IF($E9="","",_xlfn.SWITCH(LEFT(INDEX($B$5:$B$261,$E9),FIND("|",INDEX($B$5:$B$261,$E9))-1),"ابنیه",VLOOKUP(INDEX($D$5:$D$261,$E9),'نمودار ابنیه'!$A$9:$BG$37,COLUMN()-5,FALSE),"مکانیکی",VLOOKUP(INDEX($D$5:$D$261,$E9),'نمودار مکانیکی'!$A$9:$BG$43,COLUMN()-5,FALSE),"برقی",VLOOKUP(INDEX($D$5:$D$261,$E9),'نمودار تاسیسات برقی'!$A$9:$BG$44,COLUMN()-5,FALSE),"خطوط",VLOOKUP(INDEX($D$5:$D$261,$E9),'نمودار خطوط انتقال '!$A$9:$BG$26,COLUMN()-5,FALSE),"شبکه",VLOOKUP(INDEX($D$5:$D$261,$E9),'نمودار شبکه توزیع آ'!$A$9:$BG$22,COLUMN()-5,FALSE),"سد",VLOOKUP(INDEX($D$5:$D$261,$E9),'نمودار سدسازی'!$A$9:$BG$23,COLUMN()-5,FALSE),"فاضلاب",VLOOKUP(INDEX($D$5:$D$261,$E9),'نمودار جمع‌آوری و ا'!$A$9:$BG$26,COLUMN()-5,FALSE),"تجهیزات",VLOOKUP(INDEX($D$5:$D$261,$E9),'نمودار تجهیزات آب و'!$A$9:$BG$42,COLUMN()-5,FALSE),"پست",VLOOKUP(INDEX($D$5:$D$261,$E9),'نمودار پست های انتق'!$A$9:$BG$41,COLUMN()-5,FALSE),"نیرو",VLOOKUP(INDEX($D$5:$D$261,$E9),'نمودار توزیع نیرو ب'!$A$9:$BG$38,COLUMN()-5,FALSE),""))} -> 248.1 | I9: {=IF($E9="","",_xlfn.SWITCH(LEFT(INDEX($B$5:$B$261,$E9),FIND("|",INDEX($B$5:$B$261,$E9))-1),"ابنیه",VLOOKUP(INDEX($D$5:$D$261,$E9),'نمودار ابنیه'!$A$9:$BG$37,COLUMN()-5,FALSE),"مکانیکی",VLOOKUP(INDEX($D$5:$D$261,$E9),'نمودار مکانیکی'!$A$9:$BG$43,COLUMN()-5,FALSE),"برقی",VLOOKUP(INDEX($D$5:$D$261,$E9),'نمودار تاسیسات برقی'!$A$9:$BG$44,COLUMN()-5,FALSE),"خطوط",VLOOKUP(INDEX($D$5:$D$261,$E9),'نمودار خطوط انتقال '!$A$9:$BG$26,COLUMN()-5,FALSE),"شبکه",VLOOKUP(INDEX($D$5:$D$261,$E9),'نمودار شبکه توزیع آ'!$A$9:$BG$22,COLUMN()-5,FALSE),"سد",VLOOKUP(INDEX($D$5:$D$261,$E9),'نمودار سدسازی'!$A$9:$BG$23,COLUMN()-5,FALSE),"فاضلاب",VLOOKUP(INDEX($D$5:$D$261,$E9),'نمودار جمع‌آوری و ا'!$A$9:$BG$26,COLUMN()-5,FALSE),"تجهیزات",VLOOKUP(INDEX($D$5:$D$261,$E9),'نمودار تجهیزات آب و'!$A$9:$BG$42,COLUMN()-5,FALSE),"پست",VLOOKUP(INDEX($D$5:$D$261,$E9),'نمودار پست های انتق'!$A$9:$BG$41,COLUMN()-5,FALSE),"نیرو",VLOOKUP(INDEX($D$5:$D$261,$E9),'نمودار توزیع نیرو ب'!$A$9:$BG$38,COLUMN()-5,FALSE),""))} -> 263.7 | J9: {=IF($E9="","",_xlfn.SWITCH(LEFT(INDEX($B$5:$B$261,$E9),FIND("|",INDEX($B$5:$B$261,$E9))-1),"ابنیه",VLOOKUP(INDEX($D$5:$D$261,$E9),'نمودار ابنیه'!$A$9:$BG$37,COLUMN()-5,FALSE),"مکانیکی",VLOOKUP(INDEX($D$5:$D$261,$E9),'نمودار مکانیکی'!$A$9:$BG$43,COLUMN()-5,FALSE),"برقی",VLOOKUP(INDEX($D$5:$D$261,$E9),'نمودار تاسیسات برقی'!$A$9:$BG$44,COLUMN()-5,FALSE),"خطوط",VLOOKUP(INDEX($D$5:$D$261,$E9),'نمودار خطوط انتقال '!$A$9:$BG$26,COLUMN()-5,FALSE),"شبکه",VLOOKUP(INDEX($D$5:$D$261,$E9),'نمودار شبکه توزیع آ'!$A$9:$BG$22,COLUMN()-5,FALSE),"سد",VLOOKUP(INDEX($D$5:$D$261,$E9),'نمودار سدسازی'!$A$9:$BG$23,COLUMN()-5,FALSE),"فاضلاب",VLOOKUP(INDEX($D$5:$D$261,$E9),'نمودار جمع‌آوری و ا'!$A$9:$BG$26,COLUMN()-5,FALSE),"تجهیزات",VLOOKUP(INDEX($D$5:$D$261,$E9),'نمودار تجهیزات آب و'!$A$9:$BG$42,COLUMN()-5,FALSE),"پست",VLOOKUP(INDEX($D$5:$D$261,$E9),'نمودار پست های انتق'!$A$9:$BG$41,COLUMN()-5,FALSE),"نیرو",VLOOKUP(INDEX($D$5:$D$261,$E9),'نمودار توزیع نیرو ب'!$A$9:$BG$38,COLUMN()-5,FALSE),""))} -> 265.3 | K9: {=IF($E9="","",_xlfn.SWITCH(LEFT(INDEX($B$5:$B$261,$E9),FIND("|",INDEX($B$5:$B$261,$E9))-1),"ابنیه",VLOOKUP(INDEX($D$5:$D$261,$E9),'نمودار ابنیه'!$A$9:$BG$37,COLUMN()-5,FALSE),"مکانیکی",VLOOKUP(INDEX($D$5:$D$261,$E9),'نمودار مکانیکی'!$A$9:$BG$43,COLUMN()-5,FALSE),"برقی",VLOOKUP(INDEX($D$5:$D$261,$E9),'نمودار تاسیسات برقی'!$A$9:$BG$44,COLUMN()-5,FALSE),"خطوط",VLOOKUP(INDEX($D$5:$D$261,$E9),'نمودار خطوط انتقال '!$A$9:$BG$26,COLUMN()-5,FALSE),"شبکه",VLOOKUP(INDEX($D$5:$D$261,$E9),'نمودار شبکه توزیع آ'!$A$9:$BG$22,COLUMN()-5,FALSE),"سد",VLOOKUP(INDEX($D$5:$D$261,$E9),'نمودار سدسازی'!$A$9:$BG$23,COLUMN()-5,FALSE),"فاضلاب",VLOOKUP(INDEX($D$5:$D$261,$E9),'نمودار جمع‌آوری و ا'!$A$9:$BG$26,COLUMN()-5,FALSE),"تجهیزات",VLOOKUP(INDEX($D$5:$D$261,$E9),'نمودار تجهیزات آب و'!$A$9:$BG$42,COLUMN()-5,FALSE),"پست",VLOOKUP(INDEX($D$5:$D$261,$E9),'نمودار پست های انتق'!$A$9:$BG$41,COLUMN()-5,FALSE),"نیرو",VLOOKUP(INDEX($D$5:$D$261,$E9),'نمودار توزیع نیرو ب'!$A$9:$BG$38,COLUMN()-5,FALSE),""))} -> 302.6 | L9: {=IF($E9="","",_xlfn.SWITCH(LEFT(INDEX($B$5:$B$261,$E9),FIND("|",INDEX($B$5:$B$261,$E9))-1),"ابنیه",VLOOKUP(INDEX($D$5:$D$261,$E9),'نمودار ابنیه'!$A$9:$BG$37,COLUMN()-5,FALSE),"مکانیکی",VLOOKUP(INDEX($D$5:$D$261,$E9),'نمودار مکانیکی'!$A$9:$BG$43,COLUMN()-5,FALSE),"برقی",VLOOKUP(INDEX($D$5:$D$261,$E9),'نمودار تاسیسات برقی'!$A$9:$BG$44,COLUMN()-5,FALSE),"خطوط",VLOOKUP(INDEX($D$5:$D$261,$E9),'نمودار خطوط انتقال '!$A$9:$BG$26,COLUMN()-5,FALSE),"شبکه",VLOOKUP(INDEX($D$5:$D$261,$E9),'نمودار شبکه توزیع آ'!$A$9:$BG$22,COLUMN()-5,FALSE),"سد",VLOOKUP(INDEX($D$5:$D$261,$E9),'نمودار سدسازی'!$A$9:$BG$23,COLUMN()-5,FALSE),"فاضلاب",VLOOKUP(INDEX($D$5:$D$261,$E9),'نمودار جمع‌آوری و ا'!$A$9:$BG$26,COLUMN()-5,FALSE),"تجهیزات",VLOOKUP(INDEX($D$5:$D$261,$E9),'نمودار تجهیزات آب و'!$A$9:$BG$42,COLUMN()-5,FALSE),"پست",VLOOKUP(INDEX($D$5:$D$261,$E9),'نمودار پست های انتق'!$A$9:$BG$41,COLUMN()-5,FALSE),"نیرو",VLOOKUP(INDEX($D$5:$D$261,$E9),'نمودار توزیع نیرو ب'!$A$9:$BG$38,COLUMN()-5,FALSE),""))} -> 360.8 | M9: {=IF($E9="","",_xlfn.SWITCH(LEFT(INDEX($B$5:$B$261,$E9),FIND("|",INDEX($B$5:$B$261,$E9))-1),"ابنیه",VLOOKUP(INDEX($D$5:$D$261,$E9),'نمودار ابنیه'!$A$9:$BG$37,COLUMN()-5,FALSE),"مکانیکی",VLOOKUP(INDEX($D$5:$D$261,$E9),'نمودار مکانیکی'!$A$9:$BG$43,COLUMN()-5,FALSE),"برقی",VLOOKUP(INDEX($D$5:$D$261,$E9),'نمودار تاسیسات برقی'!$A$9:$BG$44,COLUMN()-5,FALSE),"خطوط",VLOOKUP(INDEX($D$5:$D$261,$E9),'نمودار خطوط انتقال '!$A$9:$BG$26,COLUMN()-5,FALSE),"شبکه",VLOOKUP(INDEX($D$5:$D$261,$E9),'نمودار شبکه توزیع آ'!$A$9:$BG$22,COLUMN()-5,FALSE),"سد",VLOOKUP(INDEX($D$5:$D$261,$E9),'نمودار سدسازی'!$A$9:$BG$23,COLUMN()-5,FALSE),"فاضلاب",VLOOKUP(INDEX($D$5:$D$261,$E9),'نمودار جمع‌آوری و ا'!$A$9:$BG$26,COLUMN()-5,FALSE),"تجهیزات",VLOOKUP(INDEX($D$5:$D$261,$E9),'نمودار تجهیزات آب و'!$A$9:$BG$42,COLUMN()-5,FALSE),"پست",VLOOKUP(INDEX($D$5:$D$261,$E9),'نمودار پست های انتق'!$A$9:$BG$41,COLUMN()-5,FALSE),"نیرو",VLOOKUP(INDEX($D$5:$D$261,$E9),'نمودار توزیع نیرو ب'!$A$9:$BG$38,COLUMN()-5,FALSE),""))} -> 505.6 | N9: {=IF($E9="","",_xlfn.SWITCH(LEFT(INDEX($B$5:$B$261,$E9),FIND("|",INDEX($B$5:$B$261,$E9))-1),"ابنیه",VLOOKUP(INDEX($D$5:$D$261,$E9),'نمودار ابنیه'!$A$9:$BG$37,COLUMN()-5,FALSE),"مکانیکی",VLOOKUP(INDEX($D$5:$D$261,$E9),'نمودار مکانیکی'!$A$9:$BG$43,COLUMN()-5,FALSE),"برقی",VLOOKUP(INDEX($D$5:$D$261,$E9),'نمودار تاسیسات برقی'!$A$9:$BG$44,COLUMN()-5,FALSE),"خطوط",VLOOKUP(INDEX($D$5:$D$261,$E9),'نمودار خطوط انتقال '!$A$9:$BG$26,COLUMN()-5,FALSE),"شبکه",VLOOKUP(INDEX($D$5:$D$261,$E9),'نمودار شبکه توزیع آ'!$A$9:$BG$22,COLUMN()-5,FALSE),"سد",VLOOKUP(INDEX($D$5:$D$261,$E9),'نمودار سدسازی'!$A$9:$BG$23,COLUMN()-5,FALSE),"فاضلاب",VLOOKUP(INDEX($D$5:$D$261,$E9),'نمودار جمع‌آوری و ا'!$A$9:$BG$26,COLUMN()-5,FALSE),"تجهیزات",VLOOKUP(INDEX($D$5:$D$261,$E9),'نمودار تجهیزات آب و'!$A$9:$BG$42,COLUMN()-5,FALSE),"پست",VLOOKUP(INDEX($D$5:$D$261,$E9),'نمودار پست های انتق'!$A$9:$BG$41,COLUMN()-5,FALSE),"نیرو",VLOOKUP(INDEX($D$5:$D$261,$E9),'نمودار توزیع نیرو ب'!$A$9:$BG$38,COLUMN()-5,FALSE),""))} -> 534.8 | ... BL9: {=IF($E9="","",_xlfn.SWITCH(LEFT(INDEX($B$5:$B$261,$E9),FIND("|",INDEX($B$5:$B$261,$E9))-1),"ابنیه",VLOOKUP(INDEX($D$5:$D$261,$E9),'نمودار ابنیه'!$A$9:$BG$37,COLUMN()-5,FALSE),"مکانیکی",VLOOKUP(INDEX($D$5:$D$261,$E9),'نمودار مکانیکی'!$A$9:$BG$43,COLUMN()-5,FALSE),"برقی",VLOOKUP(INDEX($D$5:$D$261,$E9),'نمودار تاسیسات برقی'!$A$9:$BG$44,COLUMN()-5,FALSE),"خطوط",VLOOKUP(INDEX($D$5:$D$261,$E9),'نمودار خطوط انتقال '!$A$9:$BG$26,COLUMN()-5,FALSE),"شبکه",VLOOKUP(INDEX($D$5:$D$261,$E9),'نمودار شبکه توزیع آ'!$A$9:$BG$22,COLUMN()-5,FALSE),"سد",VLOOKUP(INDEX($D$5:$D$261,$E9),'نمودار سدسازی'!$A$9:$BG$23,COLUMN()-5,FALSE),"فاضلاب",VLOOKUP(INDEX($D$5:$D$261,$E9),'نمودار جمع‌آوری و ا'!$A$9:$BG$26,COLUMN()-5,FALSE),"تجهیزات",VLOOKUP(INDEX($D$5:$D$261,$E9),'نمودار تجهیزات آب و'!$A$9:$BG$42,COLUMN()-5,FALSE),"پست",VLOOKUP(INDEX($D$5:$D$261,$E9),'نمودار پست های انتق'!$A$9:$BG$41,COLUMN()-5,FALSE),"نیرو",VLOOKUP(INDEX($D$5:$D$261,$E9),'نمودار توزیع نیرو ب'!$A$9:$BG$38,COLUMN()-5,FALSE),""))} -> 5504.8
A10: 6 | B10: ابنیه|Buildings | C10: {=_xlfn.SWITCH(LEFT(B10,FIND("|",B10)-1),"ابنیه",HLOOKUP(D10,'نمودار ابنیه'!$B$5:$AD$6,2,FALSE),"مکانیکی",HLOOKUP(D10,'نمودار مکانیکی'!$B$5:$AJ$6,2,FALSE),"برقی",HLOOKUP(D10,'نمودار تاسیسات برقی'!$B$5:$AK$6,2,FALSE),"خطوط",HLOOKUP(D10,'نمودار خطوط انتقال '!$B$5:$R$6,2,FALSE),"شبکه",HLOOKUP(D10,'نمودار شبکه توزیع آ'!$B$5:$O$6,2,FALSE),"سد",HLOOKUP(D10,'نمودار سدسازی'!$B$5:$P$6,2,FALSE),"فاضلاب",HLOOKUP(D10,'نمودار جمع‌آوری و ا'!$B$5:$S$6,2,FALSE),"تجهیزات",HLOOKUP(D10,'نمودار تجهیزات آب و'!$B$5:$AG$6,2,FALSE),"پست",HLOOKUP(D10,'نمودار پست های انتق'!$B$5:$AH$6,2,FALSE),"نیرو",HLOOKUP(D10,'نمودار توزیع نیرو ب'!$B$5:$AE$6,2,FALSE),FALSE)} -> FALSE | D10: قالب بندی فلزی | E10: {=IFERROR(_xlfn.AGGREGATE(15,6,ROW($C$5:$C$261)/($C$5:$C$261=TRUE),5)-4,"")} -> 33 | F10: {=IF($E10="","",LEFT(INDEX($B$5:$B$261,$E10),FIND("|",INDEX($B$5:$B$261,$E10))-1)&":"&LEFT(INDEX($D$5:$D$261,$E10),20))} -> مکانیکی:لوله های پلی اتیلن | G10: {=IF($E10="","",_xlfn.SWITCH(LEFT(INDEX($B$5:$B$261,$E10),FIND("|",INDEX($B$5:$B$261,$E10))-1),"ابنیه",VLOOKUP(INDEX($D$5:$D$261,$E10),'نمودار ابنیه'!$A$9:$BG$37,COLUMN()-5,FALSE),"مکانیکی",VLOOKUP(INDEX($D$5:$D$261,$E10),'نمودار مکانیکی'!$A$9:$BG$43,COLUMN()-5,FALSE),"برقی",VLOOKUP(INDEX($D$5:$D$261,$E10),'نمودار تاسیسات برقی'!$A$9:$BG$44,COLUMN()-5,FALSE),"خطوط",VLOOKUP(INDEX($D$5:$D$261,$E10),'نمودار خطوط انتقال '!$A$9:$BG$26,COLUMN()-5,FALSE),"شبکه",VLOOKUP(INDEX($D$5:$D$261,$E10),'نمودار شبکه توزیع آ'!$A$9:$BG$22,COLUMN()-5,FALSE),"سد",VLOOKUP(INDEX($D$5:$D$261,$E10),'نمودار سدسازی'!$A$9:$BG$23,COLUMN()-5,FALSE),"فاضلاب",VLOOKUP(INDEX($D$5:$D$261,$E10),'نمودار جمع‌آوری و ا'!$A$9:$BG$26,COLUMN()-5,FALSE),"تجهیزات",VLOOKUP(INDEX($D$5:$D$261,$E10),'نمودار تجهیزات آب و'!$A$9:$BG$42,COLUMN()-5,FALSE),"پست",VLOOKUP(INDEX($D$5:$D$261,$E10),'نمودار پست های انتق'!$A$9:$BG$41,COLUMN()-5,FALSE),"نیرو",VLOOKUP(INDEX($D$5:$D$261,$E10),'نمودار توزیع نیرو ب'!$A$9:$BG$38,COLUMN()-5,FALSE),""))} -> 153.8 | H10: {=IF($E10="","",_xlfn.SWITCH(LEFT(INDEX($B$5:$B$261,$E10),FIND("|",INDEX($B$5:$B$261,$E10))-1),"ابنیه",VLOOKUP(INDEX($D$5:$D$261,$E10),'نمودار ابنیه'!$A$9:$BG$37,COLUMN()-5,FALSE),"مکانیکی",VLOOKUP(INDEX($D$5:$D$261,$E10),'نمودار مکانیکی'!$A$9:$BG$43,COLUMN()-5,FALSE),"برقی",VLOOKUP(INDEX($D$5:$D$261,$E10),'نمودار تاسیسات برقی'!$A$9:$BG$44,COLUMN()-5,FALSE),"خطوط",VLOOKUP(INDEX($D$5:$D$261,$E10),'نمودار خطوط انتقال '!$A$9:$BG$26,COLUMN()-5,FALSE),"شبکه",VLOOKUP(INDEX($D$5:$D$261,$E10),'نمودار شبکه توزیع آ'!$A$9:$BG$22,COLUMN()-5,FALSE),"سد",VLOOKUP(INDEX($D$5:$D$261,$E10),'نمودار سدسازی'!$A$9:$BG$23,COLUMN()-5,FALSE),"فاضلاب",VLOOKUP(INDEX($D$5:$D$261,$E10),'نمودار جمع‌آوری و ا'!$A$9:$BG$26,COLUMN()-5,FALSE),"تجهیزات",VLOOKUP(INDEX($D$5:$D$261,$E10),'نمودار تجهیزات آب و'!$A$9:$BG$42,COLUMN()-5,FALSE),"پست",VLOOKUP(INDEX($D$5:$D$261,$E10),'نمودار پست های انتق'!$A$9:$BG$41,COLUMN()-5,FALSE),"نیرو",VLOOKUP(INDEX($D$5:$D$261,$E10),'نمودار توزیع نیرو ب'!$A$9:$BG$38,COLUMN()-5,FALSE),""))} -> 154.7 | I10: {=IF($E10="","",_xlfn.SWITCH(LEFT(INDEX($B$5:$B$261,$E10),FIND("|",INDEX($B$5:$B$261,$E10))-1),"ابنیه",VLOOKUP(INDEX($D$5:$D$261,$E10),'نمودار ابنیه'!$A$9:$BG$37,COLUMN()-5,FALSE),"مکانیکی",VLOOKUP(INDEX($D$5:$D$261,$E10),'نمودار مکانیکی'!$A$9:$BG$43,COLUMN()-5,FALSE),"برقی",VLOOKUP(INDEX($D$5:$D$261,$E10),'نمودار تاسیسات برقی'!$A$9:$BG$44,COLUMN()-5,FALSE),"خطوط",VLOOKUP(INDEX($D$5:$D$261,$E10),'نمودار خطوط انتقال '!$A$9:$BG$26,COLUMN()-5,FALSE),"شبکه",VLOOKUP(INDEX($D$5:$D$261,$E10),'نمودار شبکه توزیع آ'!$A$9:$BG$22,COLUMN()-5,FALSE),"سد",VLOOKUP(INDEX($D$5:$D$261,$E10),'نمودار سدسازی'!$A$9:$BG$23,COLUMN()-5,FALSE),"فاضلاب",VLOOKUP(INDEX($D$5:$D$261,$E10),'نمودار جمع‌آوری و ا'!$A$9:$BG$26,COLUMN()-5,FALSE),"تجهیزات",VLOOKUP(INDEX($D$5:$D$261,$E10),'نمودار تجهیزات آب و'!$A$9:$BG$42,COLUMN()-5,FALSE),"پست",VLOOKUP(INDEX($D$5:$D$261,$E10),'نمودار پست های انتق'!$A$9:$BG$41,COLUMN()-5,FALSE),"نیرو",VLOOKUP(INDEX($D$5:$D$261,$E10),'نمودار توزیع نیرو ب'!$A$9:$BG$38,COLUMN()-5,FALSE),""))} -> 144.5 | J10: {=IF($E10="","",_xlfn.SWITCH(LEFT(INDEX($B$5:$B$261,$E10),FIND("|",INDEX($B$5:$B$261,$E10))-1),"ابنیه",VLOOKUP(INDEX($D$5:$D$261,$E10),'نمودار ابنیه'!$A$9:$BG$37,COLUMN()-5,FALSE),"مکانیکی",VLOOKUP(INDEX($D$5:$D$261,$E10),'نمودار مکانیکی'!$A$9:$BG$43,COLUMN()-5,FALSE),"برقی",VLOOKUP(INDEX($D$5:$D$261,$E10),'نمودار تاسیسات برقی'!$A$9:$BG$44,COLUMN()-5,FALSE),"خطوط",VLOOKUP(INDEX($D$5:$D$261,$E10),'نمودار خطوط انتقال '!$A$9:$BG$26,COLUMN()-5,FALSE),"شبکه",VLOOKUP(INDEX($D$5:$D$261,$E10),'نمودار شبکه توزیع آ'!$A$9:$BG$22,COLUMN()-5,FALSE),"سد",VLOOKUP(INDEX($D$5:$D$261,$E10),'نمودار سدسازی'!$A$9:$BG$23,COLUMN()-5,FALSE),"فاضلاب",VLOOKUP(INDEX($D$5:$D$261,$E10),'نمودار جمع‌آوری و ا'!$A$9:$BG$26,COLUMN()-5,FALSE),"تجهیزات",VLOOKUP(INDEX($D$5:$D$261,$E10),'نمودار تجهیزات آب و'!$A$9:$BG$42,COLUMN()-5,FALSE),"پست",VLOOKUP(INDEX($D$5:$D$261,$E10),'نمودار پست های انتق'!$A$9:$BG$41,COLUMN()-5,FALSE),"نیرو",VLOOKUP(INDEX($D$5:$D$261,$E10),'نمودار توزیع نیرو ب'!$A$9:$BG$38,COLUMN()-5,FALSE),""))} -> 153.5 | K10: {=IF($E10="","",_xlfn.SWITCH(LEFT(INDEX($B$5:$B$261,$E10),FIND("|",INDEX($B$5:$B$261,$E10))-1),"ابنیه",VLOOKUP(INDEX($D$5:$D$261,$E10),'نمودار ابنیه'!$A$9:$BG$37,COLUMN()-5,FALSE),"مکانیکی",VLOOKUP(INDEX($D$5:$D$261,$E10),'نمودار مکانیکی'!$A$9:$BG$43,COLUMN()-5,FALSE),"برقی",VLOOKUP(INDEX($D$5:$D$261,$E10),'نمودار تاسیسات برقی'!$A$9:$BG$44,COLUMN()-5,FALSE),"خطوط",VLOOKUP(INDEX($D$5:$D$261,$E10),'نمودار خطوط انتقال '!$A$9:$BG$26,COLUMN()-5,FALSE),"شبکه",VLOOKUP(INDEX($D$5:$D$261,$E10),'نمودار شبکه توزیع آ'!$A$9:$BG$22,COLUMN()-5,FALSE),"سد",VLOOKUP(INDEX($D$5:$D$261,$E10),'نمودار سدسازی'!$A$9:$BG$23,COLUMN()-5,FALSE),"فاضلاب",VLOOKUP(INDEX($D$5:$D$261,$E10),'نمودار جمع‌آوری و ا'!$A$9:$BG$26,COLUMN()-5,FALSE),"تجهیزات",VLOOKUP(INDEX($D$5:$D$261,$E10),'نمودار تجهیزات آب و'!$A$9:$BG$42,COLUMN()-5,FALSE),"پست",VLOOKUP(INDEX($D$5:$D$261,$E10),'نمودار پست های انتق'!$A$9:$BG$41,COLUMN()-5,FALSE),"نیرو",VLOOKUP(INDEX($D$5:$D$261,$E10),'نمودار توزیع نیرو ب'!$A$9:$BG$38,COLUMN()-5,FALSE),""))} -> 175.2 | L10: {=IF($E10="","",_xlfn.SWITCH(LEFT(INDEX($B$5:$B$261,$E10),FIND("|",INDEX($B$5:$B$261,$E10))-1),"ابنیه",VLOOKUP(INDEX($D$5:$D$261,$E10),'نمودار ابنیه'!$A$9:$BG$37,COLUMN()-5,FALSE),"مکانیکی",VLOOKUP(INDEX($D$5:$D$261,$E10),'نمودار مکانیکی'!$A$9:$BG$43,COLUMN()-5,FALSE),"برقی",VLOOKUP(INDEX($D$5:$D$261,$E10),'نمودار تاسیسات برقی'!$A$9:$BG$44,COLUMN()-5,FALSE),"خطوط",VLOOKUP(INDEX($D$5:$D$261,$E10),'نمودار خطوط انتقال '!$A$9:$BG$26,COLUMN()-5,FALSE),"شبکه",VLOOKUP(INDEX($D$5:$D$261,$E10),'نمودار شبکه توزیع آ'!$A$9:$BG$22,COLUMN()-5,FALSE),"سد",VLOOKUP(INDEX($D$5:$D$261,$E10),'نمودار سدسازی'!$A$9:$BG$23,COLUMN()-5,FALSE),"فاضلاب",VLOOKUP(INDEX($D$5:$D$261,$E10),'نمودار جمع‌آوری و ا'!$A$9:$BG$26,COLUMN()-5,FALSE),"تجهیزات",VLOOKUP(INDEX($D$5:$D$261,$E10),'نمودار تجهیزات آب و'!$A$9:$BG$42,COLUMN()-5,FALSE),"پست",VLOOKUP(INDEX($D$5:$D$261,$E10),'نمودار پست های انتق'!$A$9:$BG$41,COLUMN()-5,FALSE),"نیرو",VLOOKUP(INDEX($D$5:$D$261,$E10),'نمودار توزیع نیرو ب'!$A$9:$BG$38,COLUMN()-5,FALSE),""))} -> 181.8 | M10: {=IF($E10="","",_xlfn.SWITCH(LEFT(INDEX($B$5:$B$261,$E10),FIND("|",INDEX($B$5:$B$261,$E10))-1),"ابنیه",VLOOKUP(INDEX($D$5:$D$261,$E10),'نمودار ابنیه'!$A$9:$BG$37,COLUMN()-5,FALSE),"مکانیکی",VLOOKUP(INDEX($D$5:$D$261,$E10),'نمودار مکانیکی'!$A$9:$BG$43,COLUMN()-5,FALSE),"برقی",VLOOKUP(INDEX($D$5:$D$261,$E10),'نمودار تاسیسات برقی'!$A$9:$BG$44,COLUMN()-5,FALSE),"خطوط",VLOOKUP(INDEX($D$5:$D$261,$E10),'نمودار خطوط انتقال '!$A$9:$BG$26,COLUMN()-5,FALSE),"شبکه",VLOOKUP(INDEX($D$5:$D$261,$E10),'نمودار شبکه توزیع آ'!$A$9:$BG$22,COLUMN()-5,FALSE),"سد",VLOOKUP(INDEX($D$5:$D$261,$E10),'نمودار سدسازی'!$A$9:$BG$23,COLUMN()-5,FALSE),"فاضلاب",VLOOKUP(INDEX($D$5:$D$261,$E10),'نمودار جمع‌آوری و ا'!$A$9:$BG$26,COLUMN()-5,FALSE),"تجهیزات",VLOOKUP(INDEX($D$5:$D$261,$E10),'نمودار تجهیزات آب و'!$A$9:$BG$42,COLUMN()-5,FALSE),"پست",VLOOKUP(INDEX($D$5:$D$261,$E10),'نمودار پست های انتق'!$A$9:$BG$41,COLUMN()-5,FALSE),"نیرو",VLOOKUP(INDEX($D$5:$D$261,$E10),'نمودار توزیع نیرو ب'!$A$9:$BG$38,COLUMN()-5,FALSE),""))} -> 244.6 | N10: {=IF($E10="","",_xlfn.SWITCH(LEFT(INDEX($B$5:$B$261,$E10),FIND("|",INDEX($B$5:$B$261,$E10))-1),"ابنیه",VLOOKUP(INDEX($D$5:$D$261,$E10),'نمودار ابنیه'!$A$9:$BG$37,COLUMN()-5,FALSE),"مکانیکی",VLOOKUP(INDEX($D$5:$D$261,$E10),'نمودار مکانیکی'!$A$9:$BG$43,COLUMN()-5,FALSE),"برقی",VLOOKUP(INDEX($D$5:$D$261,$E10),'نمودار تاسیسات برقی'!$A$9:$BG$44,COLUMN()-5,FALSE),"خطوط",VLOOKUP(INDEX($D$5:$D$261,$E10),'نمودار خطوط انتقال '!$A$9:$BG$26,COLUMN()-5,FALSE),"شبکه",VLOOKUP(INDEX($D$5:$D$261,$E10),'نمودار شبکه توزیع آ'!$A$9:$BG$22,COLUMN()-5,FALSE),"سد",VLOOKUP(INDEX($D$5:$D$261,$E10),'نمودار سدسازی'!$A$9:$BG$23,COLUMN()-5,FALSE),"فاضلاب",VLOOKUP(INDEX($D$5:$D$261,$E10),'نمودار جمع‌آوری و ا'!$A$9:$BG$26,COLUMN()-5,FALSE),"تجهیزات",VLOOKUP(INDEX($D$5:$D$261,$E10),'نمودار تجهیزات آب و'!$A$9:$BG$42,COLUMN()-5,FALSE),"پست",VLOOKUP(INDEX($D$5:$D$261,$E10),'نمودار پست های انتق'!$A$9:$BG$41,COLUMN()-5,FALSE),"نیرو",VLOOKUP(INDEX($D$5:$D$261,$E10),'نمودار توزیع نیرو ب'!$A$9:$BG$38,COLUMN()-5,FALSE),""))} -> 270.5 | ... BL10: {=IF($E10="","",_xlfn.SWITCH(LEFT(INDEX($B$5:$B$261,$E10),FIND("|",INDEX($B$5:$B$261,$E10))-1),"ابنیه",VLOOKUP(INDEX($D$5:$D$261,$E10),'نمودار ابنیه'!$A$9:$BG$37,COLUMN()-5,FALSE),"مکانیکی",VLOOKUP(INDEX($D$5:$D$261,$E10),'نمودار مکانیکی'!$A$9:$BG$43,COLUMN()-5,FALSE),"برقی",VLOOKUP(INDEX($D$5:$D$261,$E10),'نمودار تاسیسات برقی'!$A$9:$BG$44,COLUMN()-5,FALSE),"خطوط",VLOOKUP(INDEX($D$5:$D$261,$E10),'نمودار خطوط انتقال '!$A$9:$BG$26,COLUMN()-5,FALSE),"شبکه",VLOOKUP(INDEX($D$5:$D$261,$E10),'نمودار شبکه توزیع آ'!$A$9:$BG$22,COLUMN()-5,FALSE),"سد",VLOOKUP(INDEX($D$5:$D$261,$E10),'نمودار سدسازی'!$A$9:$BG$23,COLUMN()-5,FALSE),"فاضلاب",VLOOKUP(INDEX($D$5:$D$261,$E10),'نمودار جمع‌آوری و ا'!$A$9:$BG$26,COLUMN()-5,FALSE),"تجهیزات",VLOOKUP(INDEX($D$5:$D$261,$E10),'نمودار تجهیزات آب و'!$A$9:$BG$42,COLUMN()-5,FALSE),"پست",VLOOKUP(INDEX($D$5:$D$261,$E10),'نمودار پست های انتق'!$A$9:$BG$41,COLUMN()-5,FALSE),"نیرو",VLOOKUP(INDEX($D$5:$D$261,$E10),'نمودار توزیع نیرو ب'!$A$9:$BG$38,COLUMN()-5,FALSE),""))} -> 3195.5
A11: 7 | B11: ابنیه|Buildings | C11: {=_xlfn.SWITCH(LEFT(B11,FIND("|",B11)-1),"ابنیه",HLOOKUP(D11,'نمودار ابنیه'!$B$5:$AD$6,2,FALSE),"مکانیکی",HLOOKUP(D11,'نمودار مکانیکی'!$B$5:$AJ$6,2,FALSE),"برقی",HLOOKUP(D11,'نمودار تاسیسات برقی'!$B$5:$AK$6,2,FALSE),"خطوط",HLOOKUP(D11,'نمودار خطوط انتقال '!$B$5:$R$6,2,FALSE),"شبکه",HLOOKUP(D11,'نمودار شبکه توزیع آ'!$B$5:$O$6,2,FALSE),"سد",HLOOKUP(D11,'نمودار سدسازی'!$B$5:$P$6,2,FALSE),"فاضلاب",HLOOKUP(D11,'نمودار جمع‌آوری و ا'!$B$5:$S$6,2,FALSE),"تجهیزات",HLOOKUP(D11,'نمودار تجهیزات آب و'!$B$5:$AG$6,2,FALSE),"پست",HLOOKUP(D11,'نمودار پست های انتق'!$B$5:$AH$6,2,FALSE),"نیرو",HLOOKUP(D11,'نمودار توزیع نیرو ب'!$B$5:$AE$6,2,FALSE),FALSE)} -> FALSE | D11: کارهای فولادی با میلگرد | E11: {=IFERROR(_xlfn.AGGREGATE(15,6,ROW($C$5:$C$261)/($C$5:$C$261=TRUE),6)-4,"")} -> 34 | F11: {=IF($E11="","",LEFT(INDEX($B$5:$B$261,$E11),FIND("|",INDEX($B$5:$B$261,$E11))-1)&":"&LEFT(INDEX($D$5:$D$261,$E11),20))} -> مکانیکی:لوله های آزبست سیمان | G11: {=IF($E11="","",_xlfn.SWITCH(LEFT(INDEX($B$5:$B$261,$E11),FIND("|",INDEX($B$5:$B$261,$E11))-1),"ابنیه",VLOOKUP(INDEX($D$5:$D$261,$E11),'نمودار ابنیه'!$A$9:$BG$37,COLUMN()-5,FALSE),"مکانیکی",VLOOKUP(INDEX($D$5:$D$261,$E11),'نمودار مکانیکی'!$A$9:$BG$43,COLUMN()-5,FALSE),"برقی",VLOOKUP(INDEX($D$5:$D$261,$E11),'نمودار تاسیسات برقی'!$A$9:$BG$44,COLUMN()-5,FALSE),"خطوط",VLOOKUP(INDEX($D$5:$D$261,$E11),'نمودار خطوط انتقال '!$A$9:$BG$26,COLUMN()-5,FALSE),"شبکه",VLOOKUP(INDEX($D$5:$D$261,$E11),'نمودار شبکه توزیع آ'!$A$9:$BG$22,COLUMN()-5,FALSE),"سد",VLOOKUP(INDEX($D$5:$D$261,$E11),'نمودار سدسازی'!$A$9:$BG$23,COLUMN()-5,FALSE),"فاضلاب",VLOOKUP(INDEX($D$5:$D$261,$E11),'نمودار جمع‌آوری و ا'!$A$9:$BG$26,COLUMN()-5,FALSE),"تجهیزات",VLOOKUP(INDEX($D$5:$D$261,$E11),'نمودار تجهیزات آب و'!$A$9:$BG$42,COLUMN()-5,FALSE),"پست",VLOOKUP(INDEX($D$5:$D$261,$E11),'نمودار پست های انتق'!$A$9:$BG$41,COLUMN()-5,FALSE),"نیرو",VLOOKUP(INDEX($D$5:$D$261,$E11),'نمودار توزیع نیرو ب'!$A$9:$BG$38,COLUMN()-5,FALSE),""))} -> 317.2 | H11: {=IF($E11="","",_xlfn.SWITCH(LEFT(INDEX($B$5:$B$261,$E11),FIND("|",INDEX($B$5:$B$261,$E11))-1),"ابنیه",VLOOKUP(INDEX($D$5:$D$261,$E11),'نمودار ابنیه'!$A$9:$BG$37,COLUMN()-5,FALSE),"مکانیکی",VLOOKUP(INDEX($D$5:$D$261,$E11),'نمودار مکانیکی'!$A$9:$BG$43,COLUMN()-5,FALSE),"برقی",VLOOKUP(INDEX($D$5:$D$261,$E11),'نمودار تاسیسات برقی'!$A$9:$BG$44,COLUMN()-5,FALSE),"خطوط",VLOOKUP(INDEX($D$5:$D$261,$E11),'نمودار خطوط انتقال '!$A$9:$BG$26,COLUMN()-5,FALSE),"شبکه",VLOOKUP(INDEX($D$5:$D$261,$E11),'نمودار شبکه توزیع آ'!$A$9:$BG$22,COLUMN()-5,FALSE),"سد",VLOOKUP(INDEX($D$5:$D$261,$E11),'نمودار سدسازی'!$A$9:$BG$23,COLUMN()-5,FALSE),"فاضلاب",VLOOKUP(INDEX($D$5:$D$261,$E11),'نمودار جمع‌آوری و ا'!$A$9:$BG$26,COLUMN()-5,FALSE),"تجهیزات",VLOOKUP(INDEX($D$5:$D$261,$E11),'نمودار تجهیزات آب و'!$A$9:$BG$42,COLUMN()-5,FALSE),"پست",VLOOKUP(INDEX($D$5:$D$261,$E11),'نمودار پست های انتق'!$A$9:$BG$41,COLUMN()-5,FALSE),"نیرو",VLOOKUP(INDEX($D$5:$D$261,$E11),'نمودار توزیع نیرو ب'!$A$9:$BG$38,COLUMN()-5,FALSE),""))} -> 319.4 | I11: {=IF($E11="","",_xlfn.SWITCH(LEFT(INDEX($B$5:$B$261,$E11),FIND("|",INDEX($B$5:$B$261,$E11))-1),"ابنیه",VLOOKUP(INDEX($D$5:$D$261,$E11),'نمودار ابنیه'!$A$9:$BG$37,COLUMN()-5,FALSE),"مکانیکی",VLOOKUP(INDEX($D$5:$D$261,$E11),'نمودار مکانیکی'!$A$9:$BG$43,COLUMN()-5,FALSE),"برقی",VLOOKUP(INDEX($D$5:$D$261,$E11),'نمودار تاسیسات برقی'!$A$9:$BG$44,COLUMN()-5,FALSE),"خطوط",VLOOKUP(INDEX($D$5:$D$261,$E11),'نمودار خطوط انتقال '!$A$9:$BG$26,COLUMN()-5,FALSE),"شبکه",VLOOKUP(INDEX($D$5:$D$261,$E11),'نمودار شبکه توزیع آ'!$A$9:$BG$22,COLUMN()-5,FALSE),"سد",VLOOKUP(INDEX($D$5:$D$261,$E11),'نمودار سدسازی'!$A$9:$BG$23,COLUMN()-5,FALSE),"فاضلاب",VLOOKUP(INDEX($D$5:$D$261,$E11),'نمودار جمع‌آوری و ا'!$A$9:$BG$26,COLUMN()-5,FALSE),"تجهیزات",VLOOKUP(INDEX($D$5:$D$261,$E11),'نمودار تجهیزات آب و'!$A$9:$BG$42,COLUMN()-5,FALSE),"پست",VLOOKUP(INDEX($D$5:$D$261,$E11),'نمودار پست های انتق'!$A$9:$BG$41,COLUMN()-5,FALSE),"نیرو",VLOOKUP(INDEX($D$5:$D$261,$E11),'نمودار توزیع نیرو ب'!$A$9:$BG$38,COLUMN()-5,FALSE),""))} -> 321.8 | J11: {=IF($E11="","",_xlfn.SWITCH(LEFT(INDEX($B$5:$B$261,$E11),FIND("|",INDEX($B$5:$B$261,$E11))-1),"ابنیه",VLOOKUP(INDEX($D$5:$D$261,$E11),'نمودار ابنیه'!$A$9:$BG$37,COLUMN()-5,FALSE),"مکانیکی",VLOOKUP(INDEX($D$5:$D$261,$E11),'نمودار مکانیکی'!$A$9:$BG$43,COLUMN()-5,FALSE),"برقی",VLOOKUP(INDEX($D$5:$D$261,$E11),'نمودار تاسیسات برقی'!$A$9:$BG$44,COLUMN()-5,FALSE),"خطوط",VLOOKUP(INDEX($D$5:$D$261,$E11),'نمودار خطوط انتقال '!$A$9:$BG$26,COLUMN()-5,FALSE),"شبکه",VLOOKUP(INDEX($D$5:$D$261,$E11),'نمودار شبکه توزیع آ'!$A$9:$BG$22,COLUMN()-5,FALSE),"سد",VLOOKUP(INDEX($D$5:$D$261,$E11),'نمودار سدسازی'!$A$9:$BG$23,COLUMN()-5,FALSE),"فاضلاب",VLOOKUP(INDEX($D$5:$D$261,$E11),'نمودار جمع‌آوری و ا'!$A$9:$BG$26,COLUMN()-5,FALSE),"تجهیزات",VLOOKUP(INDEX($D$5:$D$261,$E11),'نمودار تجهیزات آب و'!$A$9:$BG$42,COLUMN()-5,FALSE),"پست",VLOOKUP(INDEX($D$5:$D$261,$E11),'نمودار پست های انتق'!$A$9:$BG$41,COLUMN()-5,FALSE),"نیرو",VLOOKUP(INDEX($D$5:$D$261,$E11),'نمودار توزیع نیرو ب'!$A$9:$BG$38,COLUMN()-5,FALSE),""))} -> 324.2 | K11: {=IF($E11="","",_xlfn.SWITCH(LEFT(INDEX($B$5:$B$261,$E11),FIND("|",INDEX($B$5:$B$261,$E11))-1),"ابنیه",VLOOKUP(INDEX($D$5:$D$261,$E11),'نمودار ابنیه'!$A$9:$BG$37,COLUMN()-5,FALSE),"مکانیکی",VLOOKUP(INDEX($D$5:$D$261,$E11),'نمودار مکانیکی'!$A$9:$BG$43,COLUMN()-5,FALSE),"برقی",VLOOKUP(INDEX($D$5:$D$261,$E11),'نمودار تاسیسات برقی'!$A$9:$BG$44,COLUMN()-5,FALSE),"خطوط",VLOOKUP(INDEX($D$5:$D$261,$E11),'نمودار خطوط انتقال '!$A$9:$BG$26,COLUMN()-5,FALSE),"شبکه",VLOOKUP(INDEX($D$5:$D$261,$E11),'نمودار شبکه توزیع آ'!$A$9:$BG$22,COLUMN()-5,FALSE),"سد",VLOOKUP(INDEX($D$5:$D$261,$E11),'نمودار سدسازی'!$A$9:$BG$23,COLUMN()-5,FALSE),"فاضلاب",VLOOKUP(INDEX($D$5:$D$261,$E11),'نمودار جمع‌آوری و ا'!$A$9:$BG$26,COLUMN()-5,FALSE),"تجهیزات",VLOOKUP(INDEX($D$5:$D$261,$E11),'نمودار تجهیزات آب و'!$A$9:$BG$42,COLUMN()-5,FALSE),"پست",VLOOKUP(INDEX($D$5:$D$261,$E11),'نمودار پست های انتق'!$A$9:$BG$41,COLUMN()-5,FALSE),"نیرو",VLOOKUP(INDEX($D$5:$D$261,$E11),'نمودار توزیع نیرو ب'!$A$9:$BG$38,COLUMN()-5,FALSE),""))} -> 332.6 | L11: {=IF($E11="","",_xlfn.SWITCH(LEFT(INDEX($B$5:$B$261,$E11),FIND("|",INDEX($B$5:$B$261,$E11))-1),"ابنیه",VLOOKUP(INDEX($D$5:$D$261,$E11),'نمودار ابنیه'!$A$9:$BG$37,COLUMN()-5,FALSE),"مکانیکی",VLOOKUP(INDEX($D$5:$D$261,$E11),'نمودار مکانیکی'!$A$9:$BG$43,COLUMN()-5,FALSE),"برقی",VLOOKUP(INDEX($D$5:$D$261,$E11),'نمودار تاسیسات برقی'!$A$9:$BG$44,COLUMN()-5,FALSE),"خطوط",VLOOKUP(INDEX($D$5:$D$261,$E11),'نمودار خطوط انتقال '!$A$9:$BG$26,COLUMN()-5,FALSE),"شبکه",VLOOKUP(INDEX($D$5:$D$261,$E11),'نمودار شبکه توزیع آ'!$A$9:$BG$22,COLUMN()-5,FALSE),"سد",VLOOKUP(INDEX($D$5:$D$261,$E11),'نمودار سدسازی'!$A$9:$BG$23,COLUMN()-5,FALSE),"فاضلاب",VLOOKUP(INDEX($D$5:$D$261,$E11),'نمودار جمع‌آوری و ا'!$A$9:$BG$26,COLUMN()-5,FALSE),"تجهیزات",VLOOKUP(INDEX($D$5:$D$261,$E11),'نمودار تجهیزات آب و'!$A$9:$BG$42,COLUMN()-5,FALSE),"پست",VLOOKUP(INDEX($D$5:$D$261,$E11),'نمودار پست های انتق'!$A$9:$BG$41,COLUMN()-5,FALSE),"نیرو",VLOOKUP(INDEX($D$5:$D$261,$E11),'نمودار توزیع نیرو ب'!$A$9:$BG$38,COLUMN()-5,FALSE),""))} -> 336.9 | M11: {=IF($E11="","",_xlfn.SWITCH(LEFT(INDEX($B$5:$B$261,$E11),FIND("|",INDEX($B$5:$B$261,$E11))-1),"ابنیه",VLOOKUP(INDEX($D$5:$D$261,$E11),'نمودار ابنیه'!$A$9:$BG$37,COLUMN()-5,FALSE),"مکانیکی",VLOOKUP(INDEX($D$5:$D$261,$E11),'نمودار مکانیکی'!$A$9:$BG$43,COLUMN()-5,FALSE),"برقی",VLOOKUP(INDEX($D$5:$D$261,$E11),'نمودار تاسیسات برقی'!$A$9:$BG$44,COLUMN()-5,FALSE),"خطوط",VLOOKUP(INDEX($D$5:$D$261,$E11),'نمودار خطوط انتقال '!$A$9:$BG$26,COLUMN()-5,FALSE),"شبکه",VLOOKUP(INDEX($D$5:$D$261,$E11),'نمودار شبکه توزیع آ'!$A$9:$BG$22,COLUMN()-5,FALSE),"سد",VLOOKUP(INDEX($D$5:$D$261,$E11),'نمودار سدسازی'!$A$9:$BG$23,COLUMN()-5,FALSE),"فاضلاب",VLOOKUP(INDEX($D$5:$D$261,$E11),'نمودار جمع‌آوری و ا'!$A$9:$BG$26,COLUMN()-5,FALSE),"تجهیزات",VLOOKUP(INDEX($D$5:$D$261,$E11),'نمودار تجهیزات آب و'!$A$9:$BG$42,COLUMN()-5,FALSE),"پست",VLOOKUP(INDEX($D$5:$D$261,$E11),'نمودار پست های انتق'!$A$9:$BG$41,COLUMN()-5,FALSE),"نیرو",VLOOKUP(INDEX($D$5:$D$261,$E11),'نمودار توزیع نیرو ب'!$A$9:$BG$38,COLUMN()-5,FALSE),""))} -> 344 | N11: {=IF($E11="","",_xlfn.SWITCH(LEFT(INDEX($B$5:$B$261,$E11),FIND("|",INDEX($B$5:$B$261,$E11))-1),"ابنیه",VLOOKUP(INDEX($D$5:$D$261,$E11),'نمودار ابنیه'!$A$9:$BG$37,COLUMN()-5,FALSE),"مکانیکی",VLOOKUP(INDEX($D$5:$D$261,$E11),'نمودار مکانیکی'!$A$9:$BG$43,COLUMN()-5,FALSE),"برقی",VLOOKUP(INDEX($D$5:$D$261,$E11),'نمودار تاسیسات برقی'!$A$9:$BG$44,COLUMN()-5,FALSE),"خطوط",VLOOKUP(INDEX($D$5:$D$261,$E11),'نمودار خطوط انتقال '!$A$9:$BG$26,COLUMN()-5,FALSE),"شبکه",VLOOKUP(INDEX($D$5:$D$261,$E11),'نمودار شبکه توزیع آ'!$A$9:$BG$22,COLUMN()-5,FALSE),"سد",VLOOKUP(INDEX($D$5:$D$261,$E11),'نمودار سدسازی'!$A$9:$BG$23,COLUMN()-5,FALSE),"فاضلاب",VLOOKUP(INDEX($D$5:$D$261,$E11),'نمودار جمع‌آوری و ا'!$A$9:$BG$26,COLUMN()-5,FALSE),"تجهیزات",VLOOKUP(INDEX($D$5:$D$261,$E11),'نمودار تجهیزات آب و'!$A$9:$BG$42,COLUMN()-5,FALSE),"پست",VLOOKUP(INDEX($D$5:$D$261,$E11),'نمودار پست های انتق'!$A$9:$BG$41,COLUMN()-5,FALSE),"نیرو",VLOOKUP(INDEX($D$5:$D$261,$E11),'نمودار توزیع نیرو ب'!$A$9:$BG$38,COLUMN()-5,FALSE),""))} -> 347.2 | ... BL11: {=IF($E11="","",_xlfn.SWITCH(LEFT(INDEX($B$5:$B$261,$E11),FIND("|",INDEX($B$5:$B$261,$E11))-1),"ابنیه",VLOOKUP(INDEX($D$5:$D$261,$E11),'نمودار ابنیه'!$A$9:$BG$37,COLUMN()-5,FALSE),"مکانیکی",VLOOKUP(INDEX($D$5:$D$261,$E11),'نمودار مکانیکی'!$A$9:$BG$43,COLUMN()-5,FALSE),"برقی",VLOOKUP(INDEX($D$5:$D$261,$E11),'نمودار تاسیسات برقی'!$A$9:$BG$44,COLUMN()-5,FALSE),"خطوط",VLOOKUP(INDEX($D$5:$D$261,$E11),'نمودار خطوط انتقال '!$A$9:$BG$26,COLUMN()-5,FALSE),"شبکه",VLOOKUP(INDEX($D$5:$D$261,$E11),'نمودار شبکه توزیع آ'!$A$9:$BG$22,COLUMN()-5,FALSE),"سد",VLOOKUP(INDEX($D$5:$D$261,$E11),'نمودار سدسازی'!$A$9:$BG$23,COLUMN()-5,FALSE),"فاضلاب",VLOOKUP(INDEX($D$5:$D$261,$E11),'نمودار جمع‌آوری و ا'!$A$9:$BG$26,COLUMN()-5,FALSE),"تجهیزات",VLOOKUP(INDEX($D$5:$D$261,$E11),'نمودار تجهیزات آب و'!$A$9:$BG$42,COLUMN()-5,FALSE),"پست",VLOOKUP(INDEX($D$5:$D$261,$E11),'نمودار پست های انتق'!$A$9:$BG$41,COLUMN()-5,FALSE),"نیرو",VLOOKUP(INDEX($D$5:$D$261,$E11),'نمودار توزیع نیرو ب'!$A$9:$BG$38,COLUMN()-5,FALSE),""))} -> 429
A12: 8 | B12: ابنیه|Buildings | C12: {=_xlfn.SWITCH(LEFT(B12,FIND("|",B12)-1),"ابنیه",HLOOKUP(D12,'نمودار ابنیه'!$B$5:$AD$6,2,FALSE),"مکانیکی",HLOOKUP(D12,'نمودار مکانیکی'!$B$5:$AJ$6,2,FALSE),"برقی",HLOOKUP(D12,'نمودار تاسیسات برقی'!$B$5:$AK$6,2,FALSE),"خطوط",HLOOKUP(D12,'نمودار خطوط انتقال '!$B$5:$R$6,2,FALSE),"شبکه",HLOOKUP(D12,'نمودار شبکه توزیع آ'!$B$5:$O$6,2,FALSE),"سد",HLOOKUP(D12,'نمودار سدسازی'!$B$5:$P$6,2,FALSE),"فاضلاب",HLOOKUP(D12,'نمودار جمع‌آوری و ا'!$B$5:$S$6,2,FALSE),"تجهیزات",HLOOKUP(D12,'نمودار تجهیزات آب و'!$B$5:$AG$6,2,FALSE),"پست",HLOOKUP(D12,'نمودار پست های انتق'!$B$5:$AH$6,2,FALSE),"نیرو",HLOOKUP(D12,'نمودار توزیع نیرو ب'!$B$5:$AE$6,2,FALSE),FALSE)} -> FALSE | D12: بتن درجا | E12: {=IFERROR(_xlfn.AGGREGATE(15,6,ROW($C$5:$C$261)/($C$5:$C$261=TRUE),7)-4,"")} -> 35 | F12: {=IF($E12="","",LEFT(INDEX($B$5:$B$261,$E12),FIND("|",INDEX($B$5:$B$261,$E12))-1)&":"&LEFT(INDEX($D$5:$D$261,$E12),20))} -> مکانیکی:لوله های مسی | G12: {=IF($E12="","",_xlfn.SWITCH(LEFT(INDEX($B$5:$B$261,$E12),FIND("|",INDEX($B$5:$B$261,$E12))-1),"ابنیه",VLOOKUP(INDEX($D$5:$D$261,$E12),'نمودار ابنیه'!$A$9:$BG$37,COLUMN()-5,FALSE),"مکانیکی",VLOOKUP(INDEX($D$5:$D$261,$E12),'نمودار مکانیکی'!$A$9:$BG$43,COLUMN()-5,FALSE),"برقی",VLOOKUP(INDEX($D$5:$D$261,$E12),'نمودار تاسیسات برقی'!$A$9:$BG$44,COLUMN()-5,FALSE),"خطوط",VLOOKUP(INDEX($D$5:$D$261,$E12),'نمودار خطوط انتقال '!$A$9:$BG$26,COLUMN()-5,FALSE),"شبکه",VLOOKUP(INDEX($D$5:$D$261,$E12),'نمودار شبکه توزیع آ'!$A$9:$BG$22,COLUMN()-5,FALSE),"سد",VLOOKUP(INDEX($D$5:$D$261,$E12),'نمودار سدسازی'!$A$9:$BG$23,COLUMN()-5,FALSE),"فاضلاب",VLOOKUP(INDEX($D$5:$D$261,$E12),'نمودار جمع‌آوری و ا'!$A$9:$BG$26,COLUMN()-5,FALSE),"تجهیزات",VLOOKUP(INDEX($D$5:$D$261,$E12),'نمودار تجهیزات آب و'!$A$9:$BG$42,COLUMN()-5,FALSE),"پست",VLOOKUP(INDEX($D$5:$D$261,$E12),'نمودار پست های انتق'!$A$9:$BG$41,COLUMN()-5,FALSE),"نیرو",VLOOKUP(INDEX($D$5:$D$261,$E12),'نمودار توزیع نیرو ب'!$A$9:$BG$38,COLUMN()-5,FALSE),""))} -> 417.5 | H12: {=IF($E12="","",_xlfn.SWITCH(LEFT(INDEX($B$5:$B$261,$E12),FIND("|",INDEX($B$5:$B$261,$E12))-1),"ابنیه",VLOOKUP(INDEX($D$5:$D$261,$E12),'نمودار ابنیه'!$A$9:$BG$37,COLUMN()-5,FALSE),"مکانیکی",VLOOKUP(INDEX($D$5:$D$261,$E12),'نمودار مکانیکی'!$A$9:$BG$43,COLUMN()-5,FALSE),"برقی",VLOOKUP(INDEX($D$5:$D$261,$E12),'نمودار تاسیسات برقی'!$A$9:$BG$44,COLUMN()-5,FALSE),"خطوط",VLOOKUP(INDEX($D$5:$D$261,$E12),'نمودار خطوط انتقال '!$A$9:$BG$26,COLUMN()-5,FALSE),"شبکه",VLOOKUP(INDEX($D$5:$D$261,$E12),'نمودار شبکه توزیع آ'!$A$9:$BG$22,COLUMN()-5,FALSE),"سد",VLOOKUP(INDEX($D$5:$D$261,$E12),'نمودار سدسازی'!$A$9:$BG$23,COLUMN()-5,FALSE),"فاضلاب",VLOOKUP(INDEX($D$5:$D$261,$E12),'نمودار جمع‌آوری و ا'!$A$9:$BG$26,COLUMN()-5,FALSE),"تجهیزات",VLOOKUP(INDEX($D$5:$D$261,$E12),'نمودار تجهیزات آب و'!$A$9:$BG$42,COLUMN()-5,FALSE),"پست",VLOOKUP(INDEX($D$5:$D$261,$E12),'نمودار پست های انتق'!$A$9:$BG$41,COLUMN()-5,FALSE),"نیرو",VLOOKUP(INDEX($D$5:$D$261,$E12),'نمودار توزیع نیرو ب'!$A$9:$BG$38,COLUMN()-5,FALSE),""))} -> 422.8 | I12: {=IF($E12="","",_xlfn.SWITCH(LEFT(INDEX($B$5:$B$261,$E12),FIND("|",INDEX($B$5:$B$261,$E12))-1),"ابنیه",VLOOKUP(INDEX($D$5:$D$261,$E12),'نمودار ابنیه'!$A$9:$BG$37,COLUMN()-5,FALSE),"مکانیکی",VLOOKUP(INDEX($D$5:$D$261,$E12),'نمودار مکانیکی'!$A$9:$BG$43,COLUMN()-5,FALSE),"برقی",VLOOKUP(INDEX($D$5:$D$261,$E12),'نمودار تاسیسات برقی'!$A$9:$BG$44,COLUMN()-5,FALSE),"خطوط",VLOOKUP(INDEX($D$5:$D$261,$E12),'نمودار خطوط انتقال '!$A$9:$BG$26,COLUMN()-5,FALSE),"شبکه",VLOOKUP(INDEX($D$5:$D$261,$E12),'نمودار شبکه توزیع آ'!$A$9:$BG$22,COLUMN()-5,FALSE),"سد",VLOOKUP(INDEX($D$5:$D$261,$E12),'نمودار سدسازی'!$A$9:$BG$23,COLUMN()-5,FALSE),"فاضلاب",VLOOKUP(INDEX($D$5:$D$261,$E12),'نمودار جمع‌آوری و ا'!$A$9:$BG$26,COLUMN()-5,FALSE),"تجهیزات",VLOOKUP(INDEX($D$5:$D$261,$E12),'نمودار تجهیزات آب و'!$A$9:$BG$42,COLUMN()-5,FALSE),"پست",VLOOKUP(INDEX($D$5:$D$261,$E12),'نمودار پست های انتق'!$A$9:$BG$41,COLUMN()-5,FALSE),"نیرو",VLOOKUP(INDEX($D$5:$D$261,$E12),'نمودار توزیع نیرو ب'!$A$9:$BG$38,COLUMN()-5,FALSE),""))} -> 511.9 | J12: {=IF($E12="","",_xlfn.SWITCH(LEFT(INDEX($B$5:$B$261,$E12),FIND("|",INDEX($B$5:$B$261,$E12))-1),"ابنیه",VLOOKUP(INDEX($D$5:$D$261,$E12),'نمودار ابنیه'!$A$9:$BG$37,COLUMN()-5,FALSE),"مکانیکی",VLOOKUP(INDEX($D$5:$D$261,$E12),'نمودار مکانیکی'!$A$9:$BG$43,COLUMN()-5,FALSE),"برقی",VLOOKUP(INDEX($D$5:$D$261,$E12),'نمودار تاسیسات برقی'!$A$9:$BG$44,COLUMN()-5,FALSE),"خطوط",VLOOKUP(INDEX($D$5:$D$261,$E12),'نمودار خطوط انتقال '!$A$9:$BG$26,COLUMN()-5,FALSE),"شبکه",VLOOKUP(INDEX($D$5:$D$261,$E12),'نمودار شبکه توزیع آ'!$A$9:$BG$22,COLUMN()-5,FALSE),"سد",VLOOKUP(INDEX($D$5:$D$261,$E12),'نمودار سدسازی'!$A$9:$BG$23,COLUMN()-5,FALSE),"فاضلاب",VLOOKUP(INDEX($D$5:$D$261,$E12),'نمودار جمع‌آوری و ا'!$A$9:$BG$26,COLUMN()-5,FALSE),"تجهیزات",VLOOKUP(INDEX($D$5:$D$261,$E12),'نمودار تجهیزات آب و'!$A$9:$BG$42,COLUMN()-5,FALSE),"پست",VLOOKUP(INDEX($D$5:$D$261,$E12),'نمودار پست های انتق'!$A$9:$BG$41,COLUMN()-5,FALSE),"نیرو",VLOOKUP(INDEX($D$5:$D$261,$E12),'نمودار توزیع نیرو ب'!$A$9:$BG$38,COLUMN()-5,FALSE),""))} -> 513.3 | K12: {=IF($E12="","",_xlfn.SWITCH(LEFT(INDEX($B$5:$B$261,$E12),FIND("|",INDEX($B$5:$B$261,$E12))-1),"ابنیه",VLOOKUP(INDEX($D$5:$D$261,$E12),'نمودار ابنیه'!$A$9:$BG$37,COLUMN()-5,FALSE),"مکانیکی",VLOOKUP(INDEX($D$5:$D$261,$E12),'نمودار مکانیکی'!$A$9:$BG$43,COLUMN()-5,FALSE),"برقی",VLOOKUP(INDEX($D$5:$D$261,$E12),'نمودار تاسیسات برقی'!$A$9:$BG$44,COLUMN()-5,FALSE),"خطوط",VLOOKUP(INDEX($D$5:$D$261,$E12),'نمودار خطوط انتقال '!$A$9:$BG$26,COLUMN()-5,FALSE),"شبکه",VLOOKUP(INDEX($D$5:$D$261,$E12),'نمودار شبکه توزیع آ'!$A$9:$BG$22,COLUMN()-5,FALSE),"سد",VLOOKUP(INDEX($D$5:$D$261,$E12),'نمودار سدسازی'!$A$9:$BG$23,COLUMN()-5,FALSE),"فاضلاب",VLOOKUP(INDEX($D$5:$D$261,$E12),'نمودار جمع‌آوری و ا'!$A$9:$BG$26,COLUMN()-5,FALSE),"تجهیزات",VLOOKUP(INDEX($D$5:$D$261,$E12),'نمودار تجهیزات آب و'!$A$9:$BG$42,COLUMN()-5,FALSE),"پست",VLOOKUP(INDEX($D$5:$D$261,$E12),'نمودار پست های انتق'!$A$9:$BG$41,COLUMN()-5,FALSE),"نیرو",VLOOKUP(INDEX($D$5:$D$261,$E12),'نمودار توزیع نیرو ب'!$A$9:$BG$38,COLUMN()-5,FALSE),""))} -> 526.6 | L12: {=IF($E12="","",_xlfn.SWITCH(LEFT(INDEX($B$5:$B$261,$E12),FIND("|",INDEX($B$5:$B$261,$E12))-1),"ابنیه",VLOOKUP(INDEX($D$5:$D$261,$E12),'نمودار ابنیه'!$A$9:$BG$37,COLUMN()-5,FALSE),"مکانیکی",VLOOKUP(INDEX($D$5:$D$261,$E12),'نمودار مکانیکی'!$A$9:$BG$43,COLUMN()-5,FALSE),"برقی",VLOOKUP(INDEX($D$5:$D$261,$E12),'نمودار تاسیسات برقی'!$A$9:$BG$44,COLUMN()-5,FALSE),"خطوط",VLOOKUP(INDEX($D$5:$D$261,$E12),'نمودار خطوط انتقال '!$A$9:$BG$26,COLUMN()-5,FALSE),"شبکه",VLOOKUP(INDEX($D$5:$D$261,$E12),'نمودار شبکه توزیع آ'!$A$9:$BG$22,COLUMN()-5,FALSE),"سد",VLOOKUP(INDEX($D$5:$D$261,$E12),'نمودار سدسازی'!$A$9:$BG$23,COLUMN()-5,FALSE),"فاضلاب",VLOOKUP(INDEX($D$5:$D$261,$E12),'نمودار جمع‌آوری و ا'!$A$9:$BG$26,COLUMN()-5,FALSE),"تجهیزات",VLOOKUP(INDEX($D$5:$D$261,$E12),'نمودار تجهیزات آب و'!$A$9:$BG$42,COLUMN()-5,FALSE),"پست",VLOOKUP(INDEX($D$5:$D$261,$E12),'نمودار پست های انتق'!$A$9:$BG$41,COLUMN()-5,FALSE),"نیرو",VLOOKUP(INDEX($D$5:$D$261,$E12),'نمودار توزیع نیرو ب'!$A$9:$BG$38,COLUMN()-5,FALSE),""))} -> 587.9 | M12: {=IF($E12="","",_xlfn.SWITCH(LEFT(INDEX($B$5:$B$261,$E12),FIND("|",INDEX($B$5:$B$261,$E12))-1),"ابنیه",VLOOKUP(INDEX($D$5:$D$261,$E12),'نمودار ابنیه'!$A$9:$BG$37,COLUMN()-5,FALSE),"مکانیکی",VLOOKUP(INDEX($D$5:$D$261,$E12),'نمودار مکانیکی'!$A$9:$BG$43,COLUMN()-5,FALSE),"برقی",VLOOKUP(INDEX($D$5:$D$261,$E12),'نمودار تاسیسات برقی'!$A$9:$BG$44,COLUMN()-5,FALSE),"خطوط",VLOOKUP(INDEX($D$5:$D$261,$E12),'نمودار خطوط انتقال '!$A$9:$BG$26,COLUMN()-5,FALSE),"شبکه",VLOOKUP(INDEX($D$5:$D$261,$E12),'نمودار شبکه توزیع آ'!$A$9:$BG$22,COLUMN()-5,FALSE),"سد",VLOOKUP(INDEX($D$5:$D$261,$E12),'نمودار سدسازی'!$A$9:$BG$23,COLUMN()-5,FALSE),"فاضلاب",VLOOKUP(INDEX($D$5:$D$261,$E12),'نمودار جمع‌آوری و ا'!$A$9:$BG$26,COLUMN()-5,FALSE),"تجهیزات",VLOOKUP(INDEX($D$5:$D$261,$E12),'نمودار تجهیزات آب و'!$A$9:$BG$42,COLUMN()-5,FALSE),"پست",VLOOKUP(INDEX($D$5:$D$261,$E12),'نمودار پست های انتق'!$A$9:$BG$41,COLUMN()-5,FALSE),"نیرو",VLOOKUP(INDEX($D$5:$D$261,$E12),'نمودار توزیع نیرو ب'!$A$9:$BG$38,COLUMN()-5,FALSE),""))} -> 771 | N12: {=IF($E12="","",_xlfn.SWITCH(LEFT(INDEX($B$5:$B$261,$E12),FIND("|",INDEX($B$5:$B$261,$E12))-1),"ابنیه",VLOOKUP(INDEX($D$5:$D$261,$E12),'نمودار ابنیه'!$A$9:$BG$37,COLUMN()-5,FALSE),"مکانیکی",VLOOKUP(INDEX($D$5:$D$261,$E12),'نمودار مکانیکی'!$A$9:$BG$43,COLUMN()-5,FALSE),"برقی",VLOOKUP(INDEX($D$5:$D$261,$E12),'نمودار تاسیسات برقی'!$A$9:$BG$44,COLUMN()-5,FALSE),"خطوط",VLOOKUP(INDEX($D$5:$D$261,$E12),'نمودار خطوط انتقال '!$A$9:$BG$26,COLUMN()-5,FALSE),"شبکه",VLOOKUP(INDEX($D$5:$D$261,$E12),'نمودار شبکه توزیع آ'!$A$9:$BG$22,COLUMN()-5,FALSE),"سد",VLOOKUP(INDEX($D$5:$D$261,$E12),'نمودار سدسازی'!$A$9:$BG$23,COLUMN()-5,FALSE),"فاضلاب",VLOOKUP(INDEX($D$5:$D$261,$E12),'نمودار جمع‌آوری و ا'!$A$9:$BG$26,COLUMN()-5,FALSE),"تجهیزات",VLOOKUP(INDEX($D$5:$D$261,$E12),'نمودار تجهیزات آب و'!$A$9:$BG$42,COLUMN()-5,FALSE),"پست",VLOOKUP(INDEX($D$5:$D$261,$E12),'نمودار پست های انتق'!$A$9:$BG$41,COLUMN()-5,FALSE),"نیرو",VLOOKUP(INDEX($D$5:$D$261,$E12),'نمودار توزیع نیرو ب'!$A$9:$BG$38,COLUMN()-5,FALSE),""))} -> 787.8 | ... BL12: {=IF($E12="","",_xlfn.SWITCH(LEFT(INDEX($B$5:$B$261,$E12),FIND("|",INDEX($B$5:$B$261,$E12))-1),"ابنیه",VLOOKUP(INDEX($D$5:$D$261,$E12),'نمودار ابنیه'!$A$9:$BG$37,COLUMN()-5,FALSE),"مکانیکی",VLOOKUP(INDEX($D$5:$D$261,$E12),'نمودار مکانیکی'!$A$9:$BG$43,COLUMN()-5,FALSE),"برقی",VLOOKUP(INDEX($D$5:$D$261,$E12),'نمودار تاسیسات برقی'!$A$9:$BG$44,COLUMN()-5,FALSE),"خطوط",VLOOKUP(INDEX($D$5:$D$261,$E12),'نمودار خطوط انتقال '!$A$9:$BG$26,COLUMN()-5,FALSE),"شبکه",VLOOKUP(INDEX($D$5:$D$261,$E12),'نمودار شبکه توزیع آ'!$A$9:$BG$22,COLUMN()-5,FALSE),"سد",VLOOKUP(INDEX($D$5:$D$261,$E12),'نمودار سدسازی'!$A$9:$BG$23,COLUMN()-5,FALSE),"فاضلاب",VLOOKUP(INDEX($D$5:$D$261,$E12),'نمودار جمع‌آوری و ا'!$A$9:$BG$26,COLUMN()-5,FALSE),"تجهیزات",VLOOKUP(INDEX($D$5:$D$261,$E12),'نمودار تجهیزات آب و'!$A$9:$BG$42,COLUMN()-5,FALSE),"پست",VLOOKUP(INDEX($D$5:$D$261,$E12),'نمودار پست های انتق'!$A$9:$BG$41,COLUMN()-5,FALSE),"نیرو",VLOOKUP(INDEX($D$5:$D$261,$E12),'نمودار توزیع نیرو ب'!$A$9:$BG$38,COLUMN()-5,FALSE),""))} -> 10657.7
A13: 9 | B13: ابنیه|Buildings | C13: {=_xlfn.SWITCH(LEFT(B13,FIND("|",B13)-1),"ابنیه",HLOOKUP(D13,'نمودار ابنیه'!$B$5:$AD$6,2,FALSE),"مکانیکی",HLOOKUP(D13,'نمودار مکانیکی'!$B$5:$AJ$6,2,FALSE),"برقی",HLOOKUP(D13,'نمودار تاسیسات برقی'!$B$5:$AK$6,2,FALSE),"خطوط",HLOOKUP(D13,'نمودار خطوط انتقال '!$B$5:$R$6,2,FALSE),"شبکه",HLOOKUP(D13,'نمودار شبکه توزیع آ'!$B$5:$O$6,2,FALSE),"سد",HLOOKUP(D13,'نمودار سدسازی'!$B$5:$P$6,2,FALSE),"فاضلاب",HLOOKUP(D13,'نمودار جمع‌آوری و ا'!$B$5:$S$6,2,FALSE),"تجهیزات",HLOOKUP(D13,'نمودار تجهیزات آب و'!$B$5:$AG$6,2,FALSE),"پست",HLOOKUP(D13,'نمودار پست های انتق'!$B$5:$AH$6,2,FALSE),"نیرو",HLOOKUP(D13,'نمودار توزیع نیرو ب'!$B$5:$AE$6,2,FALSE),FALSE)} -> TRUE | D13: کارهای فولادی سنگین | E13: {=IFERROR(_xlfn.AGGREGATE(15,6,ROW($C$5:$C$261)/($C$5:$C$261=TRUE),8)-4,"")} -> 36 | F13: {=IF($E13="","",LEFT(INDEX($B$5:$B$261,$E13),FIND("|",INDEX($B$5:$B$261,$E13))-1)&":"&LEFT(INDEX($D$5:$D$261,$E13),20))} -> مکانیکی:شیرها | G13: {=IF($E13="","",_xlfn.SWITCH(LEFT(INDEX($B$5:$B$261,$E13),FIND("|",INDEX($B$5:$B$261,$E13))-1),"ابنیه",VLOOKUP(INDEX($D$5:$D$261,$E13),'نمودار ابنیه'!$A$9:$BG$37,COLUMN()-5,FALSE),"مکانیکی",VLOOKUP(INDEX($D$5:$D$261,$E13),'نمودار مکانیکی'!$A$9:$BG$43,COLUMN()-5,FALSE),"برقی",VLOOKUP(INDEX($D$5:$D$261,$E13),'نمودار تاسیسات برقی'!$A$9:$BG$44,COLUMN()-5,FALSE),"خطوط",VLOOKUP(INDEX($D$5:$D$261,$E13),'نمودار خطوط انتقال '!$A$9:$BG$26,COLUMN()-5,FALSE),"شبکه",VLOOKUP(INDEX($D$5:$D$261,$E13),'نمودار شبکه توزیع آ'!$A$9:$BG$22,COLUMN()-5,FALSE),"سد",VLOOKUP(INDEX($D$5:$D$261,$E13),'نمودار سدسازی'!$A$9:$BG$23,COLUMN()-5,FALSE),"فاضلاب",VLOOKUP(INDEX($D$5:$D$261,$E13),'نمودار جمع‌آوری و ا'!$A$9:$BG$26,COLUMN()-5,FALSE),"تجهیزات",VLOOKUP(INDEX($D$5:$D$261,$E13),'نمودار تجهیزات آب و'!$A$9:$BG$42,COLUMN()-5,FALSE),"پست",VLOOKUP(INDEX($D$5:$D$261,$E13),'نمودار پست های انتق'!$A$9:$BG$41,COLUMN()-5,FALSE),"نیرو",VLOOKUP(INDEX($D$5:$D$261,$E13),'نمودار توزیع نیرو ب'!$A$9:$BG$38,COLUMN()-5,FALSE),""))} -> 316.1 | H13: {=IF($E13="","",_xlfn.SWITCH(LEFT(INDEX($B$5:$B$261,$E13),FIND("|",INDEX($B$5:$B$261,$E13))-1),"ابنیه",VLOOKUP(INDEX($D$5:$D$261,$E13),'نمودار ابنیه'!$A$9:$BG$37,COLUMN()-5,FALSE),"مکانیکی",VLOOKUP(INDEX($D$5:$D$261,$E13),'نمودار مکانیکی'!$A$9:$BG$43,COLUMN()-5,FALSE),"برقی",VLOOKUP(INDEX($D$5:$D$261,$E13),'نمودار تاسیسات برقی'!$A$9:$BG$44,COLUMN()-5,FALSE),"خطوط",VLOOKUP(INDEX($D$5:$D$261,$E13),'نمودار خطوط انتقال '!$A$9:$BG$26,COLUMN()-5,FALSE),"شبکه",VLOOKUP(INDEX($D$5:$D$261,$E13),'نمودار شبکه توزیع آ'!$A$9:$BG$22,COLUMN()-5,FALSE),"سد",VLOOKUP(INDEX($D$5:$D$261,$E13),'نمودار سدسازی'!$A$9:$BG$23,COLUMN()-5,FALSE),"فاضلاب",VLOOKUP(INDEX($D$5:$D$261,$E13),'نمودار جمع‌آوری و ا'!$A$9:$BG$26,COLUMN()-5,FALSE),"تجهیزات",VLOOKUP(INDEX($D$5:$D$261,$E13),'نمودار تجهیزات آب و'!$A$9:$BG$42,COLUMN()-5,FALSE),"پست",VLOOKUP(INDEX($D$5:$D$261,$E13),'نمودار پست های انتق'!$A$9:$BG$41,COLUMN()-5,FALSE),"نیرو",VLOOKUP(INDEX($D$5:$D$261,$E13),'نمودار توزیع نیرو ب'!$A$9:$BG$38,COLUMN()-5,FALSE),""))} -> 316.8 | I13: {=IF($E13="","",_xlfn.SWITCH(LEFT(INDEX($B$5:$B$261,$E13),FIND("|",INDEX($B$5:$B$261,$E13))-1),"ابنیه",VLOOKUP(INDEX($D$5:$D$261,$E13),'نمودار ابنیه'!$A$9:$BG$37,COLUMN()-5,FALSE),"مکانیکی",VLOOKUP(INDEX($D$5:$D$261,$E13),'نمودار مکانیکی'!$A$9:$BG$43,COLUMN()-5,FALSE),"برقی",VLOOKUP(INDEX($D$5:$D$261,$E13),'نمودار تاسیسات برقی'!$A$9:$BG$44,COLUMN()-5,FALSE),"خطوط",VLOOKUP(INDEX($D$5:$D$261,$E13),'نمودار خطوط انتقال '!$A$9:$BG$26,COLUMN()-5,FALSE),"شبکه",VLOOKUP(INDEX($D$5:$D$261,$E13),'نمودار شبکه توزیع آ'!$A$9:$BG$22,COLUMN()-5,FALSE),"سد",VLOOKUP(INDEX($D$5:$D$261,$E13),'نمودار سدسازی'!$A$9:$BG$23,COLUMN()-5,FALSE),"فاضلاب",VLOOKUP(INDEX($D$5:$D$261,$E13),'نمودار جمع‌آوری و ا'!$A$9:$BG$26,COLUMN()-5,FALSE),"تجهیزات",VLOOKUP(INDEX($D$5:$D$261,$E13),'نمودار تجهیزات آب و'!$A$9:$BG$42,COLUMN()-5,FALSE),"پست",VLOOKUP(INDEX($D$5:$D$261,$E13),'نمودار پست های انتق'!$A$9:$BG$41,COLUMN()-5,FALSE),"نیرو",VLOOKUP(INDEX($D$5:$D$261,$E13),'نمودار توزیع نیرو ب'!$A$9:$BG$38,COLUMN()-5,FALSE),""))} -> 342.3 | J13: {=IF($E13="","",_xlfn.SWITCH(LEFT(INDEX($B$5:$B$261,$E13),FIND("|",INDEX($B$5:$B$261,$E13))-1),"ابنیه",VLOOKUP(INDEX($D$5:$D$261,$E13),'نمودار ابنیه'!$A$9:$BG$37,COLUMN()-5,FALSE),"مکانیکی",VLOOKUP(INDEX($D$5:$D$261,$E13),'نمودار مکانیکی'!$A$9:$BG$43,COLUMN()-5,FALSE),"برقی",VLOOKUP(INDEX($D$5:$D$261,$E13),'نمودار تاسیسات برقی'!$A$9:$BG$44,COLUMN()-5,FALSE),"خطوط",VLOOKUP(INDEX($D$5:$D$261,$E13),'نمودار خطوط انتقال '!$A$9:$BG$26,COLUMN()-5,FALSE),"شبکه",VLOOKUP(INDEX($D$5:$D$261,$E13),'نمودار شبکه توزیع آ'!$A$9:$BG$22,COLUMN()-5,FALSE),"سد",VLOOKUP(INDEX($D$5:$D$261,$E13),'نمودار سدسازی'!$A$9:$BG$23,COLUMN()-5,FALSE),"فاضلاب",VLOOKUP(INDEX($D$5:$D$261,$E13),'نمودار جمع‌آوری و ا'!$A$9:$BG$26,COLUMN()-5,FALSE),"تجهیزات",VLOOKUP(INDEX($D$5:$D$261,$E13),'نمودار تجهیزات آب و'!$A$9:$BG$42,COLUMN()-5,FALSE),"پست",VLOOKUP(INDEX($D$5:$D$261,$E13),'نمودار پست های انتق'!$A$9:$BG$41,COLUMN()-5,FALSE),"نیرو",VLOOKUP(INDEX($D$5:$D$261,$E13),'نمودار توزیع نیرو ب'!$A$9:$BG$38,COLUMN()-5,FALSE),""))} -> 365 | K13: {=IF($E13="","",_xlfn.SWITCH(LEFT(INDEX($B$5:$B$261,$E13),FIND("|",INDEX($B$5:$B$261,$E13))-1),"ابنیه",VLOOKUP(INDEX($D$5:$D$261,$E13),'نمودار ابنیه'!$A$9:$BG$37,COLUMN()-5,FALSE),"مکانیکی",VLOOKUP(INDEX($D$5:$D$261,$E13),'نمودار مکانیکی'!$A$9:$BG$43,COLUMN()-5,FALSE),"برقی",VLOOKUP(INDEX($D$5:$D$261,$E13),'نمودار تاسیسات برقی'!$A$9:$BG$44,COLUMN()-5,FALSE),"خطوط",VLOOKUP(INDEX($D$5:$D$261,$E13),'نمودار خطوط انتقال '!$A$9:$BG$26,COLUMN()-5,FALSE),"شبکه",VLOOKUP(INDEX($D$5:$D$261,$E13),'نمودار شبکه توزیع آ'!$A$9:$BG$22,COLUMN()-5,FALSE),"سد",VLOOKUP(INDEX($D$5:$D$261,$E13),'نمودار سدسازی'!$A$9:$BG$23,COLUMN()-5,FALSE),"فاضلاب",VLOOKUP(INDEX($D$5:$D$261,$E13),'نمودار جمع‌آوری و ا'!$A$9:$BG$26,COLUMN()-5,FALSE),"تجهیزات",VLOOKUP(INDEX($D$5:$D$261,$E13),'نمودار تجهیزات آب و'!$A$9:$BG$42,COLUMN()-5,FALSE),"پست",VLOOKUP(INDEX($D$5:$D$261,$E13),'نمودار پست های انتق'!$A$9:$BG$41,COLUMN()-5,FALSE),"نیرو",VLOOKUP(INDEX($D$5:$D$261,$E13),'نمودار توزیع نیرو ب'!$A$9:$BG$38,COLUMN()-5,FALSE),""))} -> 393 | L13: {=IF($E13="","",_xlfn.SWITCH(LEFT(INDEX($B$5:$B$261,$E13),FIND("|",INDEX($B$5:$B$261,$E13))-1),"ابنیه",VLOOKUP(INDEX($D$5:$D$261,$E13),'نمودار ابنیه'!$A$9:$BG$37,COLUMN()-5,FALSE),"مکانیکی",VLOOKUP(INDEX($D$5:$D$261,$E13),'نمودار مکانیکی'!$A$9:$BG$43,COLUMN()-5,FALSE),"برقی",VLOOKUP(INDEX($D$5:$D$261,$E13),'نمودار تاسیسات برقی'!$A$9:$BG$44,COLUMN()-5,FALSE),"خطوط",VLOOKUP(INDEX($D$5:$D$261,$E13),'نمودار خطوط انتقال '!$A$9:$BG$26,COLUMN()-5,FALSE),"شبکه",VLOOKUP(INDEX($D$5:$D$261,$E13),'نمودار شبکه توزیع آ'!$A$9:$BG$22,COLUMN()-5,FALSE),"سد",VLOOKUP(INDEX($D$5:$D$261,$E13),'نمودار سدسازی'!$A$9:$BG$23,COLUMN()-5,FALSE),"فاضلاب",VLOOKUP(INDEX($D$5:$D$261,$E13),'نمودار جمع‌آوری و ا'!$A$9:$BG$26,COLUMN()-5,FALSE),"تجهیزات",VLOOKUP(INDEX($D$5:$D$261,$E13),'نمودار تجهیزات آب و'!$A$9:$BG$42,COLUMN()-5,FALSE),"پست",VLOOKUP(INDEX($D$5:$D$261,$E13),'نمودار پست های انتق'!$A$9:$BG$41,COLUMN()-5,FALSE),"نیرو",VLOOKUP(INDEX($D$5:$D$261,$E13),'نمودار توزیع نیرو ب'!$A$9:$BG$38,COLUMN()-5,FALSE),""))} -> 432.5 | M13: {=IF($E13="","",_xlfn.SWITCH(LEFT(INDEX($B$5:$B$261,$E13),FIND("|",INDEX($B$5:$B$261,$E13))-1),"ابنیه",VLOOKUP(INDEX($D$5:$D$261,$E13),'نمودار ابنیه'!$A$9:$BG$37,COLUMN()-5,FALSE),"مکانیکی",VLOOKUP(INDEX($D$5:$D$261,$E13),'نمودار مکانیکی'!$A$9:$BG$43,COLUMN()-5,FALSE),"برقی",VLOOKUP(INDEX($D$5:$D$261,$E13),'نمودار تاسیسات برقی'!$A$9:$BG$44,COLUMN()-5,FALSE),"خطوط",VLOOKUP(INDEX($D$5:$D$261,$E13),'نمودار خطوط انتقال '!$A$9:$BG$26,COLUMN()-5,FALSE),"شبکه",VLOOKUP(INDEX($D$5:$D$261,$E13),'نمودار شبکه توزیع آ'!$A$9:$BG$22,COLUMN()-5,FALSE),"سد",VLOOKUP(INDEX($D$5:$D$261,$E13),'نمودار سدسازی'!$A$9:$BG$23,COLUMN()-5,FALSE),"فاضلاب",VLOOKUP(INDEX($D$5:$D$261,$E13),'نمودار جمع‌آوری و ا'!$A$9:$BG$26,COLUMN()-5,FALSE),"تجهیزات",VLOOKUP(INDEX($D$5:$D$261,$E13),'نمودار تجهیزات آب و'!$A$9:$BG$42,COLUMN()-5,FALSE),"پست",VLOOKUP(INDEX($D$5:$D$261,$E13),'نمودار پست های انتق'!$A$9:$BG$41,COLUMN()-5,FALSE),"نیرو",VLOOKUP(INDEX($D$5:$D$261,$E13),'نمودار توزیع نیرو ب'!$A$9:$BG$38,COLUMN()-5,FALSE),""))} -> 652.8 | N13: {=IF($E13="","",_xlfn.SWITCH(LEFT(INDEX($B$5:$B$261,$E13),FIND("|",INDEX($B$5:$B$261,$E13))-1),"ابنیه",VLOOKUP(INDEX($D$5:$D$261,$E13),'نمودار ابنیه'!$A$9:$BG$37,COLUMN()-5,FALSE),"مکانیکی",VLOOKUP(INDEX($D$5:$D$261,$E13),'نمودار مکانیکی'!$A$9:$BG$43,COLUMN()-5,FALSE),"برقی",VLOOKUP(INDEX($D$5:$D$261,$E13),'نمودار تاسیسات برقی'!$A$9:$BG$44,COLUMN()-5,FALSE),"خطوط",VLOOKUP(INDEX($D$5:$D$261,$E13),'نمودار خطوط انتقال '!$A$9:$BG$26,COLUMN()-5,FALSE),"شبکه",VLOOKUP(INDEX($D$5:$D$261,$E13),'نمودار شبکه توزیع آ'!$A$9:$BG$22,COLUMN()-5,FALSE),"سد",VLOOKUP(INDEX($D$5:$D$261,$E13),'نمودار سدسازی'!$A$9:$BG$23,COLUMN()-5,FALSE),"فاضلاب",VLOOKUP(INDEX($D$5:$D$261,$E13),'نمودار جمع‌آوری و ا'!$A$9:$BG$26,COLUMN()-5,FALSE),"تجهیزات",VLOOKUP(INDEX($D$5:$D$261,$E13),'نمودار تجهیزات آب و'!$A$9:$BG$42,COLUMN()-5,FALSE),"پست",VLOOKUP(INDEX($D$5:$D$261,$E13),'نمودار پست های انتق'!$A$9:$BG$41,COLUMN()-5,FALSE),"نیرو",VLOOKUP(INDEX($D$5:$D$261,$E13),'نمودار توزیع نیرو ب'!$A$9:$BG$38,COLUMN()-5,FALSE),""))} -> 660.2 | ... BL13: {=IF($E13="","",_xlfn.SWITCH(LEFT(INDEX($B$5:$B$261,$E13),FIND("|",INDEX($B$5:$B$261,$E13))-1),"ابنیه",VLOOKUP(INDEX($D$5:$D$261,$E13),'نمودار ابنیه'!$A$9:$BG$37,COLUMN()-5,FALSE),"مکانیکی",VLOOKUP(INDEX($D$5:$D$261,$E13),'نمودار مکانیکی'!$A$9:$BG$43,COLUMN()-5,FALSE),"برقی",VLOOKUP(INDEX($D$5:$D$261,$E13),'نمودار تاسیسات برقی'!$A$9:$BG$44,COLUMN()-5,FALSE),"خطوط",VLOOKUP(INDEX($D$5:$D$261,$E13),'نمودار خطوط انتقال '!$A$9:$BG$26,COLUMN()-5,FALSE),"شبکه",VLOOKUP(INDEX($D$5:$D$261,$E13),'نمودار شبکه توزیع آ'!$A$9:$BG$22,COLUMN()-5,FALSE),"سد",VLOOKUP(INDEX($D$5:$D$261,$E13),'نمودار سدسازی'!$A$9:$BG$23,COLUMN()-5,FALSE),"فاضلاب",VLOOKUP(INDEX($D$5:$D$261,$E13),'نمودار جمع‌آوری و ا'!$A$9:$BG$26,COLUMN()-5,FALSE),"تجهیزات",VLOOKUP(INDEX($D$5:$D$261,$E13),'نمودار تجهیزات آب و'!$A$9:$BG$42,COLUMN()-5,FALSE),"پست",VLOOKUP(INDEX($D$5:$D$261,$E13),'نمودار پست های انتق'!$A$9:$BG$41,COLUMN()-5,FALSE),"نیرو",VLOOKUP(INDEX($D$5:$D$261,$E13),'نمودار توزیع نیرو ب'!$A$9:$BG$38,COLUMN()-5,FALSE),""))} -> 7958.2
A14: 10 | B14: ابنیه|Buildings | C14: {=_xlfn.SWITCH(LEFT(B14,FIND("|",B14)-1),"ابنیه",HLOOKUP(D14,'نمودار ابنیه'!$B$5:$AD$6,2,FALSE),"مکانیکی",HLOOKUP(D14,'نمودار مکانیکی'!$B$5:$AJ$6,2,FALSE),"برقی",HLOOKUP(D14,'نمودار تاسیسات برقی'!$B$5:$AK$6,2,FALSE),"خطوط",HLOOKUP(D14,'نمودار خطوط انتقال '!$B$5:$R$6,2,FALSE),"شبکه",HLOOKUP(D14,'نمودار شبکه توزیع آ'!$B$5:$O$6,2,FALSE),"سد",HLOOKUP(D14,'نمودار سدسازی'!$B$5:$P$6,2,FALSE),"فاضلاب",HLOOKUP(D14,'نمودار جمع‌آوری و ا'!$B$5:$S$6,2,FALSE),"تجهیزات",HLOOKUP(D14,'نمودار تجهیزات آب و'!$B$5:$AG$6,2,FALSE),"پست",HLOOKUP(D14,'نمودار پست های انتق'!$B$5:$AH$6,2,FALSE),"نیرو",HLOOKUP(D14,'نمودار توزیع نیرو ب'!$B$5:$AE$6,2,FALSE),FALSE)} -> FALSE | D14: سقف سبک بتنی | E14: {=IFERROR(_xlfn.AGGREGATE(15,6,ROW($C$5:$C$261)/($C$5:$C$261=TRUE),9)-4,"")} -> 63 | F14: {=IF($E14="","",LEFT(INDEX($B$5:$B$261,$E14),FIND("|",INDEX($B$5:$B$261,$E14))-1)&":"&LEFT(INDEX($D$5:$D$261,$E14),20))} -> برقی:چراغ های فلورسنت | G14: {=IF($E14="","",_xlfn.SWITCH(LEFT(INDEX($B$5:$B$261,$E14),FIND("|",INDEX($B$5:$B$261,$E14))-1),"ابنیه",VLOOKUP(INDEX($D$5:$D$261,$E14),'نمودار ابنیه'!$A$9:$BG$37,COLUMN()-5,FALSE),"مکانیکی",VLOOKUP(INDEX($D$5:$D$261,$E14),'نمودار مکانیکی'!$A$9:$BG$43,COLUMN()-5,FALSE),"برقی",VLOOKUP(INDEX($D$5:$D$261,$E14),'نمودار تاسیسات برقی'!$A$9:$BG$44,COLUMN()-5,FALSE),"خطوط",VLOOKUP(INDEX($D$5:$D$261,$E14),'نمودار خطوط انتقال '!$A$9:$BG$26,COLUMN()-5,FALSE),"شبکه",VLOOKUP(INDEX($D$5:$D$261,$E14),'نمودار شبکه توزیع آ'!$A$9:$BG$22,COLUMN()-5,FALSE),"سد",VLOOKUP(INDEX($D$5:$D$261,$E14),'نمودار سدسازی'!$A$9:$BG$23,COLUMN()-5,FALSE),"فاضلاب",VLOOKUP(INDEX($D$5:$D$261,$E14),'نمودار جمع‌آوری و ا'!$A$9:$BG$26,COLUMN()-5,FALSE),"تجهیزات",VLOOKUP(INDEX($D$5:$D$261,$E14),'نمودار تجهیزات آب و'!$A$9:$BG$42,COLUMN()-5,FALSE),"پست",VLOOKUP(INDEX($D$5:$D$261,$E14),'نمودار پست های انتق'!$A$9:$BG$41,COLUMN()-5,FALSE),"نیرو",VLOOKUP(INDEX($D$5:$D$261,$E14),'نمودار توزیع نیرو ب'!$A$9:$BG$38,COLUMN()-5,FALSE),""))} -> 219 | H14: {=IF($E14="","",_xlfn.SWITCH(LEFT(INDEX($B$5:$B$261,$E14),FIND("|",INDEX($B$5:$B$261,$E14))-1),"ابنیه",VLOOKUP(INDEX($D$5:$D$261,$E14),'نمودار ابنیه'!$A$9:$BG$37,COLUMN()-5,FALSE),"مکانیکی",VLOOKUP(INDEX($D$5:$D$261,$E14),'نمودار مکانیکی'!$A$9:$BG$43,COLUMN()-5,FALSE),"برقی",VLOOKUP(INDEX($D$5:$D$261,$E14),'نمودار تاسیسات برقی'!$A$9:$BG$44,COLUMN()-5,FALSE),"خطوط",VLOOKUP(INDEX($D$5:$D$261,$E14),'نمودار خطوط انتقال '!$A$9:$BG$26,COLUMN()-5,FALSE),"شبکه",VLOOKUP(INDEX($D$5:$D$261,$E14),'نمودار شبکه توزیع آ'!$A$9:$BG$22,COLUMN()-5,FALSE),"سد",VLOOKUP(INDEX($D$5:$D$261,$E14),'نمودار سدسازی'!$A$9:$BG$23,COLUMN()-5,FALSE),"فاضلاب",VLOOKUP(INDEX($D$5:$D$261,$E14),'نمودار جمع‌آوری و ا'!$A$9:$BG$26,COLUMN()-5,FALSE),"تجهیزات",VLOOKUP(INDEX($D$5:$D$261,$E14),'نمودار تجهیزات آب و'!$A$9:$BG$42,COLUMN()-5,FALSE),"پست",VLOOKUP(INDEX($D$5:$D$261,$E14),'نمودار پست های انتق'!$A$9:$BG$41,COLUMN()-5,FALSE),"نیرو",VLOOKUP(INDEX($D$5:$D$261,$E14),'نمودار توزیع نیرو ب'!$A$9:$BG$38,COLUMN()-5,FALSE),""))} -> 219.3 | I14: {=IF($E14="","",_xlfn.SWITCH(LEFT(INDEX($B$5:$B$261,$E14),FIND("|",INDEX($B$5:$B$261,$E14))-1),"ابنیه",VLOOKUP(INDEX($D$5:$D$261,$E14),'نمودار ابنیه'!$A$9:$BG$37,COLUMN()-5,FALSE),"مکانیکی",VLOOKUP(INDEX($D$5:$D$261,$E14),'نمودار مکانیکی'!$A$9:$BG$43,COLUMN()-5,FALSE),"برقی",VLOOKUP(INDEX($D$5:$D$261,$E14),'نمودار تاسیسات برقی'!$A$9:$BG$44,COLUMN()-5,FALSE),"خطوط",VLOOKUP(INDEX($D$5:$D$261,$E14),'نمودار خطوط انتقال '!$A$9:$BG$26,COLUMN()-5,FALSE),"شبکه",VLOOKUP(INDEX($D$5:$D$261,$E14),'نمودار شبکه توزیع آ'!$A$9:$BG$22,COLUMN()-5,FALSE),"سد",VLOOKUP(INDEX($D$5:$D$261,$E14),'نمودار سدسازی'!$A$9:$BG$23,COLUMN()-5,FALSE),"فاضلاب",VLOOKUP(INDEX($D$5:$D$261,$E14),'نمودار جمع‌آوری و ا'!$A$9:$BG$26,COLUMN()-5,FALSE),"تجهیزات",VLOOKUP(INDEX($D$5:$D$261,$E14),'نمودار تجهیزات آب و'!$A$9:$BG$42,COLUMN()-5,FALSE),"پست",VLOOKUP(INDEX($D$5:$D$261,$E14),'نمودار پست های انتق'!$A$9:$BG$41,COLUMN()-5,FALSE),"نیرو",VLOOKUP(INDEX($D$5:$D$261,$E14),'نمودار توزیع نیرو ب'!$A$9:$BG$38,COLUMN()-5,FALSE),""))} -> 219.8 | J14: {=IF($E14="","",_xlfn.SWITCH(LEFT(INDEX($B$5:$B$261,$E14),FIND("|",INDEX($B$5:$B$261,$E14))-1),"ابنیه",VLOOKUP(INDEX($D$5:$D$261,$E14),'نمودار ابنیه'!$A$9:$BG$37,COLUMN()-5,FALSE),"مکانیکی",VLOOKUP(INDEX($D$5:$D$261,$E14),'نمودار مکانیکی'!$A$9:$BG$43,COLUMN()-5,FALSE),"برقی",VLOOKUP(INDEX($D$5:$D$261,$E14),'نمودار تاسیسات برقی'!$A$9:$BG$44,COLUMN()-5,FALSE),"خطوط",VLOOKUP(INDEX($D$5:$D$261,$E14),'نمودار خطوط انتقال '!$A$9:$BG$26,COLUMN()-5,FALSE),"شبکه",VLOOKUP(INDEX($D$5:$D$261,$E14),'نمودار شبکه توزیع آ'!$A$9:$BG$22,COLUMN()-5,FALSE),"سد",VLOOKUP(INDEX($D$5:$D$261,$E14),'نمودار سدسازی'!$A$9:$BG$23,COLUMN()-5,FALSE),"فاضلاب",VLOOKUP(INDEX($D$5:$D$261,$E14),'نمودار جمع‌آوری و ا'!$A$9:$BG$26,COLUMN()-5,FALSE),"تجهیزات",VLOOKUP(INDEX($D$5:$D$261,$E14),'نمودار تجهیزات آب و'!$A$9:$BG$42,COLUMN()-5,FALSE),"پست",VLOOKUP(INDEX($D$5:$D$261,$E14),'نمودار پست های انتق'!$A$9:$BG$41,COLUMN()-5,FALSE),"نیرو",VLOOKUP(INDEX($D$5:$D$261,$E14),'نمودار توزیع نیرو ب'!$A$9:$BG$38,COLUMN()-5,FALSE),""))} -> 249.5 | K14: {=IF($E14="","",_xlfn.SWITCH(LEFT(INDEX($B$5:$B$261,$E14),FIND("|",INDEX($B$5:$B$261,$E14))-1),"ابنیه",VLOOKUP(INDEX($D$5:$D$261,$E14),'نمودار ابنیه'!$A$9:$BG$37,COLUMN()-5,FALSE),"مکانیکی",VLOOKUP(INDEX($D$5:$D$261,$E14),'نمودار مکانیکی'!$A$9:$BG$43,COLUMN()-5,FALSE),"برقی",VLOOKUP(INDEX($D$5:$D$261,$E14),'نمودار تاسیسات برقی'!$A$9:$BG$44,COLUMN()-5,FALSE),"خطوط",VLOOKUP(INDEX($D$5:$D$261,$E14),'نمودار خطوط انتقال '!$A$9:$BG$26,COLUMN()-5,FALSE),"شبکه",VLOOKUP(INDEX($D$5:$D$261,$E14),'نمودار شبکه توزیع آ'!$A$9:$BG$22,COLUMN()-5,FALSE),"سد",VLOOKUP(INDEX($D$5:$D$261,$E14),'نمودار سدسازی'!$A$9:$BG$23,COLUMN()-5,FALSE),"فاضلاب",VLOOKUP(INDEX($D$5:$D$261,$E14),'نمودار جمع‌آوری و ا'!$A$9:$BG$26,COLUMN()-5,FALSE),"تجهیزات",VLOOKUP(INDEX($D$5:$D$261,$E14),'نمودار تجهیزات آب و'!$A$9:$BG$42,COLUMN()-5,FALSE),"پست",VLOOKUP(INDEX($D$5:$D$261,$E14),'نمودار پست های انتق'!$A$9:$BG$41,COLUMN()-5,FALSE),"نیرو",VLOOKUP(INDEX($D$5:$D$261,$E14),'نمودار توزیع نیرو ب'!$A$9:$BG$38,COLUMN()-5,FALSE),""))} -> 287.9 | L14: {=IF($E14="","",_xlfn.SWITCH(LEFT(INDEX($B$5:$B$261,$E14),FIND("|",INDEX($B$5:$B$261,$E14))-1),"ابنیه",VLOOKUP(INDEX($D$5:$D$261,$E14),'نمودار ابنیه'!$A$9:$BG$37,COLUMN()-5,FALSE),"مکانیکی",VLOOKUP(INDEX($D$5:$D$261,$E14),'نمودار مکانیکی'!$A$9:$BG$43,COLUMN()-5,FALSE),"برقی",VLOOKUP(INDEX($D$5:$D$261,$E14),'نمودار تاسیسات برقی'!$A$9:$BG$44,COLUMN()-5,FALSE),"خطوط",VLOOKUP(INDEX($D$5:$D$261,$E14),'نمودار خطوط انتقال '!$A$9:$BG$26,COLUMN()-5,FALSE),"شبکه",VLOOKUP(INDEX($D$5:$D$261,$E14),'نمودار شبکه توزیع آ'!$A$9:$BG$22,COLUMN()-5,FALSE),"سد",VLOOKUP(INDEX($D$5:$D$261,$E14),'نمودار سدسازی'!$A$9:$BG$23,COLUMN()-5,FALSE),"فاضلاب",VLOOKUP(INDEX($D$5:$D$261,$E14),'نمودار جمع‌آوری و ا'!$A$9:$BG$26,COLUMN()-5,FALSE),"تجهیزات",VLOOKUP(INDEX($D$5:$D$261,$E14),'نمودار تجهیزات آب و'!$A$9:$BG$42,COLUMN()-5,FALSE),"پست",VLOOKUP(INDEX($D$5:$D$261,$E14),'نمودار پست های انتق'!$A$9:$BG$41,COLUMN()-5,FALSE),"نیرو",VLOOKUP(INDEX($D$5:$D$261,$E14),'نمودار توزیع نیرو ب'!$A$9:$BG$38,COLUMN()-5,FALSE),""))} -> 334.4 | M14: {=IF($E14="","",_xlfn.SWITCH(LEFT(INDEX($B$5:$B$261,$E14),FIND("|",INDEX($B$5:$B$261,$E14))-1),"ابنیه",VLOOKUP(INDEX($D$5:$D$261,$E14),'نمودار ابنیه'!$A$9:$BG$37,COLUMN()-5,FALSE),"مکانیکی",VLOOKUP(INDEX($D$5:$D$261,$E14),'نمودار مکانیکی'!$A$9:$BG$43,COLUMN()-5,FALSE),"برقی",VLOOKUP(INDEX($D$5:$D$261,$E14),'نمودار تاسیسات برقی'!$A$9:$BG$44,COLUMN()-5,FALSE),"خطوط",VLOOKUP(INDEX($D$5:$D$261,$E14),'نمودار خطوط انتقال '!$A$9:$BG$26,COLUMN()-5,FALSE),"شبکه",VLOOKUP(INDEX($D$5:$D$261,$E14),'نمودار شبکه توزیع آ'!$A$9:$BG$22,COLUMN()-5,FALSE),"سد",VLOOKUP(INDEX($D$5:$D$261,$E14),'نمودار سدسازی'!$A$9:$BG$23,COLUMN()-5,FALSE),"فاضلاب",VLOOKUP(INDEX($D$5:$D$261,$E14),'نمودار جمع‌آوری و ا'!$A$9:$BG$26,COLUMN()-5,FALSE),"تجهیزات",VLOOKUP(INDEX($D$5:$D$261,$E14),'نمودار تجهیزات آب و'!$A$9:$BG$42,COLUMN()-5,FALSE),"پست",VLOOKUP(INDEX($D$5:$D$261,$E14),'نمودار پست های انتق'!$A$9:$BG$41,COLUMN()-5,FALSE),"نیرو",VLOOKUP(INDEX($D$5:$D$261,$E14),'نمودار توزیع نیرو ب'!$A$9:$BG$38,COLUMN()-5,FALSE),""))} -> 348.6 | N14: {=IF($E14="","",_xlfn.SWITCH(LEFT(INDEX($B$5:$B$261,$E14),FIND("|",INDEX($B$5:$B$261,$E14))-1),"ابنیه",VLOOKUP(INDEX($D$5:$D$261,$E14),'نمودار ابنیه'!$A$9:$BG$37,COLUMN()-5,FALSE),"مکانیکی",VLOOKUP(INDEX($D$5:$D$261,$E14),'نمودار مکانیکی'!$A$9:$BG$43,COLUMN()-5,FALSE),"برقی",VLOOKUP(INDEX($D$5:$D$261,$E14),'نمودار تاسیسات برقی'!$A$9:$BG$44,COLUMN()-5,FALSE),"خطوط",VLOOKUP(INDEX($D$5:$D$261,$E14),'نمودار خطوط انتقال '!$A$9:$BG$26,COLUMN()-5,FALSE),"شبکه",VLOOKUP(INDEX($D$5:$D$261,$E14),'نمودار شبکه توزیع آ'!$A$9:$BG$22,COLUMN()-5,FALSE),"سد",VLOOKUP(INDEX($D$5:$D$261,$E14),'نمودار سدسازی'!$A$9:$BG$23,COLUMN()-5,FALSE),"فاضلاب",VLOOKUP(INDEX($D$5:$D$261,$E14),'نمودار جمع‌آوری و ا'!$A$9:$BG$26,COLUMN()-5,FALSE),"تجهیزات",VLOOKUP(INDEX($D$5:$D$261,$E14),'نمودار تجهیزات آب و'!$A$9:$BG$42,COLUMN()-5,FALSE),"پست",VLOOKUP(INDEX($D$5:$D$261,$E14),'نمودار پست های انتق'!$A$9:$BG$41,COLUMN()-5,FALSE),"نیرو",VLOOKUP(INDEX($D$5:$D$261,$E14),'نمودار توزیع نیرو ب'!$A$9:$BG$38,COLUMN()-5,FALSE),""))} -> 349.3 | ... BL14: {=IF($E14="","",_xlfn.SWITCH(LEFT(INDEX($B$5:$B$261,$E14),FIND("|",INDEX($B$5:$B$261,$E14))-1),"ابنیه",VLOOKUP(INDEX($D$5:$D$261,$E14),'نمودار ابنیه'!$A$9:$BG$37,COLUMN()-5,FALSE),"مکانیکی",VLOOKUP(INDEX($D$5:$D$261,$E14),'نمودار مکانیکی'!$A$9:$BG$43,COLUMN()-5,FALSE),"برقی",VLOOKUP(INDEX($D$5:$D$261,$E14),'نمودار تاسیسات برقی'!$A$9:$BG$44,COLUMN()-5,FALSE),"خطوط",VLOOKUP(INDEX($D$5:$D$261,$E14),'نمودار خطوط انتقال '!$A$9:$BG$26,COLUMN()-5,FALSE),"شبکه",VLOOKUP(INDEX($D$5:$D$261,$E14),'نمودار شبکه توزیع آ'!$A$9:$BG$22,COLUMN()-5,FALSE),"سد",VLOOKUP(INDEX($D$5:$D$261,$E14),'نمودار سدسازی'!$A$9:$BG$23,COLUMN()-5,FALSE),"فاضلاب",VLOOKUP(INDEX($D$5:$D$261,$E14),'نمودار جمع‌آوری و ا'!$A$9:$BG$26,COLUMN()-5,FALSE),"تجهیزات",VLOOKUP(INDEX($D$5:$D$261,$E14),'نمودار تجهیزات آب و'!$A$9:$BG$42,COLUMN()-5,FALSE),"پست",VLOOKUP(INDEX($D$5:$D$261,$E14),'نمودار پست های انتق'!$A$9:$BG$41,COLUMN()-5,FALSE),"نیرو",VLOOKUP(INDEX($D$5:$D$261,$E14),'نمودار توزیع نیرو ب'!$A$9:$BG$38,COLUMN()-5,FALSE),""))} -> 4582.8
A15: 11 | B15: ابنیه|Buildings | C15: {=_xlfn.SWITCH(LEFT(B15,FIND("|",B15)-1),"ابنیه",HLOOKUP(D15,'نمودار ابنیه'!$B$5:$AD$6,2,FALSE),"مکانیکی",HLOOKUP(D15,'نمودار مکانیکی'!$B$5:$AJ$6,2,FALSE),"برقی",HLOOKUP(D15,'نمودار تاسیسات برقی'!$B$5:$AK$6,2,FALSE),"خطوط",HLOOKUP(D15,'نمودار خطوط انتقال '!$B$5:$R$6,2,FALSE),"شبکه",HLOOKUP(D15,'نمودار شبکه توزیع آ'!$B$5:$O$6,2,FALSE),"سد",HLOOKUP(D15,'نمودار سدسازی'!$B$5:$P$6,2,FALSE),"فاضلاب",HLOOKUP(D15,'نمودار جمع‌آوری و ا'!$B$5:$S$6,2,FALSE),"تجهیزات",HLOOKUP(D15,'نمودار تجهیزات آب و'!$B$5:$AG$6,2,FALSE),"پست",HLOOKUP(D15,'نمودار پست های انتق'!$B$5:$AH$6,2,FALSE),"نیرو",HLOOKUP(D15,'نمودار توزیع نیرو ب'!$B$5:$AE$6,2,FALSE),FALSE)} -> FALSE | D15: آجرکاری و شفته ریزی | E15: {=IFERROR(_xlfn.AGGREGATE(15,6,ROW($C$5:$C$261)/($C$5:$C$261=TRUE),10)-4,"")} -> 64 | F15: {=IF($E15="","",LEFT(INDEX($B$5:$B$261,$E15),FIND("|",INDEX($B$5:$B$261,$E15))-1)&":"&LEFT(INDEX($D$5:$D$261,$E15),20))} -> برقی:چراغ ها با لامپهای ک | G15: {=IF($E15="","",_xlfn.SWITCH(LEFT(INDEX($B$5:$B$261,$E15),FIND("|",INDEX($B$5:$B$261,$E15))-1),"ابنیه",VLOOKUP(INDEX($D$5:$D$261,$E15),'نمودار ابنیه'!$A$9:$BG$37,COLUMN()-5,FALSE),"مکانیکی",VLOOKUP(INDEX($D$5:$D$261,$E15),'نمودار مکانیکی'!$A$9:$BG$43,COLUMN()-5,FALSE),"برقی",VLOOKUP(INDEX($D$5:$D$261,$E15),'نمودار تاسیسات برقی'!$A$9:$BG$44,COLUMN()-5,FALSE),"خطوط",VLOOKUP(INDEX($D$5:$D$261,$E15),'نمودار خطوط انتقال '!$A$9:$BG$26,COLUMN()-5,FALSE),"شبکه",VLOOKUP(INDEX($D$5:$D$261,$E15),'نمودار شبکه توزیع آ'!$A$9:$BG$22,COLUMN()-5,FALSE),"سد",VLOOKUP(INDEX($D$5:$D$261,$E15),'نمودار سدسازی'!$A$9:$BG$23,COLUMN()-5,FALSE),"فاضلاب",VLOOKUP(INDEX($D$5:$D$261,$E15),'نمودار جمع‌آوری و ا'!$A$9:$BG$26,COLUMN()-5,FALSE),"تجهیزات",VLOOKUP(INDEX($D$5:$D$261,$E15),'نمودار تجهیزات آب و'!$A$9:$BG$42,COLUMN()-5,FALSE),"پست",VLOOKUP(INDEX($D$5:$D$261,$E15),'نمودار پست های انتق'!$A$9:$BG$41,COLUMN()-5,FALSE),"نیرو",VLOOKUP(INDEX($D$5:$D$261,$E15),'نمودار توزیع نیرو ب'!$A$9:$BG$38,COLUMN()-5,FALSE),""))} -> 268.3 | H15: {=IF($E15="","",_xlfn.SWITCH(LEFT(INDEX($B$5:$B$261,$E15),FIND("|",INDEX($B$5:$B$261,$E15))-1),"ابنیه",VLOOKUP(INDEX($D$5:$D$261,$E15),'نمودار ابنیه'!$A$9:$BG$37,COLUMN()-5,FALSE),"مکانیکی",VLOOKUP(INDEX($D$5:$D$261,$E15),'نمودار مکانیکی'!$A$9:$BG$43,COLUMN()-5,FALSE),"برقی",VLOOKUP(INDEX($D$5:$D$261,$E15),'نمودار تاسیسات برقی'!$A$9:$BG$44,COLUMN()-5,FALSE),"خطوط",VLOOKUP(INDEX($D$5:$D$261,$E15),'نمودار خطوط انتقال '!$A$9:$BG$26,COLUMN()-5,FALSE),"شبکه",VLOOKUP(INDEX($D$5:$D$261,$E15),'نمودار شبکه توزیع آ'!$A$9:$BG$22,COLUMN()-5,FALSE),"سد",VLOOKUP(INDEX($D$5:$D$261,$E15),'نمودار سدسازی'!$A$9:$BG$23,COLUMN()-5,FALSE),"فاضلاب",VLOOKUP(INDEX($D$5:$D$261,$E15),'نمودار جمع‌آوری و ا'!$A$9:$BG$26,COLUMN()-5,FALSE),"تجهیزات",VLOOKUP(INDEX($D$5:$D$261,$E15),'نمودار تجهیزات آب و'!$A$9:$BG$42,COLUMN()-5,FALSE),"پست",VLOOKUP(INDEX($D$5:$D$261,$E15),'نمودار پست های انتق'!$A$9:$BG$41,COLUMN()-5,FALSE),"نیرو",VLOOKUP(INDEX($D$5:$D$261,$E15),'نمودار توزیع نیرو ب'!$A$9:$BG$38,COLUMN()-5,FALSE),""))} -> 269.3 | I15: {=IF($E15="","",_xlfn.SWITCH(LEFT(INDEX($B$5:$B$261,$E15),FIND("|",INDEX($B$5:$B$261,$E15))-1),"ابنیه",VLOOKUP(INDEX($D$5:$D$261,$E15),'نمودار ابنیه'!$A$9:$BG$37,COLUMN()-5,FALSE),"مکانیکی",VLOOKUP(INDEX($D$5:$D$261,$E15),'نمودار مکانیکی'!$A$9:$BG$43,COLUMN()-5,FALSE),"برقی",VLOOKUP(INDEX($D$5:$D$261,$E15),'نمودار تاسیسات برقی'!$A$9:$BG$44,COLUMN()-5,FALSE),"خطوط",VLOOKUP(INDEX($D$5:$D$261,$E15),'نمودار خطوط انتقال '!$A$9:$BG$26,COLUMN()-5,FALSE),"شبکه",VLOOKUP(INDEX($D$5:$D$261,$E15),'نمودار شبکه توزیع آ'!$A$9:$BG$22,COLUMN()-5,FALSE),"سد",VLOOKUP(INDEX($D$5:$D$261,$E15),'نمودار سدسازی'!$A$9:$BG$23,COLUMN()-5,FALSE),"فاضلاب",VLOOKUP(INDEX($D$5:$D$261,$E15),'نمودار جمع‌آوری و ا'!$A$9:$BG$26,COLUMN()-5,FALSE),"تجهیزات",VLOOKUP(INDEX($D$5:$D$261,$E15),'نمودار تجهیزات آب و'!$A$9:$BG$42,COLUMN()-5,FALSE),"پست",VLOOKUP(INDEX($D$5:$D$261,$E15),'نمودار پست های انتق'!$A$9:$BG$41,COLUMN()-5,FALSE),"نیرو",VLOOKUP(INDEX($D$5:$D$261,$E15),'نمودار توزیع نیرو ب'!$A$9:$BG$38,COLUMN()-5,FALSE),""))} -> 271.1 | J15: {=IF($E15="","",_xlfn.SWITCH(LEFT(INDEX($B$5:$B$261,$E15),FIND("|",INDEX($B$5:$B$261,$E15))-1),"ابنیه",VLOOKUP(INDEX($D$5:$D$261,$E15),'نمودار ابنیه'!$A$9:$BG$37,COLUMN()-5,FALSE),"مکانیکی",VLOOKUP(INDEX($D$5:$D$261,$E15),'نمودار مکانیکی'!$A$9:$BG$43,COLUMN()-5,FALSE),"برقی",VLOOKUP(INDEX($D$5:$D$261,$E15),'نمودار تاسیسات برقی'!$A$9:$BG$44,COLUMN()-5,FALSE),"خطوط",VLOOKUP(INDEX($D$5:$D$261,$E15),'نمودار خطوط انتقال '!$A$9:$BG$26,COLUMN()-5,FALSE),"شبکه",VLOOKUP(INDEX($D$5:$D$261,$E15),'نمودار شبکه توزیع آ'!$A$9:$BG$22,COLUMN()-5,FALSE),"سد",VLOOKUP(INDEX($D$5:$D$261,$E15),'نمودار سدسازی'!$A$9:$BG$23,COLUMN()-5,FALSE),"فاضلاب",VLOOKUP(INDEX($D$5:$D$261,$E15),'نمودار جمع‌آوری و ا'!$A$9:$BG$26,COLUMN()-5,FALSE),"تجهیزات",VLOOKUP(INDEX($D$5:$D$261,$E15),'نمودار تجهیزات آب و'!$A$9:$BG$42,COLUMN()-5,FALSE),"پست",VLOOKUP(INDEX($D$5:$D$261,$E15),'نمودار پست های انتق'!$A$9:$BG$41,COLUMN()-5,FALSE),"نیرو",VLOOKUP(INDEX($D$5:$D$261,$E15),'نمودار توزیع نیرو ب'!$A$9:$BG$38,COLUMN()-5,FALSE),""))} -> 296.7 | K15: {=IF($E15="","",_xlfn.SWITCH(LEFT(INDEX($B$5:$B$261,$E15),FIND("|",INDEX($B$5:$B$261,$E15))-1),"ابنیه",VLOOKUP(INDEX($D$5:$D$261,$E15),'نمودار ابنیه'!$A$9:$BG$37,COLUMN()-5,FALSE),"مکانیکی",VLOOKUP(INDEX($D$5:$D$261,$E15),'نمودار مکانیکی'!$A$9:$BG$43,COLUMN()-5,FALSE),"برقی",VLOOKUP(INDEX($D$5:$D$261,$E15),'نمودار تاسیسات برقی'!$A$9:$BG$44,COLUMN()-5,FALSE),"خطوط",VLOOKUP(INDEX($D$5:$D$261,$E15),'نمودار خطوط انتقال '!$A$9:$BG$26,COLUMN()-5,FALSE),"شبکه",VLOOKUP(INDEX($D$5:$D$261,$E15),'نمودار شبکه توزیع آ'!$A$9:$BG$22,COLUMN()-5,FALSE),"سد",VLOOKUP(INDEX($D$5:$D$261,$E15),'نمودار سدسازی'!$A$9:$BG$23,COLUMN()-5,FALSE),"فاضلاب",VLOOKUP(INDEX($D$5:$D$261,$E15),'نمودار جمع‌آوری و ا'!$A$9:$BG$26,COLUMN()-5,FALSE),"تجهیزات",VLOOKUP(INDEX($D$5:$D$261,$E15),'نمودار تجهیزات آب و'!$A$9:$BG$42,COLUMN()-5,FALSE),"پست",VLOOKUP(INDEX($D$5:$D$261,$E15),'نمودار پست های انتق'!$A$9:$BG$41,COLUMN()-5,FALSE),"نیرو",VLOOKUP(INDEX($D$5:$D$261,$E15),'نمودار توزیع نیرو ب'!$A$9:$BG$38,COLUMN()-5,FALSE),""))} -> 358.4 | L15: {=IF($E15="","",_xlfn.SWITCH(LEFT(INDEX($B$5:$B$261,$E15),FIND("|",INDEX($B$5:$B$261,$E15))-1),"ابنیه",VLOOKUP(INDEX($D$5:$D$261,$E15),'نمودار ابنیه'!$A$9:$BG$37,COLUMN()-5,FALSE),"مکانیکی",VLOOKUP(INDEX($D$5:$D$261,$E15),'نمودار مکانیکی'!$A$9:$BG$43,COLUMN()-5,FALSE),"برقی",VLOOKUP(INDEX($D$5:$D$261,$E15),'نمودار تاسیسات برقی'!$A$9:$BG$44,COLUMN()-5,FALSE),"خطوط",VLOOKUP(INDEX($D$5:$D$261,$E15),'نمودار خطوط انتقال '!$A$9:$BG$26,COLUMN()-5,FALSE),"شبکه",VLOOKUP(INDEX($D$5:$D$261,$E15),'نمودار شبکه توزیع آ'!$A$9:$BG$22,COLUMN()-5,FALSE),"سد",VLOOKUP(INDEX($D$5:$D$261,$E15),'نمودار سدسازی'!$A$9:$BG$23,COLUMN()-5,FALSE),"فاضلاب",VLOOKUP(INDEX($D$5:$D$261,$E15),'نمودار جمع‌آوری و ا'!$A$9:$BG$26,COLUMN()-5,FALSE),"تجهیزات",VLOOKUP(INDEX($D$5:$D$261,$E15),'نمودار تجهیزات آب و'!$A$9:$BG$42,COLUMN()-5,FALSE),"پست",VLOOKUP(INDEX($D$5:$D$261,$E15),'نمودار پست های انتق'!$A$9:$BG$41,COLUMN()-5,FALSE),"نیرو",VLOOKUP(INDEX($D$5:$D$261,$E15),'نمودار توزیع نیرو ب'!$A$9:$BG$38,COLUMN()-5,FALSE),""))} -> 397.7 | M15: {=IF($E15="","",_xlfn.SWITCH(LEFT(INDEX($B$5:$B$261,$E15),FIND("|",INDEX($B$5:$B$261,$E15))-1),"ابنیه",VLOOKUP(INDEX($D$5:$D$261,$E15),'نمودار ابنیه'!$A$9:$BG$37,COLUMN()-5,FALSE),"مکانیکی",VLOOKUP(INDEX($D$5:$D$261,$E15),'نمودار مکانیکی'!$A$9:$BG$43,COLUMN()-5,FALSE),"برقی",VLOOKUP(INDEX($D$5:$D$261,$E15),'نمودار تاسیسات برقی'!$A$9:$BG$44,COLUMN()-5,FALSE),"خطوط",VLOOKUP(INDEX($D$5:$D$261,$E15),'نمودار خطوط انتقال '!$A$9:$BG$26,COLUMN()-5,FALSE),"شبکه",VLOOKUP(INDEX($D$5:$D$261,$E15),'نمودار شبکه توزیع آ'!$A$9:$BG$22,COLUMN()-5,FALSE),"سد",VLOOKUP(INDEX($D$5:$D$261,$E15),'نمودار سدسازی'!$A$9:$BG$23,COLUMN()-5,FALSE),"فاضلاب",VLOOKUP(INDEX($D$5:$D$261,$E15),'نمودار جمع‌آوری و ا'!$A$9:$BG$26,COLUMN()-5,FALSE),"تجهیزات",VLOOKUP(INDEX($D$5:$D$261,$E15),'نمودار تجهیزات آب و'!$A$9:$BG$42,COLUMN()-5,FALSE),"پست",VLOOKUP(INDEX($D$5:$D$261,$E15),'نمودار پست های انتق'!$A$9:$BG$41,COLUMN()-5,FALSE),"نیرو",VLOOKUP(INDEX($D$5:$D$261,$E15),'نمودار توزیع نیرو ب'!$A$9:$BG$38,COLUMN()-5,FALSE),""))} -> 469.7 | N15: {=IF($E15="","",_xlfn.SWITCH(LEFT(INDEX($B$5:$B$261,$E15),FIND("|",INDEX($B$5:$B$261,$E15))-1),"ابنیه",VLOOKUP(INDEX($D$5:$D$261,$E15),'نمودار ابنیه'!$A$9:$BG$37,COLUMN()-5,FALSE),"مکانیکی",VLOOKUP(INDEX($D$5:$D$261,$E15),'نمودار مکانیکی'!$A$9:$BG$43,COLUMN()-5,FALSE),"برقی",VLOOKUP(INDEX($D$5:$D$261,$E15),'نمودار تاسیسات برقی'!$A$9:$BG$44,COLUMN()-5,FALSE),"خطوط",VLOOKUP(INDEX($D$5:$D$261,$E15),'نمودار خطوط انتقال '!$A$9:$BG$26,COLUMN()-5,FALSE),"شبکه",VLOOKUP(INDEX($D$5:$D$261,$E15),'نمودار شبکه توزیع آ'!$A$9:$BG$22,COLUMN()-5,FALSE),"سد",VLOOKUP(INDEX($D$5:$D$261,$E15),'نمودار سدسازی'!$A$9:$BG$23,COLUMN()-5,FALSE),"فاضلاب",VLOOKUP(INDEX($D$5:$D$261,$E15),'نمودار جمع‌آوری و ا'!$A$9:$BG$26,COLUMN()-5,FALSE),"تجهیزات",VLOOKUP(INDEX($D$5:$D$261,$E15),'نمودار تجهیزات آب و'!$A$9:$BG$42,COLUMN()-5,FALSE),"پست",VLOOKUP(INDEX($D$5:$D$261,$E15),'نمودار پست های انتق'!$A$9:$BG$41,COLUMN()-5,FALSE),"نیرو",VLOOKUP(INDEX($D$5:$D$261,$E15),'نمودار توزیع نیرو ب'!$A$9:$BG$38,COLUMN()-5,FALSE),""))} -> 471.8 | ... BL15: {=IF($E15="","",_xlfn.SWITCH(LEFT(INDEX($B$5:$B$261,$E15),FIND("|",INDEX($B$5:$B$261,$E15))-1),"ابنیه",VLOOKUP(INDEX($D$5:$D$261,$E15),'نمودار ابنیه'!$A$9:$BG$37,COLUMN()-5,FALSE),"مکانیکی",VLOOKUP(INDEX($D$5:$D$261,$E15),'نمودار مکانیکی'!$A$9:$BG$43,COLUMN()-5,FALSE),"برقی",VLOOKUP(INDEX($D$5:$D$261,$E15),'نمودار تاسیسات برقی'!$A$9:$BG$44,COLUMN()-5,FALSE),"خطوط",VLOOKUP(INDEX($D$5:$D$261,$E15),'نمودار خطوط انتقال '!$A$9:$BG$26,COLUMN()-5,FALSE),"شبکه",VLOOKUP(INDEX($D$5:$D$261,$E15),'نمودار شبکه توزیع آ'!$A$9:$BG$22,COLUMN()-5,FALSE),"سد",VLOOKUP(INDEX($D$5:$D$261,$E15),'نمودار سدسازی'!$A$9:$BG$23,COLUMN()-5,FALSE),"فاضلاب",VLOOKUP(INDEX($D$5:$D$261,$E15),'نمودار جمع‌آوری و ا'!$A$9:$BG$26,COLUMN()-5,FALSE),"تجهیزات",VLOOKUP(INDEX($D$5:$D$261,$E15),'نمودار تجهیزات آب و'!$A$9:$BG$42,COLUMN()-5,FALSE),"پست",VLOOKUP(INDEX($D$5:$D$261,$E15),'نمودار پست های انتق'!$A$9:$BG$41,COLUMN()-5,FALSE),"نیرو",VLOOKUP(INDEX($D$5:$D$261,$E15),'نمودار توزیع نیرو ب'!$A$9:$BG$38,COLUMN()-5,FALSE),""))} -> 5713.6
A16: 12 | B16: ابنیه|Buildings | C16: {=_xlfn.SWITCH(LEFT(B16,FIND("|",B16)-1),"ابنیه",HLOOKUP(D16,'نمودار ابنیه'!$B$5:$AD$6,2,FALSE),"مکانیکی",HLOOKUP(D16,'نمودار مکانیکی'!$B$5:$AJ$6,2,FALSE),"برقی",HLOOKUP(D16,'نمودار تاسیسات برقی'!$B$5:$AK$6,2,FALSE),"خطوط",HLOOKUP(D16,'نمودار خطوط انتقال '!$B$5:$R$6,2,FALSE),"شبکه",HLOOKUP(D16,'نمودار شبکه توزیع آ'!$B$5:$O$6,2,FALSE),"سد",HLOOKUP(D16,'نمودار سدسازی'!$B$5:$P$6,2,FALSE),"فاضلاب",HLOOKUP(D16,'نمودار جمع‌آوری و ا'!$B$5:$S$6,2,FALSE),"تجهیزات",HLOOKUP(D16,'نمودار تجهیزات آب و'!$B$5:$AG$6,2,FALSE),"پست",HLOOKUP(D16,'نمودار پست های انتق'!$B$5:$AH$6,2,FALSE),"نیرو",HLOOKUP(D16,'نمودار توزیع نیرو ب'!$B$5:$AE$6,2,FALSE),FALSE)} -> FALSE | D16: بتن پیش ساخته و بلوک چینی | E16: {=IFERROR(_xlfn.AGGREGATE(15,6,ROW($C$5:$C$261)/($C$5:$C$261=TRUE),11)-4,"")} -> 65 | F16: {=IF($E16="","",LEFT(INDEX($B$5:$B$261,$E16),FIND("|",INDEX($B$5:$B$261,$E16))-1)&":"&LEFT(INDEX($D$5:$D$261,$E16),20))} -> برقی:چراغ های صنعتی | G16: {=IF($E16="","",_xlfn.SWITCH(LEFT(INDEX($B$5:$B$261,$E16),FIND("|",INDEX($B$5:$B$261,$E16))-1),"ابنیه",VLOOKUP(INDEX($D$5:$D$261,$E16),'نمودار ابنیه'!$A$9:$BG$37,COLUMN()-5,FALSE),"مکانیکی",VLOOKUP(INDEX($D$5:$D$261,$E16),'نمودار مکانیکی'!$A$9:$BG$43,COLUMN()-5,FALSE),"برقی",VLOOKUP(INDEX($D$5:$D$261,$E16),'نمودار تاسیسات برقی'!$A$9:$BG$44,COLUMN()-5,FALSE),"خطوط",VLOOKUP(INDEX($D$5:$D$261,$E16),'نمودار خطوط انتقال '!$A$9:$BG$26,COLUMN()-5,FALSE),"شبکه",VLOOKUP(INDEX($D$5:$D$261,$E16),'نمودار شبکه توزیع آ'!$A$9:$BG$22,COLUMN()-5,FALSE),"سد",VLOOKUP(INDEX($D$5:$D$261,$E16),'نمودار سدسازی'!$A$9:$BG$23,COLUMN()-5,FALSE),"فاضلاب",VLOOKUP(INDEX($D$5:$D$261,$E16),'نمودار جمع‌آوری و ا'!$A$9:$BG$26,COLUMN()-5,FALSE),"تجهیزات",VLOOKUP(INDEX($D$5:$D$261,$E16),'نمودار تجهیزات آب و'!$A$9:$BG$42,COLUMN()-5,FALSE),"پست",VLOOKUP(INDEX($D$5:$D$261,$E16),'نمودار پست های انتق'!$A$9:$BG$41,COLUMN()-5,FALSE),"نیرو",VLOOKUP(INDEX($D$5:$D$261,$E16),'نمودار توزیع نیرو ب'!$A$9:$BG$38,COLUMN()-5,FALSE),""))} -> 253.6 | H16: {=IF($E16="","",_xlfn.SWITCH(LEFT(INDEX($B$5:$B$261,$E16),FIND("|",INDEX($B$5:$B$261,$E16))-1),"ابنیه",VLOOKUP(INDEX($D$5:$D$261,$E16),'نمودار ابنیه'!$A$9:$BG$37,COLUMN()-5,FALSE),"مکانیکی",VLOOKUP(INDEX($D$5:$D$261,$E16),'نمودار مکانیکی'!$A$9:$BG$43,COLUMN()-5,FALSE),"برقی",VLOOKUP(INDEX($D$5:$D$261,$E16),'نمودار تاسیسات برقی'!$A$9:$BG$44,COLUMN()-5,FALSE),"خطوط",VLOOKUP(INDEX($D$5:$D$261,$E16),'نمودار خطوط انتقال '!$A$9:$BG$26,COLUMN()-5,FALSE),"شبکه",VLOOKUP(INDEX($D$5:$D$261,$E16),'نمودار شبکه توزیع آ'!$A$9:$BG$22,COLUMN()-5,FALSE),"سد",VLOOKUP(INDEX($D$5:$D$261,$E16),'نمودار سدسازی'!$A$9:$BG$23,COLUMN()-5,FALSE),"فاضلاب",VLOOKUP(INDEX($D$5:$D$261,$E16),'نمودار جمع‌آوری و ا'!$A$9:$BG$26,COLUMN()-5,FALSE),"تجهیزات",VLOOKUP(INDEX($D$5:$D$261,$E16),'نمودار تجهیزات آب و'!$A$9:$BG$42,COLUMN()-5,FALSE),"پست",VLOOKUP(INDEX($D$5:$D$261,$E16),'نمودار پست های انتق'!$A$9:$BG$41,COLUMN()-5,FALSE),"نیرو",VLOOKUP(INDEX($D$5:$D$261,$E16),'نمودار توزیع نیرو ب'!$A$9:$BG$38,COLUMN()-5,FALSE),""))} -> 254.1 | I16: {=IF($E16="","",_xlfn.SWITCH(LEFT(INDEX($B$5:$B$261,$E16),FIND("|",INDEX($B$5:$B$261,$E16))-1),"ابنیه",VLOOKUP(INDEX($D$5:$D$261,$E16),'نمودار ابنیه'!$A$9:$BG$37,COLUMN()-5,FALSE),"مکانیکی",VLOOKUP(INDEX($D$5:$D$261,$E16),'نمودار مکانیکی'!$A$9:$BG$43,COLUMN()-5,FALSE),"برقی",VLOOKUP(INDEX($D$5:$D$261,$E16),'نمودار تاسیسات برقی'!$A$9:$BG$44,COLUMN()-5,FALSE),"خطوط",VLOOKUP(INDEX($D$5:$D$261,$E16),'نمودار خطوط انتقال '!$A$9:$BG$26,COLUMN()-5,FALSE),"شبکه",VLOOKUP(INDEX($D$5:$D$261,$E16),'نمودار شبکه توزیع آ'!$A$9:$BG$22,COLUMN()-5,FALSE),"سد",VLOOKUP(INDEX($D$5:$D$261,$E16),'نمودار سدسازی'!$A$9:$BG$23,COLUMN()-5,FALSE),"فاضلاب",VLOOKUP(INDEX($D$5:$D$261,$E16),'نمودار جمع‌آوری و ا'!$A$9:$BG$26,COLUMN()-5,FALSE),"تجهیزات",VLOOKUP(INDEX($D$5:$D$261,$E16),'نمودار تجهیزات آب و'!$A$9:$BG$42,COLUMN()-5,FALSE),"پست",VLOOKUP(INDEX($D$5:$D$261,$E16),'نمودار پست های انتق'!$A$9:$BG$41,COLUMN()-5,FALSE),"نیرو",VLOOKUP(INDEX($D$5:$D$261,$E16),'نمودار توزیع نیرو ب'!$A$9:$BG$38,COLUMN()-5,FALSE),""))} -> 254.7 | J16: {=IF($E16="","",_xlfn.SWITCH(LEFT(INDEX($B$5:$B$261,$E16),FIND("|",INDEX($B$5:$B$261,$E16))-1),"ابنیه",VLOOKUP(INDEX($D$5:$D$261,$E16),'نمودار ابنیه'!$A$9:$BG$37,COLUMN()-5,FALSE),"مکانیکی",VLOOKUP(INDEX($D$5:$D$261,$E16),'نمودار مکانیکی'!$A$9:$BG$43,COLUMN()-5,FALSE),"برقی",VLOOKUP(INDEX($D$5:$D$261,$E16),'نمودار تاسیسات برقی'!$A$9:$BG$44,COLUMN()-5,FALSE),"خطوط",VLOOKUP(INDEX($D$5:$D$261,$E16),'نمودار خطوط انتقال '!$A$9:$BG$26,COLUMN()-5,FALSE),"شبکه",VLOOKUP(INDEX($D$5:$D$261,$E16),'نمودار شبکه توزیع آ'!$A$9:$BG$22,COLUMN()-5,FALSE),"سد",VLOOKUP(INDEX($D$5:$D$261,$E16),'نمودار سدسازی'!$A$9:$BG$23,COLUMN()-5,FALSE),"فاضلاب",VLOOKUP(INDEX($D$5:$D$261,$E16),'نمودار جمع‌آوری و ا'!$A$9:$BG$26,COLUMN()-5,FALSE),"تجهیزات",VLOOKUP(INDEX($D$5:$D$261,$E16),'نمودار تجهیزات آب و'!$A$9:$BG$42,COLUMN()-5,FALSE),"پست",VLOOKUP(INDEX($D$5:$D$261,$E16),'نمودار پست های انتق'!$A$9:$BG$41,COLUMN()-5,FALSE),"نیرو",VLOOKUP(INDEX($D$5:$D$261,$E16),'نمودار توزیع نیرو ب'!$A$9:$BG$38,COLUMN()-5,FALSE),""))} -> 288.1 | K16: {=IF($E16="","",_xlfn.SWITCH(LEFT(INDEX($B$5:$B$261,$E16),FIND("|",INDEX($B$5:$B$261,$E16))-1),"ابنیه",VLOOKUP(INDEX($D$5:$D$261,$E16),'نمودار ابنیه'!$A$9:$BG$37,COLUMN()-5,FALSE),"مکانیکی",VLOOKUP(INDEX($D$5:$D$261,$E16),'نمودار مکانیکی'!$A$9:$BG$43,COLUMN()-5,FALSE),"برقی",VLOOKUP(INDEX($D$5:$D$261,$E16),'نمودار تاسیسات برقی'!$A$9:$BG$44,COLUMN()-5,FALSE),"خطوط",VLOOKUP(INDEX($D$5:$D$261,$E16),'نمودار خطوط انتقال '!$A$9:$BG$26,COLUMN()-5,FALSE),"شبکه",VLOOKUP(INDEX($D$5:$D$261,$E16),'نمودار شبکه توزیع آ'!$A$9:$BG$22,COLUMN()-5,FALSE),"سد",VLOOKUP(INDEX($D$5:$D$261,$E16),'نمودار سدسازی'!$A$9:$BG$23,COLUMN()-5,FALSE),"فاضلاب",VLOOKUP(INDEX($D$5:$D$261,$E16),'نمودار جمع‌آوری و ا'!$A$9:$BG$26,COLUMN()-5,FALSE),"تجهیزات",VLOOKUP(INDEX($D$5:$D$261,$E16),'نمودار تجهیزات آب و'!$A$9:$BG$42,COLUMN()-5,FALSE),"پست",VLOOKUP(INDEX($D$5:$D$261,$E16),'نمودار پست های انتق'!$A$9:$BG$41,COLUMN()-5,FALSE),"نیرو",VLOOKUP(INDEX($D$5:$D$261,$E16),'نمودار توزیع نیرو ب'!$A$9:$BG$38,COLUMN()-5,FALSE),""))} -> 350 | L16: {=IF($E16="","",_xlfn.SWITCH(LEFT(INDEX($B$5:$B$261,$E16),FIND("|",INDEX($B$5:$B$261,$E16))-1),"ابنیه",VLOOKUP(INDEX($D$5:$D$261,$E16),'نمودار ابنیه'!$A$9:$BG$37,COLUMN()-5,FALSE),"مکانیکی",VLOOKUP(INDEX($D$5:$D$261,$E16),'نمودار مکانیکی'!$A$9:$BG$43,COLUMN()-5,FALSE),"برقی",VLOOKUP(INDEX($D$5:$D$261,$E16),'نمودار تاسیسات برقی'!$A$9:$BG$44,COLUMN()-5,FALSE),"خطوط",VLOOKUP(INDEX($D$5:$D$261,$E16),'نمودار خطوط انتقال '!$A$9:$BG$26,COLUMN()-5,FALSE),"شبکه",VLOOKUP(INDEX($D$5:$D$261,$E16),'نمودار شبکه توزیع آ'!$A$9:$BG$22,COLUMN()-5,FALSE),"سد",VLOOKUP(INDEX($D$5:$D$261,$E16),'نمودار سدسازی'!$A$9:$BG$23,COLUMN()-5,FALSE),"فاضلاب",VLOOKUP(INDEX($D$5:$D$261,$E16),'نمودار جمع‌آوری و ا'!$A$9:$BG$26,COLUMN()-5,FALSE),"تجهیزات",VLOOKUP(INDEX($D$5:$D$261,$E16),'نمودار تجهیزات آب و'!$A$9:$BG$42,COLUMN()-5,FALSE),"پست",VLOOKUP(INDEX($D$5:$D$261,$E16),'نمودار پست های انتق'!$A$9:$BG$41,COLUMN()-5,FALSE),"نیرو",VLOOKUP(INDEX($D$5:$D$261,$E16),'نمودار توزیع نیرو ب'!$A$9:$BG$38,COLUMN()-5,FALSE),""))} -> 398.3 | M16: {=IF($E16="","",_xlfn.SWITCH(LEFT(INDEX($B$5:$B$261,$E16),FIND("|",INDEX($B$5:$B$261,$E16))-1),"ابنیه",VLOOKUP(INDEX($D$5:$D$261,$E16),'نمودار ابنیه'!$A$9:$BG$37,COLUMN()-5,FALSE),"مکانیکی",VLOOKUP(INDEX($D$5:$D$261,$E16),'نمودار مکانیکی'!$A$9:$BG$43,COLUMN()-5,FALSE),"برقی",VLOOKUP(INDEX($D$5:$D$261,$E16),'نمودار تاسیسات برقی'!$A$9:$BG$44,COLUMN()-5,FALSE),"خطوط",VLOOKUP(INDEX($D$5:$D$261,$E16),'نمودار خطوط انتقال '!$A$9:$BG$26,COLUMN()-5,FALSE),"شبکه",VLOOKUP(INDEX($D$5:$D$261,$E16),'نمودار شبکه توزیع آ'!$A$9:$BG$22,COLUMN()-5,FALSE),"سد",VLOOKUP(INDEX($D$5:$D$261,$E16),'نمودار سدسازی'!$A$9:$BG$23,COLUMN()-5,FALSE),"فاضلاب",VLOOKUP(INDEX($D$5:$D$261,$E16),'نمودار جمع‌آوری و ا'!$A$9:$BG$26,COLUMN()-5,FALSE),"تجهیزات",VLOOKUP(INDEX($D$5:$D$261,$E16),'نمودار تجهیزات آب و'!$A$9:$BG$42,COLUMN()-5,FALSE),"پست",VLOOKUP(INDEX($D$5:$D$261,$E16),'نمودار پست های انتق'!$A$9:$BG$41,COLUMN()-5,FALSE),"نیرو",VLOOKUP(INDEX($D$5:$D$261,$E16),'نمودار توزیع نیرو ب'!$A$9:$BG$38,COLUMN()-5,FALSE),""))} -> 411.6 | N16: {=IF($E16="","",_xlfn.SWITCH(LEFT(INDEX($B$5:$B$261,$E16),FIND("|",INDEX($B$5:$B$261,$E16))-1),"ابنیه",VLOOKUP(INDEX($D$5:$D$261,$E16),'نمودار ابنیه'!$A$9:$BG$37,COLUMN()-5,FALSE),"مکانیکی",VLOOKUP(INDEX($D$5:$D$261,$E16),'نمودار مکانیکی'!$A$9:$BG$43,COLUMN()-5,FALSE),"برقی",VLOOKUP(INDEX($D$5:$D$261,$E16),'نمودار تاسیسات برقی'!$A$9:$BG$44,COLUMN()-5,FALSE),"خطوط",VLOOKUP(INDEX($D$5:$D$261,$E16),'نمودار خطوط انتقال '!$A$9:$BG$26,COLUMN()-5,FALSE),"شبکه",VLOOKUP(INDEX($D$5:$D$261,$E16),'نمودار شبکه توزیع آ'!$A$9:$BG$22,COLUMN()-5,FALSE),"سد",VLOOKUP(INDEX($D$5:$D$261,$E16),'نمودار سدسازی'!$A$9:$BG$23,COLUMN()-5,FALSE),"فاضلاب",VLOOKUP(INDEX($D$5:$D$261,$E16),'نمودار جمع‌آوری و ا'!$A$9:$BG$26,COLUMN()-5,FALSE),"تجهیزات",VLOOKUP(INDEX($D$5:$D$261,$E16),'نمودار تجهیزات آب و'!$A$9:$BG$42,COLUMN()-5,FALSE),"پست",VLOOKUP(INDEX($D$5:$D$261,$E16),'نمودار پست های انتق'!$A$9:$BG$41,COLUMN()-5,FALSE),"نیرو",VLOOKUP(INDEX($D$5:$D$261,$E16),'نمودار توزیع نیرو ب'!$A$9:$BG$38,COLUMN()-5,FALSE),""))} -> 412.5 | ... BL16: {=IF($E16="","",_xlfn.SWITCH(LEFT(INDEX($B$5:$B$261,$E16),FIND("|",INDEX($B$5:$B$261,$E16))-1),"ابنیه",VLOOKUP(INDEX($D$5:$D$261,$E16),'نمودار ابنیه'!$A$9:$BG$37,COLUMN()-5,FALSE),"مکانیکی",VLOOKUP(INDEX($D$5:$D$261,$E16),'نمودار مکانیکی'!$A$9:$BG$43,COLUMN()-5,FALSE),"برقی",VLOOKUP(INDEX($D$5:$D$261,$E16),'نمودار تاسیسات برقی'!$A$9:$BG$44,COLUMN()-5,FALSE),"خطوط",VLOOKUP(INDEX($D$5:$D$261,$E16),'نمودار خطوط انتقال '!$A$9:$BG$26,COLUMN()-5,FALSE),"شبکه",VLOOKUP(INDEX($D$5:$D$261,$E16),'نمودار شبکه توزیع آ'!$A$9:$BG$22,COLUMN()-5,FALSE),"سد",VLOOKUP(INDEX($D$5:$D$261,$E16),'نمودار سدسازی'!$A$9:$BG$23,COLUMN()-5,FALSE),"فاضلاب",VLOOKUP(INDEX($D$5:$D$261,$E16),'نمودار جمع‌آوری و ا'!$A$9:$BG$26,COLUMN()-5,FALSE),"تجهیزات",VLOOKUP(INDEX($D$5:$D$261,$E16),'نمودار تجهیزات آب و'!$A$9:$BG$42,COLUMN()-5,FALSE),"پست",VLOOKUP(INDEX($D$5:$D$261,$E16),'نمودار پست های انتق'!$A$9:$BG$41,COLUMN()-5,FALSE),"نیرو",VLOOKUP(INDEX($D$5:$D$261,$E16),'نمودار توزیع نیرو ب'!$A$9:$BG$38,COLUMN()-5,FALSE),""))} -> 5385.2
A17: 13 | B17: ابنیه|Buildings | C17: {=_xlfn.SWITCH(LEFT(B17,FIND("|",B17)-1),"ابنیه",HLOOKUP(D17,'نمودار ابنیه'!$B$5:$AD$6,2,FALSE),"مکانیکی",HLOOKUP(D17,'نمودار مکانیکی'!$B$5:$AJ$6,2,FALSE),"برقی",HLOOKUP(D17,'نمودار تاسیسات برقی'!$B$5:$AK$6,2,FALSE),"خطوط",HLOOKUP(D17,'نمودار خطوط انتقال '!$B$5:$R$6,2,FALSE),"شبکه",HLOOKUP(D17,'نمودار شبکه توزیع آ'!$B$5:$O$6,2,FALSE),"سد",HLOOKUP(D17,'نمودار سدسازی'!$B$5:$P$6,2,FALSE),"فاضلاب",HLOOKUP(D17,'نمودار جمع‌آوری و ا'!$B$5:$S$6,2,FALSE),"تجهیزات",HLOOKUP(D17,'نمودار تجهیزات آب و'!$B$5:$AG$6,2,FALSE),"پست",HLOOKUP(D17,'نمودار پست های انتق'!$B$5:$AH$6,2,FALSE),"نیرو",HLOOKUP(D17,'نمودار توزیع نیرو ب'!$B$5:$AE$6,2,FALSE),FALSE)} -> FALSE | D17: عایق کاری رطوبتی | E17: {=IFERROR(_xlfn.AGGREGATE(15,6,ROW($C$5:$C$261)/($C$5:$C$261=TRUE),12)-4,"")} -> 66 | F17: {=IF($E17="","",LEFT(INDEX($B$5:$B$261,$E17),FIND("|",INDEX($B$5:$B$261,$E17))-1)&":"&LEFT(INDEX($D$5:$D$261,$E17),20))} -> برقی:چراغ های فضای ازاد | G17: {=IF($E17="","",_xlfn.SWITCH(LEFT(INDEX($B$5:$B$261,$E17),FIND("|",INDEX($B$5:$B$261,$E17))-1),"ابنیه",VLOOKUP(INDEX($D$5:$D$261,$E17),'نمودار ابنیه'!$A$9:$BG$37,COLUMN()-5,FALSE),"مکانیکی",VLOOKUP(INDEX($D$5:$D$261,$E17),'نمودار مکانیکی'!$A$9:$BG$43,COLUMN()-5,FALSE),"برقی",VLOOKUP(INDEX($D$5:$D$261,$E17),'نمودار تاسیسات برقی'!$A$9:$BG$44,COLUMN()-5,FALSE),"خطوط",VLOOKUP(INDEX($D$5:$D$261,$E17),'نمودار خطوط انتقال '!$A$9:$BG$26,COLUMN()-5,FALSE),"شبکه",VLOOKUP(INDEX($D$5:$D$261,$E17),'نمودار شبکه توزیع آ'!$A$9:$BG$22,COLUMN()-5,FALSE),"سد",VLOOKUP(INDEX($D$5:$D$261,$E17),'نمودار سدسازی'!$A$9:$BG$23,COLUMN()-5,FALSE),"فاضلاب",VLOOKUP(INDEX($D$5:$D$261,$E17),'نمودار جمع‌آوری و ا'!$A$9:$BG$26,COLUMN()-5,FALSE),"تجهیزات",VLOOKUP(INDEX($D$5:$D$261,$E17),'نمودار تجهیزات آب و'!$A$9:$BG$42,COLUMN()-5,FALSE),"پست",VLOOKUP(INDEX($D$5:$D$261,$E17),'نمودار پست های انتق'!$A$9:$BG$41,COLUMN()-5,FALSE),"نیرو",VLOOKUP(INDEX($D$5:$D$261,$E17),'نمودار توزیع نیرو ب'!$A$9:$BG$38,COLUMN()-5,FALSE),""))} -> 230.8 | H17: {=IF($E17="","",_xlfn.SWITCH(LEFT(INDEX($B$5:$B$261,$E17),FIND("|",INDEX($B$5:$B$261,$E17))-1),"ابنیه",VLOOKUP(INDEX($D$5:$D$261,$E17),'نمودار ابنیه'!$A$9:$BG$37,COLUMN()-5,FALSE),"مکانیکی",VLOOKUP(INDEX($D$5:$D$261,$E17),'نمودار مکانیکی'!$A$9:$BG$43,COLUMN()-5,FALSE),"برقی",VLOOKUP(INDEX($D$5:$D$261,$E17),'نمودار تاسیسات برقی'!$A$9:$BG$44,COLUMN()-5,FALSE),"خطوط",VLOOKUP(INDEX($D$5:$D$261,$E17),'نمودار خطوط انتقال '!$A$9:$BG$26,COLUMN()-5,FALSE),"شبکه",VLOOKUP(INDEX($D$5:$D$261,$E17),'نمودار شبکه توزیع آ'!$A$9:$BG$22,COLUMN()-5,FALSE),"سد",VLOOKUP(INDEX($D$5:$D$261,$E17),'نمودار سدسازی'!$A$9:$BG$23,COLUMN()-5,FALSE),"فاضلاب",VLOOKUP(INDEX($D$5:$D$261,$E17),'نمودار جمع‌آوری و ا'!$A$9:$BG$26,COLUMN()-5,FALSE),"تجهیزات",VLOOKUP(INDEX($D$5:$D$261,$E17),'نمودار تجهیزات آب و'!$A$9:$BG$42,COLUMN()-5,FALSE),"پست",VLOOKUP(INDEX($D$5:$D$261,$E17),'نمودار پست های انتق'!$A$9:$BG$41,COLUMN()-5,FALSE),"نیرو",VLOOKUP(INDEX($D$5:$D$261,$E17),'نمودار توزیع نیرو ب'!$A$9:$BG$38,COLUMN()-5,FALSE),""))} -> 232.1 | I17: {=IF($E17="","",_xlfn.SWITCH(LEFT(INDEX($B$5:$B$261,$E17),FIND("|",INDEX($B$5:$B$261,$E17))-1),"ابنیه",VLOOKUP(INDEX($D$5:$D$261,$E17),'نمودار ابنیه'!$A$9:$BG$37,COLUMN()-5,FALSE),"مکانیکی",VLOOKUP(INDEX($D$5:$D$261,$E17),'نمودار مکانیکی'!$A$9:$BG$43,COLUMN()-5,FALSE),"برقی",VLOOKUP(INDEX($D$5:$D$261,$E17),'نمودار تاسیسات برقی'!$A$9:$BG$44,COLUMN()-5,FALSE),"خطوط",VLOOKUP(INDEX($D$5:$D$261,$E17),'نمودار خطوط انتقال '!$A$9:$BG$26,COLUMN()-5,FALSE),"شبکه",VLOOKUP(INDEX($D$5:$D$261,$E17),'نمودار شبکه توزیع آ'!$A$9:$BG$22,COLUMN()-5,FALSE),"سد",VLOOKUP(INDEX($D$5:$D$261,$E17),'نمودار سدسازی'!$A$9:$BG$23,COLUMN()-5,FALSE),"فاضلاب",VLOOKUP(INDEX($D$5:$D$261,$E17),'نمودار جمع‌آوری و ا'!$A$9:$BG$26,COLUMN()-5,FALSE),"تجهیزات",VLOOKUP(INDEX($D$5:$D$261,$E17),'نمودار تجهیزات آب و'!$A$9:$BG$42,COLUMN()-5,FALSE),"پست",VLOOKUP(INDEX($D$5:$D$261,$E17),'نمودار پست های انتق'!$A$9:$BG$41,COLUMN()-5,FALSE),"نیرو",VLOOKUP(INDEX($D$5:$D$261,$E17),'نمودار توزیع نیرو ب'!$A$9:$BG$38,COLUMN()-5,FALSE),""))} -> 233.8 | J17: {=IF($E17="","",_xlfn.SWITCH(LEFT(INDEX($B$5:$B$261,$E17),FIND("|",INDEX($B$5:$B$261,$E17))-1),"ابنیه",VLOOKUP(INDEX($D$5:$D$261,$E17),'نمودار ابنیه'!$A$9:$BG$37,COLUMN()-5,FALSE),"مکانیکی",VLOOKUP(INDEX($D$5:$D$261,$E17),'نمودار مکانیکی'!$A$9:$BG$43,COLUMN()-5,FALSE),"برقی",VLOOKUP(INDEX($D$5:$D$261,$E17),'نمودار تاسیسات برقی'!$A$9:$BG$44,COLUMN()-5,FALSE),"خطوط",VLOOKUP(INDEX($D$5:$D$261,$E17),'نمودار خطوط انتقال '!$A$9:$BG$26,COLUMN()-5,FALSE),"شبکه",VLOOKUP(INDEX($D$5:$D$261,$E17),'نمودار شبکه توزیع آ'!$A$9:$BG$22,COLUMN()-5,FALSE),"سد",VLOOKUP(INDEX($D$5:$D$261,$E17),'نمودار سدسازی'!$A$9:$BG$23,COLUMN()-5,FALSE),"فاضلاب",VLOOKUP(INDEX($D$5:$D$261,$E17),'نمودار جمع‌آوری و ا'!$A$9:$BG$26,COLUMN()-5,FALSE),"تجهیزات",VLOOKUP(INDEX($D$5:$D$261,$E17),'نمودار تجهیزات آب و'!$A$9:$BG$42,COLUMN()-5,FALSE),"پست",VLOOKUP(INDEX($D$5:$D$261,$E17),'نمودار پست های انتق'!$A$9:$BG$41,COLUMN()-5,FALSE),"نیرو",VLOOKUP(INDEX($D$5:$D$261,$E17),'نمودار توزیع نیرو ب'!$A$9:$BG$38,COLUMN()-5,FALSE),""))} -> 275 | K17: {=IF($E17="","",_xlfn.SWITCH(LEFT(INDEX($B$5:$B$261,$E17),FIND("|",INDEX($B$5:$B$261,$E17))-1),"ابنیه",VLOOKUP(INDEX($D$5:$D$261,$E17),'نمودار ابنیه'!$A$9:$BG$37,COLUMN()-5,FALSE),"مکانیکی",VLOOKUP(INDEX($D$5:$D$261,$E17),'نمودار مکانیکی'!$A$9:$BG$43,COLUMN()-5,FALSE),"برقی",VLOOKUP(INDEX($D$5:$D$261,$E17),'نمودار تاسیسات برقی'!$A$9:$BG$44,COLUMN()-5,FALSE),"خطوط",VLOOKUP(INDEX($D$5:$D$261,$E17),'نمودار خطوط انتقال '!$A$9:$BG$26,COLUMN()-5,FALSE),"شبکه",VLOOKUP(INDEX($D$5:$D$261,$E17),'نمودار شبکه توزیع آ'!$A$9:$BG$22,COLUMN()-5,FALSE),"سد",VLOOKUP(INDEX($D$5:$D$261,$E17),'نمودار سدسازی'!$A$9:$BG$23,COLUMN()-5,FALSE),"فاضلاب",VLOOKUP(INDEX($D$5:$D$261,$E17),'نمودار جمع‌آوری و ا'!$A$9:$BG$26,COLUMN()-5,FALSE),"تجهیزات",VLOOKUP(INDEX($D$5:$D$261,$E17),'نمودار تجهیزات آب و'!$A$9:$BG$42,COLUMN()-5,FALSE),"پست",VLOOKUP(INDEX($D$5:$D$261,$E17),'نمودار پست های انتق'!$A$9:$BG$41,COLUMN()-5,FALSE),"نیرو",VLOOKUP(INDEX($D$5:$D$261,$E17),'نمودار توزیع نیرو ب'!$A$9:$BG$38,COLUMN()-5,FALSE),""))} -> 325.8 | L17: {=IF($E17="","",_xlfn.SWITCH(LEFT(INDEX($B$5:$B$261,$E17),FIND("|",INDEX($B$5:$B$261,$E17))-1),"ابنیه",VLOOKUP(INDEX($D$5:$D$261,$E17),'نمودار ابنیه'!$A$9:$BG$37,COLUMN()-5,FALSE),"مکانیکی",VLOOKUP(INDEX($D$5:$D$261,$E17),'نمودار مکانیکی'!$A$9:$BG$43,COLUMN()-5,FALSE),"برقی",VLOOKUP(INDEX($D$5:$D$261,$E17),'نمودار تاسیسات برقی'!$A$9:$BG$44,COLUMN()-5,FALSE),"خطوط",VLOOKUP(INDEX($D$5:$D$261,$E17),'نمودار خطوط انتقال '!$A$9:$BG$26,COLUMN()-5,FALSE),"شبکه",VLOOKUP(INDEX($D$5:$D$261,$E17),'نمودار شبکه توزیع آ'!$A$9:$BG$22,COLUMN()-5,FALSE),"سد",VLOOKUP(INDEX($D$5:$D$261,$E17),'نمودار سدسازی'!$A$9:$BG$23,COLUMN()-5,FALSE),"فاضلاب",VLOOKUP(INDEX($D$5:$D$261,$E17),'نمودار جمع‌آوری و ا'!$A$9:$BG$26,COLUMN()-5,FALSE),"تجهیزات",VLOOKUP(INDEX($D$5:$D$261,$E17),'نمودار تجهیزات آب و'!$A$9:$BG$42,COLUMN()-5,FALSE),"پست",VLOOKUP(INDEX($D$5:$D$261,$E17),'نمودار پست های انتق'!$A$9:$BG$41,COLUMN()-5,FALSE),"نیرو",VLOOKUP(INDEX($D$5:$D$261,$E17),'نمودار توزیع نیرو ب'!$A$9:$BG$38,COLUMN()-5,FALSE),""))} -> 364.6 | M17: {=IF($E17="","",_xlfn.SWITCH(LEFT(INDEX($B$5:$B$261,$E17),FIND("|",INDEX($B$5:$B$261,$E17))-1),"ابنیه",VLOOKUP(INDEX($D$5:$D$261,$E17),'نمودار ابنیه'!$A$9:$BG$37,COLUMN()-5,FALSE),"مکانیکی",VLOOKUP(INDEX($D$5:$D$261,$E17),'نمودار مکانیکی'!$A$9:$BG$43,COLUMN()-5,FALSE),"برقی",VLOOKUP(INDEX($D$5:$D$261,$E17),'نمودار تاسیسات برقی'!$A$9:$BG$44,COLUMN()-5,FALSE),"خطوط",VLOOKUP(INDEX($D$5:$D$261,$E17),'نمودار خطوط انتقال '!$A$9:$BG$26,COLUMN()-5,FALSE),"شبکه",VLOOKUP(INDEX($D$5:$D$261,$E17),'نمودار شبکه توزیع آ'!$A$9:$BG$22,COLUMN()-5,FALSE),"سد",VLOOKUP(INDEX($D$5:$D$261,$E17),'نمودار سدسازی'!$A$9:$BG$23,COLUMN()-5,FALSE),"فاضلاب",VLOOKUP(INDEX($D$5:$D$261,$E17),'نمودار جمع‌آوری و ا'!$A$9:$BG$26,COLUMN()-5,FALSE),"تجهیزات",VLOOKUP(INDEX($D$5:$D$261,$E17),'نمودار تجهیزات آب و'!$A$9:$BG$42,COLUMN()-5,FALSE),"پست",VLOOKUP(INDEX($D$5:$D$261,$E17),'نمودار پست های انتق'!$A$9:$BG$41,COLUMN()-5,FALSE),"نیرو",VLOOKUP(INDEX($D$5:$D$261,$E17),'نمودار توزیع نیرو ب'!$A$9:$BG$38,COLUMN()-5,FALSE),""))} -> 394.2 | N17: {=IF($E17="","",_xlfn.SWITCH(LEFT(INDEX($B$5:$B$261,$E17),FIND("|",INDEX($B$5:$B$261,$E17))-1),"ابنیه",VLOOKUP(INDEX($D$5:$D$261,$E17),'نمودار ابنیه'!$A$9:$BG$37,COLUMN()-5,FALSE),"مکانیکی",VLOOKUP(INDEX($D$5:$D$261,$E17),'نمودار مکانیکی'!$A$9:$BG$43,COLUMN()-5,FALSE),"برقی",VLOOKUP(INDEX($D$5:$D$261,$E17),'نمودار تاسیسات برقی'!$A$9:$BG$44,COLUMN()-5,FALSE),"خطوط",VLOOKUP(INDEX($D$5:$D$261,$E17),'نمودار خطوط انتقال '!$A$9:$BG$26,COLUMN()-5,FALSE),"شبکه",VLOOKUP(INDEX($D$5:$D$261,$E17),'نمودار شبکه توزیع آ'!$A$9:$BG$22,COLUMN()-5,FALSE),"سد",VLOOKUP(INDEX($D$5:$D$261,$E17),'نمودار سدسازی'!$A$9:$BG$23,COLUMN()-5,FALSE),"فاضلاب",VLOOKUP(INDEX($D$5:$D$261,$E17),'نمودار جمع‌آوری و ا'!$A$9:$BG$26,COLUMN()-5,FALSE),"تجهیزات",VLOOKUP(INDEX($D$5:$D$261,$E17),'نمودار تجهیزات آب و'!$A$9:$BG$42,COLUMN()-5,FALSE),"پست",VLOOKUP(INDEX($D$5:$D$261,$E17),'نمودار پست های انتق'!$A$9:$BG$41,COLUMN()-5,FALSE),"نیرو",VLOOKUP(INDEX($D$5:$D$261,$E17),'نمودار توزیع نیرو ب'!$A$9:$BG$38,COLUMN()-5,FALSE),""))} -> 396.4 | ... BL17: {=IF($E17="","",_xlfn.SWITCH(LEFT(INDEX($B$5:$B$261,$E17),FIND("|",INDEX($B$5:$B$261,$E17))-1),"ابنیه",VLOOKUP(INDEX($D$5:$D$261,$E17),'نمودار ابنیه'!$A$9:$BG$37,COLUMN()-5,FALSE),"مکانیکی",VLOOKUP(INDEX($D$5:$D$261,$E17),'نمودار مکانیکی'!$A$9:$BG$43,COLUMN()-5,FALSE),"برقی",VLOOKUP(INDEX($D$5:$D$261,$E17),'نمودار تاسیسات برقی'!$A$9:$BG$44,COLUMN()-5,FALSE),"خطوط",VLOOKUP(INDEX($D$5:$D$261,$E17),'نمودار خطوط انتقال '!$A$9:$BG$26,COLUMN()-5,FALSE),"شبکه",VLOOKUP(INDEX($D$5:$D$261,$E17),'نمودار شبکه توزیع آ'!$A$9:$BG$22,COLUMN()-5,FALSE),"سد",VLOOKUP(INDEX($D$5:$D$261,$E17),'نمودار سدسازی'!$A$9:$BG$23,COLUMN()-5,FALSE),"فاضلاب",VLOOKUP(INDEX($D$5:$D$261,$E17),'نمودار جمع‌آوری و ا'!$A$9:$BG$26,COLUMN()-5,FALSE),"تجهیزات",VLOOKUP(INDEX($D$5:$D$261,$E17),'نمودار تجهیزات آب و'!$A$9:$BG$42,COLUMN()-5,FALSE),"پست",VLOOKUP(INDEX($D$5:$D$261,$E17),'نمودار پست های انتق'!$A$9:$BG$41,COLUMN()-5,FALSE),"نیرو",VLOOKUP(INDEX($D$5:$D$261,$E17),'نمودار توزیع نیرو ب'!$A$9:$BG$38,COLUMN()-5,FALSE),""))} -> 4674.7
A18: 14 | B18: ابنیه|Buildings | C18: {=_xlfn.SWITCH(LEFT(B18,FIND("|",B18)-1),"ابنیه",HLOOKUP(D18,'نمودار ابنیه'!$B$5:$AD$6,2,FALSE),"مکانیکی",HLOOKUP(D18,'نمودار مکانیکی'!$B$5:$AJ$6,2,FALSE),"برقی",HLOOKUP(D18,'نمودار تاسیسات برقی'!$B$5:$AK$6,2,FALSE),"خطوط",HLOOKUP(D18,'نمودار خطوط انتقال '!$B$5:$R$6,2,FALSE),"شبکه",HLOOKUP(D18,'نمودار شبکه توزیع آ'!$B$5:$O$6,2,FALSE),"سد",HLOOKUP(D18,'نمودار سدسازی'!$B$5:$P$6,2,FALSE),"فاضلاب",HLOOKUP(D18,'نمودار جمع‌آوری و ا'!$B$5:$S$6,2,FALSE),"تجهیزات",HLOOKUP(D18,'نمودار تجهیزات آب و'!$B$5:$AG$6,2,FALSE),"پست",HLOOKUP(D18,'نمودار پست های انتق'!$B$5:$AH$6,2,FALSE),"نیرو",HLOOKUP(D18,'نمودار توزیع نیرو ب'!$B$5:$AE$6,2,FALSE),FALSE)} -> FALSE | D18: عایق کاری حرارتی | E18: {=IFERROR(_xlfn.AGGREGATE(15,6,ROW($C$5:$C$261)/($C$5:$C$261=TRUE),13)-4,"")} -> 67 | F18: {=IF($E18="","",LEFT(INDEX($B$5:$B$261,$E18),FIND("|",INDEX($B$5:$B$261,$E18))-1)&":"&LEFT(INDEX($D$5:$D$261,$E18),20))} -> برقی:چراغ های مخصوص | G18: {=IF($E18="","",_xlfn.SWITCH(LEFT(INDEX($B$5:$B$261,$E18),FIND("|",INDEX($B$5:$B$261,$E18))-1),"ابنیه",VLOOKUP(INDEX($D$5:$D$261,$E18),'نمودار ابنیه'!$A$9:$BG$37,COLUMN()-5,FALSE),"مکانیکی",VLOOKUP(INDEX($D$5:$D$261,$E18),'نمودار مکانیکی'!$A$9:$BG$43,COLUMN()-5,FALSE),"برقی",VLOOKUP(INDEX($D$5:$D$261,$E18),'نمودار تاسیسات برقی'!$A$9:$BG$44,COLUMN()-5,FALSE),"خطوط",VLOOKUP(INDEX($D$5:$D$261,$E18),'نمودار خطوط انتقال '!$A$9:$BG$26,COLUMN()-5,FALSE),"شبکه",VLOOKUP(INDEX($D$5:$D$261,$E18),'نمودار شبکه توزیع آ'!$A$9:$BG$22,COLUMN()-5,FALSE),"سد",VLOOKUP(INDEX($D$5:$D$261,$E18),'نمودار سدسازی'!$A$9:$BG$23,COLUMN()-5,FALSE),"فاضلاب",VLOOKUP(INDEX($D$5:$D$261,$E18),'نمودار جمع‌آوری و ا'!$A$9:$BG$26,COLUMN()-5,FALSE),"تجهیزات",VLOOKUP(INDEX($D$5:$D$261,$E18),'نمودار تجهیزات آب و'!$A$9:$BG$42,COLUMN()-5,FALSE),"پست",VLOOKUP(INDEX($D$5:$D$261,$E18),'نمودار پست های انتق'!$A$9:$BG$41,COLUMN()-5,FALSE),"نیرو",VLOOKUP(INDEX($D$5:$D$261,$E18),'نمودار توزیع نیرو ب'!$A$9:$BG$38,COLUMN()-5,FALSE),""))} -> 238.1 | H18: {=IF($E18="","",_xlfn.SWITCH(LEFT(INDEX($B$5:$B$261,$E18),FIND("|",INDEX($B$5:$B$261,$E18))-1),"ابنیه",VLOOKUP(INDEX($D$5:$D$261,$E18),'نمودار ابنیه'!$A$9:$BG$37,COLUMN()-5,FALSE),"مکانیکی",VLOOKUP(INDEX($D$5:$D$261,$E18),'نمودار مکانیکی'!$A$9:$BG$43,COLUMN()-5,FALSE),"برقی",VLOOKUP(INDEX($D$5:$D$261,$E18),'نمودار تاسیسات برقی'!$A$9:$BG$44,COLUMN()-5,FALSE),"خطوط",VLOOKUP(INDEX($D$5:$D$261,$E18),'نمودار خطوط انتقال '!$A$9:$BG$26,COLUMN()-5,FALSE),"شبکه",VLOOKUP(INDEX($D$5:$D$261,$E18),'نمودار شبکه توزیع آ'!$A$9:$BG$22,COLUMN()-5,FALSE),"سد",VLOOKUP(INDEX($D$5:$D$261,$E18),'نمودار سدسازی'!$A$9:$BG$23,COLUMN()-5,FALSE),"فاضلاب",VLOOKUP(INDEX($D$5:$D$261,$E18),'نمودار جمع‌آوری و ا'!$A$9:$BG$26,COLUMN()-5,FALSE),"تجهیزات",VLOOKUP(INDEX($D$5:$D$261,$E18),'نمودار تجهیزات آب و'!$A$9:$BG$42,COLUMN()-5,FALSE),"پست",VLOOKUP(INDEX($D$5:$D$261,$E18),'نمودار پست های انتق'!$A$9:$BG$41,COLUMN()-5,FALSE),"نیرو",VLOOKUP(INDEX($D$5:$D$261,$E18),'نمودار توزیع نیرو ب'!$A$9:$BG$38,COLUMN()-5,FALSE),""))} -> 238.6 | I18: {=IF($E18="","",_xlfn.SWITCH(LEFT(INDEX($B$5:$B$261,$E18),FIND("|",INDEX($B$5:$B$261,$E18))-1),"ابنیه",VLOOKUP(INDEX($D$5:$D$261,$E18),'نمودار ابنیه'!$A$9:$BG$37,COLUMN()-5,FALSE),"مکانیکی",VLOOKUP(INDEX($D$5:$D$261,$E18),'نمودار مکانیکی'!$A$9:$BG$43,COLUMN()-5,FALSE),"برقی",VLOOKUP(INDEX($D$5:$D$261,$E18),'نمودار تاسیسات برقی'!$A$9:$BG$44,COLUMN()-5,FALSE),"خطوط",VLOOKUP(INDEX($D$5:$D$261,$E18),'نمودار خطوط انتقال '!$A$9:$BG$26,COLUMN()-5,FALSE),"شبکه",VLOOKUP(INDEX($D$5:$D$261,$E18),'نمودار شبکه توزیع آ'!$A$9:$BG$22,COLUMN()-5,FALSE),"سد",VLOOKUP(INDEX($D$5:$D$261,$E18),'نمودار سدسازی'!$A$9:$BG$23,COLUMN()-5,FALSE),"فاضلاب",VLOOKUP(INDEX($D$5:$D$261,$E18),'نمودار جمع‌آوری و ا'!$A$9:$BG$26,COLUMN()-5,FALSE),"تجهیزات",VLOOKUP(INDEX($D$5:$D$261,$E18),'نمودار تجهیزات آب و'!$A$9:$BG$42,COLUMN()-5,FALSE),"پست",VLOOKUP(INDEX($D$5:$D$261,$E18),'نمودار پست های انتق'!$A$9:$BG$41,COLUMN()-5,FALSE),"نیرو",VLOOKUP(INDEX($D$5:$D$261,$E18),'نمودار توزیع نیرو ب'!$A$9:$BG$38,COLUMN()-5,FALSE),""))} -> 239.1 | J18: {=IF($E18="","",_xlfn.SWITCH(LEFT(INDEX($B$5:$B$261,$E18),FIND("|",INDEX($B$5:$B$261,$E18))-1),"ابنیه",VLOOKUP(INDEX($D$5:$D$261,$E18),'نمودار ابنیه'!$A$9:$BG$37,COLUMN()-5,FALSE),"مکانیکی",VLOOKUP(INDEX($D$5:$D$261,$E18),'نمودار مکانیکی'!$A$9:$BG$43,COLUMN()-5,FALSE),"برقی",VLOOKUP(INDEX($D$5:$D$261,$E18),'نمودار تاسیسات برقی'!$A$9:$BG$44,COLUMN()-5,FALSE),"خطوط",VLOOKUP(INDEX($D$5:$D$261,$E18),'نمودار خطوط انتقال '!$A$9:$BG$26,COLUMN()-5,FALSE),"شبکه",VLOOKUP(INDEX($D$5:$D$261,$E18),'نمودار شبکه توزیع آ'!$A$9:$BG$22,COLUMN()-5,FALSE),"سد",VLOOKUP(INDEX($D$5:$D$261,$E18),'نمودار سدسازی'!$A$9:$BG$23,COLUMN()-5,FALSE),"فاضلاب",VLOOKUP(INDEX($D$5:$D$261,$E18),'نمودار جمع‌آوری و ا'!$A$9:$BG$26,COLUMN()-5,FALSE),"تجهیزات",VLOOKUP(INDEX($D$5:$D$261,$E18),'نمودار تجهیزات آب و'!$A$9:$BG$42,COLUMN()-5,FALSE),"پست",VLOOKUP(INDEX($D$5:$D$261,$E18),'نمودار پست های انتق'!$A$9:$BG$41,COLUMN()-5,FALSE),"نیرو",VLOOKUP(INDEX($D$5:$D$261,$E18),'نمودار توزیع نیرو ب'!$A$9:$BG$38,COLUMN()-5,FALSE),""))} -> 275.6 | K18: {=IF($E18="","",_xlfn.SWITCH(LEFT(INDEX($B$5:$B$261,$E18),FIND("|",INDEX($B$5:$B$261,$E18))-1),"ابنیه",VLOOKUP(INDEX($D$5:$D$261,$E18),'نمودار ابنیه'!$A$9:$BG$37,COLUMN()-5,FALSE),"مکانیکی",VLOOKUP(INDEX($D$5:$D$261,$E18),'نمودار مکانیکی'!$A$9:$BG$43,COLUMN()-5,FALSE),"برقی",VLOOKUP(INDEX($D$5:$D$261,$E18),'نمودار تاسیسات برقی'!$A$9:$BG$44,COLUMN()-5,FALSE),"خطوط",VLOOKUP(INDEX($D$5:$D$261,$E18),'نمودار خطوط انتقال '!$A$9:$BG$26,COLUMN()-5,FALSE),"شبکه",VLOOKUP(INDEX($D$5:$D$261,$E18),'نمودار شبکه توزیع آ'!$A$9:$BG$22,COLUMN()-5,FALSE),"سد",VLOOKUP(INDEX($D$5:$D$261,$E18),'نمودار سدسازی'!$A$9:$BG$23,COLUMN()-5,FALSE),"فاضلاب",VLOOKUP(INDEX($D$5:$D$261,$E18),'نمودار جمع‌آوری و ا'!$A$9:$BG$26,COLUMN()-5,FALSE),"تجهیزات",VLOOKUP(INDEX($D$5:$D$261,$E18),'نمودار تجهیزات آب و'!$A$9:$BG$42,COLUMN()-5,FALSE),"پست",VLOOKUP(INDEX($D$5:$D$261,$E18),'نمودار پست های انتق'!$A$9:$BG$41,COLUMN()-5,FALSE),"نیرو",VLOOKUP(INDEX($D$5:$D$261,$E18),'نمودار توزیع نیرو ب'!$A$9:$BG$38,COLUMN()-5,FALSE),""))} -> 330.8 | L18: {=IF($E18="","",_xlfn.SWITCH(LEFT(INDEX($B$5:$B$261,$E18),FIND("|",INDEX($B$5:$B$261,$E18))-1),"ابنیه",VLOOKUP(INDEX($D$5:$D$261,$E18),'نمودار ابنیه'!$A$9:$BG$37,COLUMN()-5,FALSE),"مکانیکی",VLOOKUP(INDEX($D$5:$D$261,$E18),'نمودار مکانیکی'!$A$9:$BG$43,COLUMN()-5,FALSE),"برقی",VLOOKUP(INDEX($D$5:$D$261,$E18),'نمودار تاسیسات برقی'!$A$9:$BG$44,COLUMN()-5,FALSE),"خطوط",VLOOKUP(INDEX($D$5:$D$261,$E18),'نمودار خطوط انتقال '!$A$9:$BG$26,COLUMN()-5,FALSE),"شبکه",VLOOKUP(INDEX($D$5:$D$261,$E18),'نمودار شبکه توزیع آ'!$A$9:$BG$22,COLUMN()-5,FALSE),"سد",VLOOKUP(INDEX($D$5:$D$261,$E18),'نمودار سدسازی'!$A$9:$BG$23,COLUMN()-5,FALSE),"فاضلاب",VLOOKUP(INDEX($D$5:$D$261,$E18),'نمودار جمع‌آوری و ا'!$A$9:$BG$26,COLUMN()-5,FALSE),"تجهیزات",VLOOKUP(INDEX($D$5:$D$261,$E18),'نمودار تجهیزات آب و'!$A$9:$BG$42,COLUMN()-5,FALSE),"پست",VLOOKUP(INDEX($D$5:$D$261,$E18),'نمودار پست های انتق'!$A$9:$BG$41,COLUMN()-5,FALSE),"نیرو",VLOOKUP(INDEX($D$5:$D$261,$E18),'نمودار توزیع نیرو ب'!$A$9:$BG$38,COLUMN()-5,FALSE),""))} -> 391.8 | M18: {=IF($E18="","",_xlfn.SWITCH(LEFT(INDEX($B$5:$B$261,$E18),FIND("|",INDEX($B$5:$B$261,$E18))-1),"ابنیه",VLOOKUP(INDEX($D$5:$D$261,$E18),'نمودار ابنیه'!$A$9:$BG$37,COLUMN()-5,FALSE),"مکانیکی",VLOOKUP(INDEX($D$5:$D$261,$E18),'نمودار مکانیکی'!$A$9:$BG$43,COLUMN()-5,FALSE),"برقی",VLOOKUP(INDEX($D$5:$D$261,$E18),'نمودار تاسیسات برقی'!$A$9:$BG$44,COLUMN()-5,FALSE),"خطوط",VLOOKUP(INDEX($D$5:$D$261,$E18),'نمودار خطوط انتقال '!$A$9:$BG$26,COLUMN()-5,FALSE),"شبکه",VLOOKUP(INDEX($D$5:$D$261,$E18),'نمودار شبکه توزیع آ'!$A$9:$BG$22,COLUMN()-5,FALSE),"سد",VLOOKUP(INDEX($D$5:$D$261,$E18),'نمودار سدسازی'!$A$9:$BG$23,COLUMN()-5,FALSE),"فاضلاب",VLOOKUP(INDEX($D$5:$D$261,$E18),'نمودار جمع‌آوری و ا'!$A$9:$BG$26,COLUMN()-5,FALSE),"تجهیزات",VLOOKUP(INDEX($D$5:$D$261,$E18),'نمودار تجهیزات آب و'!$A$9:$BG$42,COLUMN()-5,FALSE),"پست",VLOOKUP(INDEX($D$5:$D$261,$E18),'نمودار پست های انتق'!$A$9:$BG$41,COLUMN()-5,FALSE),"نیرو",VLOOKUP(INDEX($D$5:$D$261,$E18),'نمودار توزیع نیرو ب'!$A$9:$BG$38,COLUMN()-5,FALSE),""))} -> 396.3 | N18: {=IF($E18="","",_xlfn.SWITCH(LEFT(INDEX($B$5:$B$261,$E18),FIND("|",INDEX($B$5:$B$261,$E18))-1),"ابنیه",VLOOKUP(INDEX($D$5:$D$261,$E18),'نمودار ابنیه'!$A$9:$BG$37,COLUMN()-5,FALSE),"مکانیکی",VLOOKUP(INDEX($D$5:$D$261,$E18),'نمودار مکانیکی'!$A$9:$BG$43,COLUMN()-5,FALSE),"برقی",VLOOKUP(INDEX($D$5:$D$261,$E18),'نمودار تاسیسات برقی'!$A$9:$BG$44,COLUMN()-5,FALSE),"خطوط",VLOOKUP(INDEX($D$5:$D$261,$E18),'نمودار خطوط انتقال '!$A$9:$BG$26,COLUMN()-5,FALSE),"شبکه",VLOOKUP(INDEX($D$5:$D$261,$E18),'نمودار شبکه توزیع آ'!$A$9:$BG$22,COLUMN()-5,FALSE),"سد",VLOOKUP(INDEX($D$5:$D$261,$E18),'نمودار سدسازی'!$A$9:$BG$23,COLUMN()-5,FALSE),"فاضلاب",VLOOKUP(INDEX($D$5:$D$261,$E18),'نمودار جمع‌آوری و ا'!$A$9:$BG$26,COLUMN()-5,FALSE),"تجهیزات",VLOOKUP(INDEX($D$5:$D$261,$E18),'نمودار تجهیزات آب و'!$A$9:$BG$42,COLUMN()-5,FALSE),"پست",VLOOKUP(INDEX($D$5:$D$261,$E18),'نمودار پست های انتق'!$A$9:$BG$41,COLUMN()-5,FALSE),"نیرو",VLOOKUP(INDEX($D$5:$D$261,$E18),'نمودار توزیع نیرو ب'!$A$9:$BG$38,COLUMN()-5,FALSE),""))} -> 409.8 | ... BL18: {=IF($E18="","",_xlfn.SWITCH(LEFT(INDEX($B$5:$B$261,$E18),FIND("|",INDEX($B$5:$B$261,$E18))-1),"ابنیه",VLOOKUP(INDEX($D$5:$D$261,$E18),'نمودار ابنیه'!$A$9:$BG$37,COLUMN()-5,FALSE),"مکانیکی",VLOOKUP(INDEX($D$5:$D$261,$E18),'نمودار مکانیکی'!$A$9:$BG$43,COLUMN()-5,FALSE),"برقی",VLOOKUP(INDEX($D$5:$D$261,$E18),'نمودار تاسیسات برقی'!$A$9:$BG$44,COLUMN()-5,FALSE),"خطوط",VLOOKUP(INDEX($D$5:$D$261,$E18),'نمودار خطوط انتقال '!$A$9:$BG$26,COLUMN()-5,FALSE),"شبکه",VLOOKUP(INDEX($D$5:$D$261,$E18),'نمودار شبکه توزیع آ'!$A$9:$BG$22,COLUMN()-5,FALSE),"سد",VLOOKUP(INDEX($D$5:$D$261,$E18),'نمودار سدسازی'!$A$9:$BG$23,COLUMN()-5,FALSE),"فاضلاب",VLOOKUP(INDEX($D$5:$D$261,$E18),'نمودار جمع‌آوری و ا'!$A$9:$BG$26,COLUMN()-5,FALSE),"تجهیزات",VLOOKUP(INDEX($D$5:$D$261,$E18),'نمودار تجهیزات آب و'!$A$9:$BG$42,COLUMN()-5,FALSE),"پست",VLOOKUP(INDEX($D$5:$D$261,$E18),'نمودار پست های انتق'!$A$9:$BG$41,COLUMN()-5,FALSE),"نیرو",VLOOKUP(INDEX($D$5:$D$261,$E18),'نمودار توزیع نیرو ب'!$A$9:$BG$38,COLUMN()-5,FALSE),""))} -> 5599.9
A19: 15 | B19: ابنیه|Buildings | C19: {=_xlfn.SWITCH(LEFT(B19,FIND("|",B19)-1),"ابنیه",HLOOKUP(D19,'نمودار ابنیه'!$B$5:$AD$6,2,FALSE),"مکانیکی",HLOOKUP(D19,'نمودار مکانیکی'!$B$5:$AJ$6,2,FALSE),"برقی",HLOOKUP(D19,'نمودار تاسیسات برقی'!$B$5:$AK$6,2,FALSE),"خطوط",HLOOKUP(D19,'نمودار خطوط انتقال '!$B$5:$R$6,2,FALSE),"شبکه",HLOOKUP(D19,'نمودار شبکه توزیع آ'!$B$5:$O$6,2,FALSE),"سد",HLOOKUP(D19,'نمودار سدسازی'!$B$5:$P$6,2,FALSE),"فاضلاب",HLOOKUP(D19,'نمودار جمع‌آوری و ا'!$B$5:$S$6,2,FALSE),"تجهیزات",HLOOKUP(D19,'نمودار تجهیزات آب و'!$B$5:$AG$6,2,FALSE),"پست",HLOOKUP(D19,'نمودار پست های انتق'!$B$5:$AH$6,2,FALSE),"نیرو",HLOOKUP(D19,'نمودار توزیع نیرو ب'!$B$5:$AE$6,2,FALSE),FALSE)} -> FALSE | D19: کارهای آزبست سیمان | E19: {=IFERROR(_xlfn.AGGREGATE(15,6,ROW($C$5:$C$261)/($C$5:$C$261=TRUE),14)-4,"")} -> 99 | F19: {=IF($E19="","",LEFT(INDEX($B$5:$B$261,$E19),FIND("|",INDEX($B$5:$B$261,$E19))-1)&":"&LEFT(INDEX($D$5:$D$261,$E19),20))} -> خطوط:عملیات لوله گذاری با | G19: {=IF($E19="","",_xlfn.SWITCH(LEFT(INDEX($B$5:$B$261,$E19),FIND("|",INDEX($B$5:$B$261,$E19))-1),"ابنیه",VLOOKUP(INDEX($D$5:$D$261,$E19),'نمودار ابنیه'!$A$9:$BG$37,COLUMN()-5,FALSE),"مکانیکی",VLOOKUP(INDEX($D$5:$D$261,$E19),'نمودار مکانیکی'!$A$9:$BG$43,COLUMN()-5,FALSE),"برقی",VLOOKUP(INDEX($D$5:$D$261,$E19),'نمودار تاسیسات برقی'!$A$9:$BG$44,COLUMN()-5,FALSE),"خطوط",VLOOKUP(INDEX($D$5:$D$261,$E19),'نمودار خطوط انتقال '!$A$9:$BG$26,COLUMN()-5,FALSE),"شبکه",VLOOKUP(INDEX($D$5:$D$261,$E19),'نمودار شبکه توزیع آ'!$A$9:$BG$22,COLUMN()-5,FALSE),"سد",VLOOKUP(INDEX($D$5:$D$261,$E19),'نمودار سدسازی'!$A$9:$BG$23,COLUMN()-5,FALSE),"فاضلاب",VLOOKUP(INDEX($D$5:$D$261,$E19),'نمودار جمع‌آوری و ا'!$A$9:$BG$26,COLUMN()-5,FALSE),"تجهیزات",VLOOKUP(INDEX($D$5:$D$261,$E19),'نمودار تجهیزات آب و'!$A$9:$BG$42,COLUMN()-5,FALSE),"پست",VLOOKUP(INDEX($D$5:$D$261,$E19),'نمودار پست های انتق'!$A$9:$BG$41,COLUMN()-5,FALSE),"نیرو",VLOOKUP(INDEX($D$5:$D$261,$E19),'نمودار توزیع نیرو ب'!$A$9:$BG$38,COLUMN()-5,FALSE),""))} -> 334.3 | H19: {=IF($E19="","",_xlfn.SWITCH(LEFT(INDEX($B$5:$B$261,$E19),FIND("|",INDEX($B$5:$B$261,$E19))-1),"ابنیه",VLOOKUP(INDEX($D$5:$D$261,$E19),'نمودار ابنیه'!$A$9:$BG$37,COLUMN()-5,FALSE),"مکانیکی",VLOOKUP(INDEX($D$5:$D$261,$E19),'نمودار مکانیکی'!$A$9:$BG$43,COLUMN()-5,FALSE),"برقی",VLOOKUP(INDEX($D$5:$D$261,$E19),'نمودار تاسیسات برقی'!$A$9:$BG$44,COLUMN()-5,FALSE),"خطوط",VLOOKUP(INDEX($D$5:$D$261,$E19),'نمودار خطوط انتقال '!$A$9:$BG$26,COLUMN()-5,FALSE),"شبکه",VLOOKUP(INDEX($D$5:$D$261,$E19),'نمودار شبکه توزیع آ'!$A$9:$BG$22,COLUMN()-5,FALSE),"سد",VLOOKUP(INDEX($D$5:$D$261,$E19),'نمودار سدسازی'!$A$9:$BG$23,COLUMN()-5,FALSE),"فاضلاب",VLOOKUP(INDEX($D$5:$D$261,$E19),'نمودار جمع‌آوری و ا'!$A$9:$BG$26,COLUMN()-5,FALSE),"تجهیزات",VLOOKUP(INDEX($D$5:$D$261,$E19),'نمودار تجهیزات آب و'!$A$9:$BG$42,COLUMN()-5,FALSE),"پست",VLOOKUP(INDEX($D$5:$D$261,$E19),'نمودار پست های انتق'!$A$9:$BG$41,COLUMN()-5,FALSE),"نیرو",VLOOKUP(INDEX($D$5:$D$261,$E19),'نمودار توزیع نیرو ب'!$A$9:$BG$38,COLUMN()-5,FALSE),""))} -> 345.9 | I19: {=IF($E19="","",_xlfn.SWITCH(LEFT(INDEX($B$5:$B$261,$E19),FIND("|",INDEX($B$5:$B$261,$E19))-1),"ابنیه",VLOOKUP(INDEX($D$5:$D$261,$E19),'نمودار ابنیه'!$A$9:$BG$37,COLUMN()-5,FALSE),"مکانیکی",VLOOKUP(INDEX($D$5:$D$261,$E19),'نمودار مکانیکی'!$A$9:$BG$43,COLUMN()-5,FALSE),"برقی",VLOOKUP(INDEX($D$5:$D$261,$E19),'نمودار تاسیسات برقی'!$A$9:$BG$44,COLUMN()-5,FALSE),"خطوط",VLOOKUP(INDEX($D$5:$D$261,$E19),'نمودار خطوط انتقال '!$A$9:$BG$26,COLUMN()-5,FALSE),"شبکه",VLOOKUP(INDEX($D$5:$D$261,$E19),'نمودار شبکه توزیع آ'!$A$9:$BG$22,COLUMN()-5,FALSE),"سد",VLOOKUP(INDEX($D$5:$D$261,$E19),'نمودار سدسازی'!$A$9:$BG$23,COLUMN()-5,FALSE),"فاضلاب",VLOOKUP(INDEX($D$5:$D$261,$E19),'نمودار جمع‌آوری و ا'!$A$9:$BG$26,COLUMN()-5,FALSE),"تجهیزات",VLOOKUP(INDEX($D$5:$D$261,$E19),'نمودار تجهیزات آب و'!$A$9:$BG$42,COLUMN()-5,FALSE),"پست",VLOOKUP(INDEX($D$5:$D$261,$E19),'نمودار پست های انتق'!$A$9:$BG$41,COLUMN()-5,FALSE),"نیرو",VLOOKUP(INDEX($D$5:$D$261,$E19),'نمودار توزیع نیرو ب'!$A$9:$BG$38,COLUMN()-5,FALSE),""))} -> 357.9 | J19: {=IF($E19="","",_xlfn.SWITCH(LEFT(INDEX($B$5:$B$261,$E19),FIND("|",INDEX($B$5:$B$261,$E19))-1),"ابنیه",VLOOKUP(INDEX($D$5:$D$261,$E19),'نمودار ابنیه'!$A$9:$BG$37,COLUMN()-5,FALSE),"مکانیکی",VLOOKUP(INDEX($D$5:$D$261,$E19),'نمودار مکانیکی'!$A$9:$BG$43,COLUMN()-5,FALSE),"برقی",VLOOKUP(INDEX($D$5:$D$261,$E19),'نمودار تاسیسات برقی'!$A$9:$BG$44,COLUMN()-5,FALSE),"خطوط",VLOOKUP(INDEX($D$5:$D$261,$E19),'نمودار خطوط انتقال '!$A$9:$BG$26,COLUMN()-5,FALSE),"شبکه",VLOOKUP(INDEX($D$5:$D$261,$E19),'نمودار شبکه توزیع آ'!$A$9:$BG$22,COLUMN()-5,FALSE),"سد",VLOOKUP(INDEX($D$5:$D$261,$E19),'نمودار سدسازی'!$A$9:$BG$23,COLUMN()-5,FALSE),"فاضلاب",VLOOKUP(INDEX($D$5:$D$261,$E19),'نمودار جمع‌آوری و ا'!$A$9:$BG$26,COLUMN()-5,FALSE),"تجهیزات",VLOOKUP(INDEX($D$5:$D$261,$E19),'نمودار تجهیزات آب و'!$A$9:$BG$42,COLUMN()-5,FALSE),"پست",VLOOKUP(INDEX($D$5:$D$261,$E19),'نمودار پست های انتق'!$A$9:$BG$41,COLUMN()-5,FALSE),"نیرو",VLOOKUP(INDEX($D$5:$D$261,$E19),'نمودار توزیع نیرو ب'!$A$9:$BG$38,COLUMN()-5,FALSE),""))} -> 369.8 | K19: {=IF($E19="","",_xlfn.SWITCH(LEFT(INDEX($B$5:$B$261,$E19),FIND("|",INDEX($B$5:$B$261,$E19))-1),"ابنیه",VLOOKUP(INDEX($D$5:$D$261,$E19),'نمودار ابنیه'!$A$9:$BG$37,COLUMN()-5,FALSE),"مکانیکی",VLOOKUP(INDEX($D$5:$D$261,$E19),'نمودار مکانیکی'!$A$9:$BG$43,COLUMN()-5,FALSE),"برقی",VLOOKUP(INDEX($D$5:$D$261,$E19),'نمودار تاسیسات برقی'!$A$9:$BG$44,COLUMN()-5,FALSE),"خطوط",VLOOKUP(INDEX($D$5:$D$261,$E19),'نمودار خطوط انتقال '!$A$9:$BG$26,COLUMN()-5,FALSE),"شبکه",VLOOKUP(INDEX($D$5:$D$261,$E19),'نمودار شبکه توزیع آ'!$A$9:$BG$22,COLUMN()-5,FALSE),"سد",VLOOKUP(INDEX($D$5:$D$261,$E19),'نمودار سدسازی'!$A$9:$BG$23,COLUMN()-5,FALSE),"فاضلاب",VLOOKUP(INDEX($D$5:$D$261,$E19),'نمودار جمع‌آوری و ا'!$A$9:$BG$26,COLUMN()-5,FALSE),"تجهیزات",VLOOKUP(INDEX($D$5:$D$261,$E19),'نمودار تجهیزات آب و'!$A$9:$BG$42,COLUMN()-5,FALSE),"پست",VLOOKUP(INDEX($D$5:$D$261,$E19),'نمودار پست های انتق'!$A$9:$BG$41,COLUMN()-5,FALSE),"نیرو",VLOOKUP(INDEX($D$5:$D$261,$E19),'نمودار توزیع نیرو ب'!$A$9:$BG$38,COLUMN()-5,FALSE),""))} -> 407 | L19: {=IF($E19="","",_xlfn.SWITCH(LEFT(INDEX($B$5:$B$261,$E19),FIND("|",INDEX($B$5:$B$261,$E19))-1),"ابنیه",VLOOKUP(INDEX($D$5:$D$261,$E19),'نمودار ابنیه'!$A$9:$BG$37,COLUMN()-5,FALSE),"مکانیکی",VLOOKUP(INDEX($D$5:$D$261,$E19),'نمودار مکانیکی'!$A$9:$BG$43,COLUMN()-5,FALSE),"برقی",VLOOKUP(INDEX($D$5:$D$261,$E19),'نمودار تاسیسات برقی'!$A$9:$BG$44,COLUMN()-5,FALSE),"خطوط",VLOOKUP(INDEX($D$5:$D$261,$E19),'نمودار خطوط انتقال '!$A$9:$BG$26,COLUMN()-5,FALSE),"شبکه",VLOOKUP(INDEX($D$5:$D$261,$E19),'نمودار شبکه توزیع آ'!$A$9:$BG$22,COLUMN()-5,FALSE),"سد",VLOOKUP(INDEX($D$5:$D$261,$E19),'نمودار سدسازی'!$A$9:$BG$23,COLUMN()-5,FALSE),"فاضلاب",VLOOKUP(INDEX($D$5:$D$261,$E19),'نمودار جمع‌آوری و ا'!$A$9:$BG$26,COLUMN()-5,FALSE),"تجهیزات",VLOOKUP(INDEX($D$5:$D$261,$E19),'نمودار تجهیزات آب و'!$A$9:$BG$42,COLUMN()-5,FALSE),"پست",VLOOKUP(INDEX($D$5:$D$261,$E19),'نمودار پست های انتق'!$A$9:$BG$41,COLUMN()-5,FALSE),"نیرو",VLOOKUP(INDEX($D$5:$D$261,$E19),'نمودار توزیع نیرو ب'!$A$9:$BG$38,COLUMN()-5,FALSE),""))} -> 428.4 | M19: {=IF($E19="","",_xlfn.SWITCH(LEFT(INDEX($B$5:$B$261,$E19),FIND("|",INDEX($B$5:$B$261,$E19))-1),"ابنیه",VLOOKUP(INDEX($D$5:$D$261,$E19),'نمودار ابنیه'!$A$9:$BG$37,COLUMN()-5,FALSE),"مکانیکی",VLOOKUP(INDEX($D$5:$D$261,$E19),'نمودار مکانیکی'!$A$9:$BG$43,COLUMN()-5,FALSE),"برقی",VLOOKUP(INDEX($D$5:$D$261,$E19),'نمودار تاسیسات برقی'!$A$9:$BG$44,COLUMN()-5,FALSE),"خطوط",VLOOKUP(INDEX($D$5:$D$261,$E19),'نمودار خطوط انتقال '!$A$9:$BG$26,COLUMN()-5,FALSE),"شبکه",VLOOKUP(INDEX($D$5:$D$261,$E19),'نمودار شبکه توزیع آ'!$A$9:$BG$22,COLUMN()-5,FALSE),"سد",VLOOKUP(INDEX($D$5:$D$261,$E19),'نمودار سدسازی'!$A$9:$BG$23,COLUMN()-5,FALSE),"فاضلاب",VLOOKUP(INDEX($D$5:$D$261,$E19),'نمودار جمع‌آوری و ا'!$A$9:$BG$26,COLUMN()-5,FALSE),"تجهیزات",VLOOKUP(INDEX($D$5:$D$261,$E19),'نمودار تجهیزات آب و'!$A$9:$BG$42,COLUMN()-5,FALSE),"پست",VLOOKUP(INDEX($D$5:$D$261,$E19),'نمودار پست های انتق'!$A$9:$BG$41,COLUMN()-5,FALSE),"نیرو",VLOOKUP(INDEX($D$5:$D$261,$E19),'نمودار توزیع نیرو ب'!$A$9:$BG$38,COLUMN()-5,FALSE),""))} -> 464.6 | N19: {=IF($E19="","",_xlfn.SWITCH(LEFT(INDEX($B$5:$B$261,$E19),FIND("|",INDEX($B$5:$B$261,$E19))-1),"ابنیه",VLOOKUP(INDEX($D$5:$D$261,$E19),'نمودار ابنیه'!$A$9:$BG$37,COLUMN()-5,FALSE),"مکانیکی",VLOOKUP(INDEX($D$5:$D$261,$E19),'نمودار مکانیکی'!$A$9:$BG$43,COLUMN()-5,FALSE),"برقی",VLOOKUP(INDEX($D$5:$D$261,$E19),'نمودار تاسیسات برقی'!$A$9:$BG$44,COLUMN()-5,FALSE),"خطوط",VLOOKUP(INDEX($D$5:$D$261,$E19),'نمودار خطوط انتقال '!$A$9:$BG$26,COLUMN()-5,FALSE),"شبکه",VLOOKUP(INDEX($D$5:$D$261,$E19),'نمودار شبکه توزیع آ'!$A$9:$BG$22,COLUMN()-5,FALSE),"سد",VLOOKUP(INDEX($D$5:$D$261,$E19),'نمودار سدسازی'!$A$9:$BG$23,COLUMN()-5,FALSE),"فاضلاب",VLOOKUP(INDEX($D$5:$D$261,$E19),'نمودار جمع‌آوری و ا'!$A$9:$BG$26,COLUMN()-5,FALSE),"تجهیزات",VLOOKUP(INDEX($D$5:$D$261,$E19),'نمودار تجهیزات آب و'!$A$9:$BG$42,COLUMN()-5,FALSE),"پست",VLOOKUP(INDEX($D$5:$D$261,$E19),'نمودار پست های انتق'!$A$9:$BG$41,COLUMN()-5,FALSE),"نیرو",VLOOKUP(INDEX($D$5:$D$261,$E19),'نمودار توزیع نیرو ب'!$A$9:$BG$38,COLUMN()-5,FALSE),""))} -> 481 | ... BL19: {=IF($E19="","",_xlfn.SWITCH(LEFT(INDEX($B$5:$B$261,$E19),FIND("|",INDEX($B$5:$B$261,$E19))-1),"ابنیه",VLOOKUP(INDEX($D$5:$D$261,$E19),'نمودار ابنیه'!$A$9:$BG$37,COLUMN()-5,FALSE),"مکانیکی",VLOOKUP(INDEX($D$5:$D$261,$E19),'نمودار مکانیکی'!$A$9:$BG$43,COLUMN()-5,FALSE),"برقی",VLOOKUP(INDEX($D$5:$D$261,$E19),'نمودار تاسیسات برقی'!$A$9:$BG$44,COLUMN()-5,FALSE),"خطوط",VLOOKUP(INDEX($D$5:$D$261,$E19),'نمودار خطوط انتقال '!$A$9:$BG$26,COLUMN()-5,FALSE),"شبکه",VLOOKUP(INDEX($D$5:$D$261,$E19),'نمودار شبکه توزیع آ'!$A$9:$BG$22,COLUMN()-5,FALSE),"سد",VLOOKUP(INDEX($D$5:$D$261,$E19),'نمودار سدسازی'!$A$9:$BG$23,COLUMN()-5,FALSE),"فاضلاب",VLOOKUP(INDEX($D$5:$D$261,$E19),'نمودار جمع‌آوری و ا'!$A$9:$BG$26,COLUMN()-5,FALSE),"تجهیزات",VLOOKUP(INDEX($D$5:$D$261,$E19),'نمودار تجهیزات آب و'!$A$9:$BG$42,COLUMN()-5,FALSE),"پست",VLOOKUP(INDEX($D$5:$D$261,$E19),'نمودار پست های انتق'!$A$9:$BG$41,COLUMN()-5,FALSE),"نیرو",VLOOKUP(INDEX($D$5:$D$261,$E19),'نمودار توزیع نیرو ب'!$A$9:$BG$38,COLUMN()-5,FALSE),""))} -> 715
A20: 16 | B20: ابنیه|Buildings | C20: {=_xlfn.SWITCH(LEFT(B20,FIND("|",B20)-1),"ابنیه",HLOOKUP(D20,'نمودار ابنیه'!$B$5:$AD$6,2,FALSE),"مکانیکی",HLOOKUP(D20,'نمودار مکانیکی'!$B$5:$AJ$6,2,FALSE),"برقی",HLOOKUP(D20,'نمودار تاسیسات برقی'!$B$5:$AK$6,2,FALSE),"خطوط",HLOOKUP(D20,'نمودار خطوط انتقال '!$B$5:$R$6,2,FALSE),"شبکه",HLOOKUP(D20,'نمودار شبکه توزیع آ'!$B$5:$O$6,2,FALSE),"سد",HLOOKUP(D20,'نمودار سدسازی'!$B$5:$P$6,2,FALSE),"فاضلاب",HLOOKUP(D20,'نمودار جمع‌آوری و ا'!$B$5:$S$6,2,FALSE),"تجهیزات",HLOOKUP(D20,'نمودار تجهیزات آب و'!$B$5:$AG$6,2,FALSE),"پست",HLOOKUP(D20,'نمودار پست های انتق'!$B$5:$AH$6,2,FALSE),"نیرو",HLOOKUP(D20,'نمودار توزیع نیرو ب'!$B$5:$AE$6,2,FALSE),FALSE)} -> FALSE | D20: کارهای فولادی سبک | E20: {=IFERROR(_xlfn.AGGREGATE(15,6,ROW($C$5:$C$261)/($C$5:$C$261=TRUE),15)-4,"")} -> 100 | F20: {=IF($E20="","",LEFT(INDEX($B$5:$B$261,$E20),FIND("|",INDEX($B$5:$B$261,$E20))-1)&":"&LEFT(INDEX($D$5:$D$261,$E20),20))} -> خطوط:عملیات لوله گذاری با | G20: {=IF($E20="","",_xlfn.SWITCH(LEFT(INDEX($B$5:$B$261,$E20),FIND("|",INDEX($B$5:$B$261,$E20))-1),"ابنیه",VLOOKUP(INDEX($D$5:$D$261,$E20),'نمودار ابنیه'!$A$9:$BG$37,COLUMN()-5,FALSE),"مکانیکی",VLOOKUP(INDEX($D$5:$D$261,$E20),'نمودار مکانیکی'!$A$9:$BG$43,COLUMN()-5,FALSE),"برقی",VLOOKUP(INDEX($D$5:$D$261,$E20),'نمودار تاسیسات برقی'!$A$9:$BG$44,COLUMN()-5,FALSE),"خطوط",VLOOKUP(INDEX($D$5:$D$261,$E20),'نمودار خطوط انتقال '!$A$9:$BG$26,COLUMN()-5,FALSE),"شبکه",VLOOKUP(INDEX($D$5:$D$261,$E20),'نمودار شبکه توزیع آ'!$A$9:$BG$22,COLUMN()-5,FALSE),"سد",VLOOKUP(INDEX($D$5:$D$261,$E20),'نمودار سدسازی'!$A$9:$BG$23,COLUMN()-5,FALSE),"فاضلاب",VLOOKUP(INDEX($D$5:$D$261,$E20),'نمودار جمع‌آوری و ا'!$A$9:$BG$26,COLUMN()-5,FALSE),"تجهیزات",VLOOKUP(INDEX($D$5:$D$261,$E20),'نمودار تجهیزات آب و'!$A$9:$BG$42,COLUMN()-5,FALSE),"پست",VLOOKUP(INDEX($D$5:$D$261,$E20),'نمودار پست های انتق'!$A$9:$BG$41,COLUMN()-5,FALSE),"نیرو",VLOOKUP(INDEX($D$5:$D$261,$E20),'نمودار توزیع نیرو ب'!$A$9:$BG$38,COLUMN()-5,FALSE),""))} -> 333.1 | H20: {=IF($E20="","",_xlfn.SWITCH(LEFT(INDEX($B$5:$B$261,$E20),FIND("|",INDEX($B$5:$B$261,$E20))-1),"ابنیه",VLOOKUP(INDEX($D$5:$D$261,$E20),'نمودار ابنیه'!$A$9:$BG$37,COLUMN()-5,FALSE),"مکانیکی",VLOOKUP(INDEX($D$5:$D$261,$E20),'نمودار مکانیکی'!$A$9:$BG$43,COLUMN()-5,FALSE),"برقی",VLOOKUP(INDEX($D$5:$D$261,$E20),'نمودار تاسیسات برقی'!$A$9:$BG$44,COLUMN()-5,FALSE),"خطوط",VLOOKUP(INDEX($D$5:$D$261,$E20),'نمودار خطوط انتقال '!$A$9:$BG$26,COLUMN()-5,FALSE),"شبکه",VLOOKUP(INDEX($D$5:$D$261,$E20),'نمودار شبکه توزیع آ'!$A$9:$BG$22,COLUMN()-5,FALSE),"سد",VLOOKUP(INDEX($D$5:$D$261,$E20),'نمودار سدسازی'!$A$9:$BG$23,COLUMN()-5,FALSE),"فاضلاب",VLOOKUP(INDEX($D$5:$D$261,$E20),'نمودار جمع‌آوری و ا'!$A$9:$BG$26,COLUMN()-5,FALSE),"تجهیزات",VLOOKUP(INDEX($D$5:$D$261,$E20),'نمودار تجهیزات آب و'!$A$9:$BG$42,COLUMN()-5,FALSE),"پست",VLOOKUP(INDEX($D$5:$D$261,$E20),'نمودار پست های انتق'!$A$9:$BG$41,COLUMN()-5,FALSE),"نیرو",VLOOKUP(INDEX($D$5:$D$261,$E20),'نمودار توزیع نیرو ب'!$A$9:$BG$38,COLUMN()-5,FALSE),""))} -> 344.7 | I20: {=IF($E20="","",_xlfn.SWITCH(LEFT(INDEX($B$5:$B$261,$E20),FIND("|",INDEX($B$5:$B$261,$E20))-1),"ابنیه",VLOOKUP(INDEX($D$5:$D$261,$E20),'نمودار ابنیه'!$A$9:$BG$37,COLUMN()-5,FALSE),"مکانیکی",VLOOKUP(INDEX($D$5:$D$261,$E20),'نمودار مکانیکی'!$A$9:$BG$43,COLUMN()-5,FALSE),"برقی",VLOOKUP(INDEX($D$5:$D$261,$E20),'نمودار تاسیسات برقی'!$A$9:$BG$44,COLUMN()-5,FALSE),"خطوط",VLOOKUP(INDEX($D$5:$D$261,$E20),'نمودار خطوط انتقال '!$A$9:$BG$26,COLUMN()-5,FALSE),"شبکه",VLOOKUP(INDEX($D$5:$D$261,$E20),'نمودار شبکه توزیع آ'!$A$9:$BG$22,COLUMN()-5,FALSE),"سد",VLOOKUP(INDEX($D$5:$D$261,$E20),'نمودار سدسازی'!$A$9:$BG$23,COLUMN()-5,FALSE),"فاضلاب",VLOOKUP(INDEX($D$5:$D$261,$E20),'نمودار جمع‌آوری و ا'!$A$9:$BG$26,COLUMN()-5,FALSE),"تجهیزات",VLOOKUP(INDEX($D$5:$D$261,$E20),'نمودار تجهیزات آب و'!$A$9:$BG$42,COLUMN()-5,FALSE),"پست",VLOOKUP(INDEX($D$5:$D$261,$E20),'نمودار پست های انتق'!$A$9:$BG$41,COLUMN()-5,FALSE),"نیرو",VLOOKUP(INDEX($D$5:$D$261,$E20),'نمودار توزیع نیرو ب'!$A$9:$BG$38,COLUMN()-5,FALSE),""))} -> 357.2 | J20: {=IF($E20="","",_xlfn.SWITCH(LEFT(INDEX($B$5:$B$261,$E20),FIND("|",INDEX($B$5:$B$261,$E20))-1),"ابنیه",VLOOKUP(INDEX($D$5:$D$261,$E20),'نمودار ابنیه'!$A$9:$BG$37,COLUMN()-5,FALSE),"مکانیکی",VLOOKUP(INDEX($D$5:$D$261,$E20),'نمودار مکانیکی'!$A$9:$BG$43,COLUMN()-5,FALSE),"برقی",VLOOKUP(INDEX($D$5:$D$261,$E20),'نمودار تاسیسات برقی'!$A$9:$BG$44,COLUMN()-5,FALSE),"خطوط",VLOOKUP(INDEX($D$5:$D$261,$E20),'نمودار خطوط انتقال '!$A$9:$BG$26,COLUMN()-5,FALSE),"شبکه",VLOOKUP(INDEX($D$5:$D$261,$E20),'نمودار شبکه توزیع آ'!$A$9:$BG$22,COLUMN()-5,FALSE),"سد",VLOOKUP(INDEX($D$5:$D$261,$E20),'نمودار سدسازی'!$A$9:$BG$23,COLUMN()-5,FALSE),"فاضلاب",VLOOKUP(INDEX($D$5:$D$261,$E20),'نمودار جمع‌آوری و ا'!$A$9:$BG$26,COLUMN()-5,FALSE),"تجهیزات",VLOOKUP(INDEX($D$5:$D$261,$E20),'نمودار تجهیزات آب و'!$A$9:$BG$42,COLUMN()-5,FALSE),"پست",VLOOKUP(INDEX($D$5:$D$261,$E20),'نمودار پست های انتق'!$A$9:$BG$41,COLUMN()-5,FALSE),"نیرو",VLOOKUP(INDEX($D$5:$D$261,$E20),'نمودار توزیع نیرو ب'!$A$9:$BG$38,COLUMN()-5,FALSE),""))} -> 369.4 | K20: {=IF($E20="","",_xlfn.SWITCH(LEFT(INDEX($B$5:$B$261,$E20),FIND("|",INDEX($B$5:$B$261,$E20))-1),"ابنیه",VLOOKUP(INDEX($D$5:$D$261,$E20),'نمودار ابنیه'!$A$9:$BG$37,COLUMN()-5,FALSE),"مکانیکی",VLOOKUP(INDEX($D$5:$D$261,$E20),'نمودار مکانیکی'!$A$9:$BG$43,COLUMN()-5,FALSE),"برقی",VLOOKUP(INDEX($D$5:$D$261,$E20),'نمودار تاسیسات برقی'!$A$9:$BG$44,COLUMN()-5,FALSE),"خطوط",VLOOKUP(INDEX($D$5:$D$261,$E20),'نمودار خطوط انتقال '!$A$9:$BG$26,COLUMN()-5,FALSE),"شبکه",VLOOKUP(INDEX($D$5:$D$261,$E20),'نمودار شبکه توزیع آ'!$A$9:$BG$22,COLUMN()-5,FALSE),"سد",VLOOKUP(INDEX($D$5:$D$261,$E20),'نمودار سدسازی'!$A$9:$BG$23,COLUMN()-5,FALSE),"فاضلاب",VLOOKUP(INDEX($D$5:$D$261,$E20),'نمودار جمع‌آوری و ا'!$A$9:$BG$26,COLUMN()-5,FALSE),"تجهیزات",VLOOKUP(INDEX($D$5:$D$261,$E20),'نمودار تجهیزات آب و'!$A$9:$BG$42,COLUMN()-5,FALSE),"پست",VLOOKUP(INDEX($D$5:$D$261,$E20),'نمودار پست های انتق'!$A$9:$BG$41,COLUMN()-5,FALSE),"نیرو",VLOOKUP(INDEX($D$5:$D$261,$E20),'نمودار توزیع نیرو ب'!$A$9:$BG$38,COLUMN()-5,FALSE),""))} -> 406.1 | L20: {=IF($E20="","",_xlfn.SWITCH(LEFT(INDEX($B$5:$B$261,$E20),FIND("|",INDEX($B$5:$B$261,$E20))-1),"ابنیه",VLOOKUP(INDEX($D$5:$D$261,$E20),'نمودار ابنیه'!$A$9:$BG$37,COLUMN()-5,FALSE),"مکانیکی",VLOOKUP(INDEX($D$5:$D$261,$E20),'نمودار مکانیکی'!$A$9:$BG$43,COLUMN()-5,FALSE),"برقی",VLOOKUP(INDEX($D$5:$D$261,$E20),'نمودار تاسیسات برقی'!$A$9:$BG$44,COLUMN()-5,FALSE),"خطوط",VLOOKUP(INDEX($D$5:$D$261,$E20),'نمودار خطوط انتقال '!$A$9:$BG$26,COLUMN()-5,FALSE),"شبکه",VLOOKUP(INDEX($D$5:$D$261,$E20),'نمودار شبکه توزیع آ'!$A$9:$BG$22,COLUMN()-5,FALSE),"سد",VLOOKUP(INDEX($D$5:$D$261,$E20),'نمودار سدسازی'!$A$9:$BG$23,COLUMN()-5,FALSE),"فاضلاب",VLOOKUP(INDEX($D$5:$D$261,$E20),'نمودار جمع‌آوری و ا'!$A$9:$BG$26,COLUMN()-5,FALSE),"تجهیزات",VLOOKUP(INDEX($D$5:$D$261,$E20),'نمودار تجهیزات آب و'!$A$9:$BG$42,COLUMN()-5,FALSE),"پست",VLOOKUP(INDEX($D$5:$D$261,$E20),'نمودار پست های انتق'!$A$9:$BG$41,COLUMN()-5,FALSE),"نیرو",VLOOKUP(INDEX($D$5:$D$261,$E20),'نمودار توزیع نیرو ب'!$A$9:$BG$38,COLUMN()-5,FALSE),""))} -> 427.7 | M20: {=IF($E20="","",_xlfn.SWITCH(LEFT(INDEX($B$5:$B$261,$E20),FIND("|",INDEX($B$5:$B$261,$E20))-1),"ابنیه",VLOOKUP(INDEX($D$5:$D$261,$E20),'نمودار ابنیه'!$A$9:$BG$37,COLUMN()-5,FALSE),"مکانیکی",VLOOKUP(INDEX($D$5:$D$261,$E20),'نمودار مکانیکی'!$A$9:$BG$43,COLUMN()-5,FALSE),"برقی",VLOOKUP(INDEX($D$5:$D$261,$E20),'نمودار تاسیسات برقی'!$A$9:$BG$44,COLUMN()-5,FALSE),"خطوط",VLOOKUP(INDEX($D$5:$D$261,$E20),'نمودار خطوط انتقال '!$A$9:$BG$26,COLUMN()-5,FALSE),"شبکه",VLOOKUP(INDEX($D$5:$D$261,$E20),'نمودار شبکه توزیع آ'!$A$9:$BG$22,COLUMN()-5,FALSE),"سد",VLOOKUP(INDEX($D$5:$D$261,$E20),'نمودار سدسازی'!$A$9:$BG$23,COLUMN()-5,FALSE),"فاضلاب",VLOOKUP(INDEX($D$5:$D$261,$E20),'نمودار جمع‌آوری و ا'!$A$9:$BG$26,COLUMN()-5,FALSE),"تجهیزات",VLOOKUP(INDEX($D$5:$D$261,$E20),'نمودار تجهیزات آب و'!$A$9:$BG$42,COLUMN()-5,FALSE),"پست",VLOOKUP(INDEX($D$5:$D$261,$E20),'نمودار پست های انتق'!$A$9:$BG$41,COLUMN()-5,FALSE),"نیرو",VLOOKUP(INDEX($D$5:$D$261,$E20),'نمودار توزیع نیرو ب'!$A$9:$BG$38,COLUMN()-5,FALSE),""))} -> 464.5 | N20: {=IF($E20="","",_xlfn.SWITCH(LEFT(INDEX($B$5:$B$261,$E20),FIND("|",INDEX($B$5:$B$261,$E20))-1),"ابنیه",VLOOKUP(INDEX($D$5:$D$261,$E20),'نمودار ابنیه'!$A$9:$BG$37,COLUMN()-5,FALSE),"مکانیکی",VLOOKUP(INDEX($D$5:$D$261,$E20),'نمودار مکانیکی'!$A$9:$BG$43,COLUMN()-5,FALSE),"برقی",VLOOKUP(INDEX($D$5:$D$261,$E20),'نمودار تاسیسات برقی'!$A$9:$BG$44,COLUMN()-5,FALSE),"خطوط",VLOOKUP(INDEX($D$5:$D$261,$E20),'نمودار خطوط انتقال '!$A$9:$BG$26,COLUMN()-5,FALSE),"شبکه",VLOOKUP(INDEX($D$5:$D$261,$E20),'نمودار شبکه توزیع آ'!$A$9:$BG$22,COLUMN()-5,FALSE),"سد",VLOOKUP(INDEX($D$5:$D$261,$E20),'نمودار سدسازی'!$A$9:$BG$23,COLUMN()-5,FALSE),"فاضلاب",VLOOKUP(INDEX($D$5:$D$261,$E20),'نمودار جمع‌آوری و ا'!$A$9:$BG$26,COLUMN()-5,FALSE),"تجهیزات",VLOOKUP(INDEX($D$5:$D$261,$E20),'نمودار تجهیزات آب و'!$A$9:$BG$42,COLUMN()-5,FALSE),"پست",VLOOKUP(INDEX($D$5:$D$261,$E20),'نمودار پست های انتق'!$A$9:$BG$41,COLUMN()-5,FALSE),"نیرو",VLOOKUP(INDEX($D$5:$D$261,$E20),'نمودار توزیع نیرو ب'!$A$9:$BG$38,COLUMN()-5,FALSE),""))} -> 481.2 | ... BL20: {=IF($E20="","",_xlfn.SWITCH(LEFT(INDEX($B$5:$B$261,$E20),FIND("|",INDEX($B$5:$B$261,$E20))-1),"ابنیه",VLOOKUP(INDEX($D$5:$D$261,$E20),'نمودار ابنیه'!$A$9:$BG$37,COLUMN()-5,FALSE),"مکانیکی",VLOOKUP(INDEX($D$5:$D$261,$E20),'نمودار مکانیکی'!$A$9:$BG$43,COLUMN()-5,FALSE),"برقی",VLOOKUP(INDEX($D$5:$D$261,$E20),'نمودار تاسیسات برقی'!$A$9:$BG$44,COLUMN()-5,FALSE),"خطوط",VLOOKUP(INDEX($D$5:$D$261,$E20),'نمودار خطوط انتقال '!$A$9:$BG$26,COLUMN()-5,FALSE),"شبکه",VLOOKUP(INDEX($D$5:$D$261,$E20),'نمودار شبکه توزیع آ'!$A$9:$BG$22,COLUMN()-5,FALSE),"سد",VLOOKUP(INDEX($D$5:$D$261,$E20),'نمودار سدسازی'!$A$9:$BG$23,COLUMN()-5,FALSE),"فاضلاب",VLOOKUP(INDEX($D$5:$D$261,$E20),'نمودار جمع‌آوری و ا'!$A$9:$BG$26,COLUMN()-5,FALSE),"تجهیزات",VLOOKUP(INDEX($D$5:$D$261,$E20),'نمودار تجهیزات آب و'!$A$9:$BG$42,COLUMN()-5,FALSE),"پست",VLOOKUP(INDEX($D$5:$D$261,$E20),'نمودار پست های انتق'!$A$9:$BG$41,COLUMN()-5,FALSE),"نیرو",VLOOKUP(INDEX($D$5:$D$261,$E20),'نمودار توزیع نیرو ب'!$A$9:$BG$38,COLUMN()-5,FALSE),""))} -> 7982
A21: 17 | B21: ابنیه|Buildings | C21: {=_xlfn.SWITCH(LEFT(B21,FIND("|",B21)-1),"ابنیه",HLOOKUP(D21,'نمودار ابنیه'!$B$5:$AD$6,2,FALSE),"مکانیکی",HLOOKUP(D21,'نمودار مکانیکی'!$B$5:$AJ$6,2,FALSE),"برقی",HLOOKUP(D21,'نمودار تاسیسات برقی'!$B$5:$AK$6,2,FALSE),"خطوط",HLOOKUP(D21,'نمودار خطوط انتقال '!$B$5:$R$6,2,FALSE),"شبکه",HLOOKUP(D21,'نمودار شبکه توزیع آ'!$B$5:$O$6,2,FALSE),"سد",HLOOKUP(D21,'نمودار سدسازی'!$B$5:$P$6,2,FALSE),"فاضلاب",HLOOKUP(D21,'نمودار جمع‌آوری و ا'!$B$5:$S$6,2,FALSE),"تجهیزات",HLOOKUP(D21,'نمودار تجهیزات آب و'!$B$5:$AG$6,2,FALSE),"پست",HLOOKUP(D21,'نمودار پست های انتق'!$B$5:$AH$6,2,FALSE),"نیرو",HLOOKUP(D21,'نمودار توزیع نیرو ب'!$B$5:$AE$6,2,FALSE),FALSE)} -> FALSE | D21: کارهای آلومینیومی | E21: {=IFERROR(_xlfn.AGGREGATE(15,6,ROW($C$5:$C$261)/($C$5:$C$261=TRUE),16)-4,"")} -> 101 | F21: {=IF($E21="","",LEFT(INDEX($B$5:$B$261,$E21),FIND("|",INDEX($B$5:$B$261,$E21))-1)&":"&LEFT(INDEX($D$5:$D$261,$E21),20))} -> خطوط:عملیات لوله گذاری با | G21: {=IF($E21="","",_xlfn.SWITCH(LEFT(INDEX($B$5:$B$261,$E21),FIND("|",INDEX($B$5:$B$261,$E21))-1),"ابنیه",VLOOKUP(INDEX($D$5:$D$261,$E21),'نمودار ابنیه'!$A$9:$BG$37,COLUMN()-5,FALSE),"مکانیکی",VLOOKUP(INDEX($D$5:$D$261,$E21),'نمودار مکانیکی'!$A$9:$BG$43,COLUMN()-5,FALSE),"برقی",VLOOKUP(INDEX($D$5:$D$261,$E21),'نمودار تاسیسات برقی'!$A$9:$BG$44,COLUMN()-5,FALSE),"خطوط",VLOOKUP(INDEX($D$5:$D$261,$E21),'نمودار خطوط انتقال '!$A$9:$BG$26,COLUMN()-5,FALSE),"شبکه",VLOOKUP(INDEX($D$5:$D$261,$E21),'نمودار شبکه توزیع آ'!$A$9:$BG$22,COLUMN()-5,FALSE),"سد",VLOOKUP(INDEX($D$5:$D$261,$E21),'نمودار سدسازی'!$A$9:$BG$23,COLUMN()-5,FALSE),"فاضلاب",VLOOKUP(INDEX($D$5:$D$261,$E21),'نمودار جمع‌آوری و ا'!$A$9:$BG$26,COLUMN()-5,FALSE),"تجهیزات",VLOOKUP(INDEX($D$5:$D$261,$E21),'نمودار تجهیزات آب و'!$A$9:$BG$42,COLUMN()-5,FALSE),"پست",VLOOKUP(INDEX($D$5:$D$261,$E21),'نمودار پست های انتق'!$A$9:$BG$41,COLUMN()-5,FALSE),"نیرو",VLOOKUP(INDEX($D$5:$D$261,$E21),'نمودار توزیع نیرو ب'!$A$9:$BG$38,COLUMN()-5,FALSE),""))} -> 334.6 | H21: {=IF($E21="","",_xlfn.SWITCH(LEFT(INDEX($B$5:$B$261,$E21),FIND("|",INDEX($B$5:$B$261,$E21))-1),"ابنیه",VLOOKUP(INDEX($D$5:$D$261,$E21),'نمودار ابنیه'!$A$9:$BG$37,COLUMN()-5,FALSE),"مکانیکی",VLOOKUP(INDEX($D$5:$D$261,$E21),'نمودار مکانیکی'!$A$9:$BG$43,COLUMN()-5,FALSE),"برقی",VLOOKUP(INDEX($D$5:$D$261,$E21),'نمودار تاسیسات برقی'!$A$9:$BG$44,COLUMN()-5,FALSE),"خطوط",VLOOKUP(INDEX($D$5:$D$261,$E21),'نمودار خطوط انتقال '!$A$9:$BG$26,COLUMN()-5,FALSE),"شبکه",VLOOKUP(INDEX($D$5:$D$261,$E21),'نمودار شبکه توزیع آ'!$A$9:$BG$22,COLUMN()-5,FALSE),"سد",VLOOKUP(INDEX($D$5:$D$261,$E21),'نمودار سدسازی'!$A$9:$BG$23,COLUMN()-5,FALSE),"فاضلاب",VLOOKUP(INDEX($D$5:$D$261,$E21),'نمودار جمع‌آوری و ا'!$A$9:$BG$26,COLUMN()-5,FALSE),"تجهیزات",VLOOKUP(INDEX($D$5:$D$261,$E21),'نمودار تجهیزات آب و'!$A$9:$BG$42,COLUMN()-5,FALSE),"پست",VLOOKUP(INDEX($D$5:$D$261,$E21),'نمودار پست های انتق'!$A$9:$BG$41,COLUMN()-5,FALSE),"نیرو",VLOOKUP(INDEX($D$5:$D$261,$E21),'نمودار توزیع نیرو ب'!$A$9:$BG$38,COLUMN()-5,FALSE),""))} -> 347.1 | I21: {=IF($E21="","",_xlfn.SWITCH(LEFT(INDEX($B$5:$B$261,$E21),FIND("|",INDEX($B$5:$B$261,$E21))-1),"ابنیه",VLOOKUP(INDEX($D$5:$D$261,$E21),'نمودار ابنیه'!$A$9:$BG$37,COLUMN()-5,FALSE),"مکانیکی",VLOOKUP(INDEX($D$5:$D$261,$E21),'نمودار مکانیکی'!$A$9:$BG$43,COLUMN()-5,FALSE),"برقی",VLOOKUP(INDEX($D$5:$D$261,$E21),'نمودار تاسیسات برقی'!$A$9:$BG$44,COLUMN()-5,FALSE),"خطوط",VLOOKUP(INDEX($D$5:$D$261,$E21),'نمودار خطوط انتقال '!$A$9:$BG$26,COLUMN()-5,FALSE),"شبکه",VLOOKUP(INDEX($D$5:$D$261,$E21),'نمودار شبکه توزیع آ'!$A$9:$BG$22,COLUMN()-5,FALSE),"سد",VLOOKUP(INDEX($D$5:$D$261,$E21),'نمودار سدسازی'!$A$9:$BG$23,COLUMN()-5,FALSE),"فاضلاب",VLOOKUP(INDEX($D$5:$D$261,$E21),'نمودار جمع‌آوری و ا'!$A$9:$BG$26,COLUMN()-5,FALSE),"تجهیزات",VLOOKUP(INDEX($D$5:$D$261,$E21),'نمودار تجهیزات آب و'!$A$9:$BG$42,COLUMN()-5,FALSE),"پست",VLOOKUP(INDEX($D$5:$D$261,$E21),'نمودار پست های انتق'!$A$9:$BG$41,COLUMN()-5,FALSE),"نیرو",VLOOKUP(INDEX($D$5:$D$261,$E21),'نمودار توزیع نیرو ب'!$A$9:$BG$38,COLUMN()-5,FALSE),""))} -> 360.6 | J21: {=IF($E21="","",_xlfn.SWITCH(LEFT(INDEX($B$5:$B$261,$E21),FIND("|",INDEX($B$5:$B$261,$E21))-1),"ابنیه",VLOOKUP(INDEX($D$5:$D$261,$E21),'نمودار ابنیه'!$A$9:$BG$37,COLUMN()-5,FALSE),"مکانیکی",VLOOKUP(INDEX($D$5:$D$261,$E21),'نمودار مکانیکی'!$A$9:$BG$43,COLUMN()-5,FALSE),"برقی",VLOOKUP(INDEX($D$5:$D$261,$E21),'نمودار تاسیسات برقی'!$A$9:$BG$44,COLUMN()-5,FALSE),"خطوط",VLOOKUP(INDEX($D$5:$D$261,$E21),'نمودار خطوط انتقال '!$A$9:$BG$26,COLUMN()-5,FALSE),"شبکه",VLOOKUP(INDEX($D$5:$D$261,$E21),'نمودار شبکه توزیع آ'!$A$9:$BG$22,COLUMN()-5,FALSE),"سد",VLOOKUP(INDEX($D$5:$D$261,$E21),'نمودار سدسازی'!$A$9:$BG$23,COLUMN()-5,FALSE),"فاضلاب",VLOOKUP(INDEX($D$5:$D$261,$E21),'نمودار جمع‌آوری و ا'!$A$9:$BG$26,COLUMN()-5,FALSE),"تجهیزات",VLOOKUP(INDEX($D$5:$D$261,$E21),'نمودار تجهیزات آب و'!$A$9:$BG$42,COLUMN()-5,FALSE),"پست",VLOOKUP(INDEX($D$5:$D$261,$E21),'نمودار پست های انتق'!$A$9:$BG$41,COLUMN()-5,FALSE),"نیرو",VLOOKUP(INDEX($D$5:$D$261,$E21),'نمودار توزیع نیرو ب'!$A$9:$BG$38,COLUMN()-5,FALSE),""))} -> 374.5 | K21: {=IF($E21="","",_xlfn.SWITCH(LEFT(INDEX($B$5:$B$261,$E21),FIND("|",INDEX($B$5:$B$261,$E21))-1),"ابنیه",VLOOKUP(INDEX($D$5:$D$261,$E21),'نمودار ابنیه'!$A$9:$BG$37,COLUMN()-5,FALSE),"مکانیکی",VLOOKUP(INDEX($D$5:$D$261,$E21),'نمودار مکانیکی'!$A$9:$BG$43,COLUMN()-5,FALSE),"برقی",VLOOKUP(INDEX($D$5:$D$261,$E21),'نمودار تاسیسات برقی'!$A$9:$BG$44,COLUMN()-5,FALSE),"خطوط",VLOOKUP(INDEX($D$5:$D$261,$E21),'نمودار خطوط انتقال '!$A$9:$BG$26,COLUMN()-5,FALSE),"شبکه",VLOOKUP(INDEX($D$5:$D$261,$E21),'نمودار شبکه توزیع آ'!$A$9:$BG$22,COLUMN()-5,FALSE),"سد",VLOOKUP(INDEX($D$5:$D$261,$E21),'نمودار سدسازی'!$A$9:$BG$23,COLUMN()-5,FALSE),"فاضلاب",VLOOKUP(INDEX($D$5:$D$261,$E21),'نمودار جمع‌آوری و ا'!$A$9:$BG$26,COLUMN()-5,FALSE),"تجهیزات",VLOOKUP(INDEX($D$5:$D$261,$E21),'نمودار تجهیزات آب و'!$A$9:$BG$42,COLUMN()-5,FALSE),"پست",VLOOKUP(INDEX($D$5:$D$261,$E21),'نمودار پست های انتق'!$A$9:$BG$41,COLUMN()-5,FALSE),"نیرو",VLOOKUP(INDEX($D$5:$D$261,$E21),'نمودار توزیع نیرو ب'!$A$9:$BG$38,COLUMN()-5,FALSE),""))} -> 410.8 | L21: {=IF($E21="","",_xlfn.SWITCH(LEFT(INDEX($B$5:$B$261,$E21),FIND("|",INDEX($B$5:$B$261,$E21))-1),"ابنیه",VLOOKUP(INDEX($D$5:$D$261,$E21),'نمودار ابنیه'!$A$9:$BG$37,COLUMN()-5,FALSE),"مکانیکی",VLOOKUP(INDEX($D$5:$D$261,$E21),'نمودار مکانیکی'!$A$9:$BG$43,COLUMN()-5,FALSE),"برقی",VLOOKUP(INDEX($D$5:$D$261,$E21),'نمودار تاسیسات برقی'!$A$9:$BG$44,COLUMN()-5,FALSE),"خطوط",VLOOKUP(INDEX($D$5:$D$261,$E21),'نمودار خطوط انتقال '!$A$9:$BG$26,COLUMN()-5,FALSE),"شبکه",VLOOKUP(INDEX($D$5:$D$261,$E21),'نمودار شبکه توزیع آ'!$A$9:$BG$22,COLUMN()-5,FALSE),"سد",VLOOKUP(INDEX($D$5:$D$261,$E21),'نمودار سدسازی'!$A$9:$BG$23,COLUMN()-5,FALSE),"فاضلاب",VLOOKUP(INDEX($D$5:$D$261,$E21),'نمودار جمع‌آوری و ا'!$A$9:$BG$26,COLUMN()-5,FALSE),"تجهیزات",VLOOKUP(INDEX($D$5:$D$261,$E21),'نمودار تجهیزات آب و'!$A$9:$BG$42,COLUMN()-5,FALSE),"پست",VLOOKUP(INDEX($D$5:$D$261,$E21),'نمودار پست های انتق'!$A$9:$BG$41,COLUMN()-5,FALSE),"نیرو",VLOOKUP(INDEX($D$5:$D$261,$E21),'نمودار توزیع نیرو ب'!$A$9:$BG$38,COLUMN()-5,FALSE),""))} -> 433.2 | M21: {=IF($E21="","",_xlfn.SWITCH(LEFT(INDEX($B$5:$B$261,$E21),FIND("|",INDEX($B$5:$B$261,$E21))-1),"ابنیه",VLOOKUP(INDEX($D$5:$D$261,$E21),'نمودار ابنیه'!$A$9:$BG$37,COLUMN()-5,FALSE),"مکانیکی",VLOOKUP(INDEX($D$5:$D$261,$E21),'نمودار مکانیکی'!$A$9:$BG$43,COLUMN()-5,FALSE),"برقی",VLOOKUP(INDEX($D$5:$D$261,$E21),'نمودار تاسیسات برقی'!$A$9:$BG$44,COLUMN()-5,FALSE),"خطوط",VLOOKUP(INDEX($D$5:$D$261,$E21),'نمودار خطوط انتقال '!$A$9:$BG$26,COLUMN()-5,FALSE),"شبکه",VLOOKUP(INDEX($D$5:$D$261,$E21),'نمودار شبکه توزیع آ'!$A$9:$BG$22,COLUMN()-5,FALSE),"سد",VLOOKUP(INDEX($D$5:$D$261,$E21),'نمودار سدسازی'!$A$9:$BG$23,COLUMN()-5,FALSE),"فاضلاب",VLOOKUP(INDEX($D$5:$D$261,$E21),'نمودار جمع‌آوری و ا'!$A$9:$BG$26,COLUMN()-5,FALSE),"تجهیزات",VLOOKUP(INDEX($D$5:$D$261,$E21),'نمودار تجهیزات آب و'!$A$9:$BG$42,COLUMN()-5,FALSE),"پست",VLOOKUP(INDEX($D$5:$D$261,$E21),'نمودار پست های انتق'!$A$9:$BG$41,COLUMN()-5,FALSE),"نیرو",VLOOKUP(INDEX($D$5:$D$261,$E21),'نمودار توزیع نیرو ب'!$A$9:$BG$38,COLUMN()-5,FALSE),""))} -> 473.4 | N21: {=IF($E21="","",_xlfn.SWITCH(LEFT(INDEX($B$5:$B$261,$E21),FIND("|",INDEX($B$5:$B$261,$E21))-1),"ابنیه",VLOOKUP(INDEX($D$5:$D$261,$E21),'نمودار ابنیه'!$A$9:$BG$37,COLUMN()-5,FALSE),"مکانیکی",VLOOKUP(INDEX($D$5:$D$261,$E21),'نمودار مکانیکی'!$A$9:$BG$43,COLUMN()-5,FALSE),"برقی",VLOOKUP(INDEX($D$5:$D$261,$E21),'نمودار تاسیسات برقی'!$A$9:$BG$44,COLUMN()-5,FALSE),"خطوط",VLOOKUP(INDEX($D$5:$D$261,$E21),'نمودار خطوط انتقال '!$A$9:$BG$26,COLUMN()-5,FALSE),"شبکه",VLOOKUP(INDEX($D$5:$D$261,$E21),'نمودار شبکه توزیع آ'!$A$9:$BG$22,COLUMN()-5,FALSE),"سد",VLOOKUP(INDEX($D$5:$D$261,$E21),'نمودار سدسازی'!$A$9:$BG$23,COLUMN()-5,FALSE),"فاضلاب",VLOOKUP(INDEX($D$5:$D$261,$E21),'نمودار جمع‌آوری و ا'!$A$9:$BG$26,COLUMN()-5,FALSE),"تجهیزات",VLOOKUP(INDEX($D$5:$D$261,$E21),'نمودار تجهیزات آب و'!$A$9:$BG$42,COLUMN()-5,FALSE),"پست",VLOOKUP(INDEX($D$5:$D$261,$E21),'نمودار پست های انتق'!$A$9:$BG$41,COLUMN()-5,FALSE),"نیرو",VLOOKUP(INDEX($D$5:$D$261,$E21),'نمودار توزیع نیرو ب'!$A$9:$BG$38,COLUMN()-5,FALSE),""))} -> 491.8 | ... BL21: {=IF($E21="","",_xlfn.SWITCH(LEFT(INDEX($B$5:$B$261,$E21),FIND("|",INDEX($B$5:$B$261,$E21))-1),"ابنیه",VLOOKUP(INDEX($D$5:$D$261,$E21),'نمودار ابنیه'!$A$9:$BG$37,COLUMN()-5,FALSE),"مکانیکی",VLOOKUP(INDEX($D$5:$D$261,$E21),'نمودار مکانیکی'!$A$9:$BG$43,COLUMN()-5,FALSE),"برقی",VLOOKUP(INDEX($D$5:$D$261,$E21),'نمودار تاسیسات برقی'!$A$9:$BG$44,COLUMN()-5,FALSE),"خطوط",VLOOKUP(INDEX($D$5:$D$261,$E21),'نمودار خطوط انتقال '!$A$9:$BG$26,COLUMN()-5,FALSE),"شبکه",VLOOKUP(INDEX($D$5:$D$261,$E21),'نمودار شبکه توزیع آ'!$A$9:$BG$22,COLUMN()-5,FALSE),"سد",VLOOKUP(INDEX($D$5:$D$261,$E21),'نمودار سدسازی'!$A$9:$BG$23,COLUMN()-5,FALSE),"فاضلاب",VLOOKUP(INDEX($D$5:$D$261,$E21),'نمودار جمع‌آوری و ا'!$A$9:$BG$26,COLUMN()-5,FALSE),"تجهیزات",VLOOKUP(INDEX($D$5:$D$261,$E21),'نمودار تجهیزات آب و'!$A$9:$BG$42,COLUMN()-5,FALSE),"پست",VLOOKUP(INDEX($D$5:$D$261,$E21),'نمودار پست های انتق'!$A$9:$BG$41,COLUMN()-5,FALSE),"نیرو",VLOOKUP(INDEX($D$5:$D$261,$E21),'نمودار توزیع نیرو ب'!$A$9:$BG$38,COLUMN()-5,FALSE),""))} -> 8342.3
A22: 18 | B22: ابنیه|Buildings | C22: {=_xlfn.SWITCH(LEFT(B22,FIND("|",B22)-1),"ابنیه",HLOOKUP(D22,'نمودار ابنیه'!$B$5:$AD$6,2,FALSE),"مکانیکی",HLOOKUP(D22,'نمودار مکانیکی'!$B$5:$AJ$6,2,FALSE),"برقی",HLOOKUP(D22,'نمودار تاسیسات برقی'!$B$5:$AK$6,2,FALSE),"خطوط",HLOOKUP(D22,'نمودار خطوط انتقال '!$B$5:$R$6,2,FALSE),"شبکه",HLOOKUP(D22,'نمودار شبکه توزیع آ'!$B$5:$O$6,2,FALSE),"سد",HLOOKUP(D22,'نمودار سدسازی'!$B$5:$P$6,2,FALSE),"فاضلاب",HLOOKUP(D22,'نمودار جمع‌آوری و ا'!$B$5:$S$6,2,FALSE),"تجهیزات",HLOOKUP(D22,'نمودار تجهیزات آب و'!$B$5:$AG$6,2,FALSE),"پست",HLOOKUP(D22,'نمودار پست های انتق'!$B$5:$AH$6,2,FALSE),"نیرو",HLOOKUP(D22,'نمودار توزیع نیرو ب'!$B$5:$AE$6,2,FALSE),FALSE)} -> FALSE | D22: اندود و بندکشی | E22: {=IFERROR(_xlfn.AGGREGATE(15,6,ROW($C$5:$C$261)/($C$5:$C$261=TRUE),17)-4,"")} -> 102 | F22: {=IF($E22="","",LEFT(INDEX($B$5:$B$261,$E22),FIND("|",INDEX($B$5:$B$261,$E22))-1)&":"&LEFT(INDEX($D$5:$D$261,$E22),20))} -> خطوط:عملیات لوله گذاری با | G22: {=IF($E22="","",_xlfn.SWITCH(LEFT(INDEX($B$5:$B$261,$E22),FIND("|",INDEX($B$5:$B$261,$E22))-1),"ابنیه",VLOOKUP(INDEX($D$5:$D$261,$E22),'نمودار ابنیه'!$A$9:$BG$37,COLUMN()-5,FALSE),"مکانیکی",VLOOKUP(INDEX($D$5:$D$261,$E22),'نمودار مکانیکی'!$A$9:$BG$43,COLUMN()-5,FALSE),"برقی",VLOOKUP(INDEX($D$5:$D$261,$E22),'نمودار تاسیسات برقی'!$A$9:$BG$44,COLUMN()-5,FALSE),"خطوط",VLOOKUP(INDEX($D$5:$D$261,$E22),'نمودار خطوط انتقال '!$A$9:$BG$26,COLUMN()-5,FALSE),"شبکه",VLOOKUP(INDEX($D$5:$D$261,$E22),'نمودار شبکه توزیع آ'!$A$9:$BG$22,COLUMN()-5,FALSE),"سد",VLOOKUP(INDEX($D$5:$D$261,$E22),'نمودار سدسازی'!$A$9:$BG$23,COLUMN()-5,FALSE),"فاضلاب",VLOOKUP(INDEX($D$5:$D$261,$E22),'نمودار جمع‌آوری و ا'!$A$9:$BG$26,COLUMN()-5,FALSE),"تجهیزات",VLOOKUP(INDEX($D$5:$D$261,$E22),'نمودار تجهیزات آب و'!$A$9:$BG$42,COLUMN()-5,FALSE),"پست",VLOOKUP(INDEX($D$5:$D$261,$E22),'نمودار پست های انتق'!$A$9:$BG$41,COLUMN()-5,FALSE),"نیرو",VLOOKUP(INDEX($D$5:$D$261,$E22),'نمودار توزیع نیرو ب'!$A$9:$BG$38,COLUMN()-5,FALSE),""))} -> 334.4 | H22: {=IF($E22="","",_xlfn.SWITCH(LEFT(INDEX($B$5:$B$261,$E22),FIND("|",INDEX($B$5:$B$261,$E22))-1),"ابنیه",VLOOKUP(INDEX($D$5:$D$261,$E22),'نمودار ابنیه'!$A$9:$BG$37,COLUMN()-5,FALSE),"مکانیکی",VLOOKUP(INDEX($D$5:$D$261,$E22),'نمودار مکانیکی'!$A$9:$BG$43,COLUMN()-5,FALSE),"برقی",VLOOKUP(INDEX($D$5:$D$261,$E22),'نمودار تاسیسات برقی'!$A$9:$BG$44,COLUMN()-5,FALSE),"خطوط",VLOOKUP(INDEX($D$5:$D$261,$E22),'نمودار خطوط انتقال '!$A$9:$BG$26,COLUMN()-5,FALSE),"شبکه",VLOOKUP(INDEX($D$5:$D$261,$E22),'نمودار شبکه توزیع آ'!$A$9:$BG$22,COLUMN()-5,FALSE),"سد",VLOOKUP(INDEX($D$5:$D$261,$E22),'نمودار سدسازی'!$A$9:$BG$23,COLUMN()-5,FALSE),"فاضلاب",VLOOKUP(INDEX($D$5:$D$261,$E22),'نمودار جمع‌آوری و ا'!$A$9:$BG$26,COLUMN()-5,FALSE),"تجهیزات",VLOOKUP(INDEX($D$5:$D$261,$E22),'نمودار تجهیزات آب و'!$A$9:$BG$42,COLUMN()-5,FALSE),"پست",VLOOKUP(INDEX($D$5:$D$261,$E22),'نمودار پست های انتق'!$A$9:$BG$41,COLUMN()-5,FALSE),"نیرو",VLOOKUP(INDEX($D$5:$D$261,$E22),'نمودار توزیع نیرو ب'!$A$9:$BG$38,COLUMN()-5,FALSE),""))} -> 346.8 | I22: {=IF($E22="","",_xlfn.SWITCH(LEFT(INDEX($B$5:$B$261,$E22),FIND("|",INDEX($B$5:$B$261,$E22))-1),"ابنیه",VLOOKUP(INDEX($D$5:$D$261,$E22),'نمودار ابنیه'!$A$9:$BG$37,COLUMN()-5,FALSE),"مکانیکی",VLOOKUP(INDEX($D$5:$D$261,$E22),'نمودار مکانیکی'!$A$9:$BG$43,COLUMN()-5,FALSE),"برقی",VLOOKUP(INDEX($D$5:$D$261,$E22),'نمودار تاسیسات برقی'!$A$9:$BG$44,COLUMN()-5,FALSE),"خطوط",VLOOKUP(INDEX($D$5:$D$261,$E22),'نمودار خطوط انتقال '!$A$9:$BG$26,COLUMN()-5,FALSE),"شبکه",VLOOKUP(INDEX($D$5:$D$261,$E22),'نمودار شبکه توزیع آ'!$A$9:$BG$22,COLUMN()-5,FALSE),"سد",VLOOKUP(INDEX($D$5:$D$261,$E22),'نمودار سدسازی'!$A$9:$BG$23,COLUMN()-5,FALSE),"فاضلاب",VLOOKUP(INDEX($D$5:$D$261,$E22),'نمودار جمع‌آوری و ا'!$A$9:$BG$26,COLUMN()-5,FALSE),"تجهیزات",VLOOKUP(INDEX($D$5:$D$261,$E22),'نمودار تجهیزات آب و'!$A$9:$BG$42,COLUMN()-5,FALSE),"پست",VLOOKUP(INDEX($D$5:$D$261,$E22),'نمودار پست های انتق'!$A$9:$BG$41,COLUMN()-5,FALSE),"نیرو",VLOOKUP(INDEX($D$5:$D$261,$E22),'نمودار توزیع نیرو ب'!$A$9:$BG$38,COLUMN()-5,FALSE),""))} -> 361.8 | J22: {=IF($E22="","",_xlfn.SWITCH(LEFT(INDEX($B$5:$B$261,$E22),FIND("|",INDEX($B$5:$B$261,$E22))-1),"ابنیه",VLOOKUP(INDEX($D$5:$D$261,$E22),'نمودار ابنیه'!$A$9:$BG$37,COLUMN()-5,FALSE),"مکانیکی",VLOOKUP(INDEX($D$5:$D$261,$E22),'نمودار مکانیکی'!$A$9:$BG$43,COLUMN()-5,FALSE),"برقی",VLOOKUP(INDEX($D$5:$D$261,$E22),'نمودار تاسیسات برقی'!$A$9:$BG$44,COLUMN()-5,FALSE),"خطوط",VLOOKUP(INDEX($D$5:$D$261,$E22),'نمودار خطوط انتقال '!$A$9:$BG$26,COLUMN()-5,FALSE),"شبکه",VLOOKUP(INDEX($D$5:$D$261,$E22),'نمودار شبکه توزیع آ'!$A$9:$BG$22,COLUMN()-5,FALSE),"سد",VLOOKUP(INDEX($D$5:$D$261,$E22),'نمودار سدسازی'!$A$9:$BG$23,COLUMN()-5,FALSE),"فاضلاب",VLOOKUP(INDEX($D$5:$D$261,$E22),'نمودار جمع‌آوری و ا'!$A$9:$BG$26,COLUMN()-5,FALSE),"تجهیزات",VLOOKUP(INDEX($D$5:$D$261,$E22),'نمودار تجهیزات آب و'!$A$9:$BG$42,COLUMN()-5,FALSE),"پست",VLOOKUP(INDEX($D$5:$D$261,$E22),'نمودار پست های انتق'!$A$9:$BG$41,COLUMN()-5,FALSE),"نیرو",VLOOKUP(INDEX($D$5:$D$261,$E22),'نمودار توزیع نیرو ب'!$A$9:$BG$38,COLUMN()-5,FALSE),""))} -> 376.2 | K22: {=IF($E22="","",_xlfn.SWITCH(LEFT(INDEX($B$5:$B$261,$E22),FIND("|",INDEX($B$5:$B$261,$E22))-1),"ابنیه",VLOOKUP(INDEX($D$5:$D$261,$E22),'نمودار ابنیه'!$A$9:$BG$37,COLUMN()-5,FALSE),"مکانیکی",VLOOKUP(INDEX($D$5:$D$261,$E22),'نمودار مکانیکی'!$A$9:$BG$43,COLUMN()-5,FALSE),"برقی",VLOOKUP(INDEX($D$5:$D$261,$E22),'نمودار تاسیسات برقی'!$A$9:$BG$44,COLUMN()-5,FALSE),"خطوط",VLOOKUP(INDEX($D$5:$D$261,$E22),'نمودار خطوط انتقال '!$A$9:$BG$26,COLUMN()-5,FALSE),"شبکه",VLOOKUP(INDEX($D$5:$D$261,$E22),'نمودار شبکه توزیع آ'!$A$9:$BG$22,COLUMN()-5,FALSE),"سد",VLOOKUP(INDEX($D$5:$D$261,$E22),'نمودار سدسازی'!$A$9:$BG$23,COLUMN()-5,FALSE),"فاضلاب",VLOOKUP(INDEX($D$5:$D$261,$E22),'نمودار جمع‌آوری و ا'!$A$9:$BG$26,COLUMN()-5,FALSE),"تجهیزات",VLOOKUP(INDEX($D$5:$D$261,$E22),'نمودار تجهیزات آب و'!$A$9:$BG$42,COLUMN()-5,FALSE),"پست",VLOOKUP(INDEX($D$5:$D$261,$E22),'نمودار پست های انتق'!$A$9:$BG$41,COLUMN()-5,FALSE),"نیرو",VLOOKUP(INDEX($D$5:$D$261,$E22),'نمودار توزیع نیرو ب'!$A$9:$BG$38,COLUMN()-5,FALSE),""))} -> 412.2 | L22: {=IF($E22="","",_xlfn.SWITCH(LEFT(INDEX($B$5:$B$261,$E22),FIND("|",INDEX($B$5:$B$261,$E22))-1),"ابنیه",VLOOKUP(INDEX($D$5:$D$261,$E22),'نمودار ابنیه'!$A$9:$BG$37,COLUMN()-5,FALSE),"مکانیکی",VLOOKUP(INDEX($D$5:$D$261,$E22),'نمودار مکانیکی'!$A$9:$BG$43,COLUMN()-5,FALSE),"برقی",VLOOKUP(INDEX($D$5:$D$261,$E22),'نمودار تاسیسات برقی'!$A$9:$BG$44,COLUMN()-5,FALSE),"خطوط",VLOOKUP(INDEX($D$5:$D$261,$E22),'نمودار خطوط انتقال '!$A$9:$BG$26,COLUMN()-5,FALSE),"شبکه",VLOOKUP(INDEX($D$5:$D$261,$E22),'نمودار شبکه توزیع آ'!$A$9:$BG$22,COLUMN()-5,FALSE),"سد",VLOOKUP(INDEX($D$5:$D$261,$E22),'نمودار سدسازی'!$A$9:$BG$23,COLUMN()-5,FALSE),"فاضلاب",VLOOKUP(INDEX($D$5:$D$261,$E22),'نمودار جمع‌آوری و ا'!$A$9:$BG$26,COLUMN()-5,FALSE),"تجهیزات",VLOOKUP(INDEX($D$5:$D$261,$E22),'نمودار تجهیزات آب و'!$A$9:$BG$42,COLUMN()-5,FALSE),"پست",VLOOKUP(INDEX($D$5:$D$261,$E22),'نمودار پست های انتق'!$A$9:$BG$41,COLUMN()-5,FALSE),"نیرو",VLOOKUP(INDEX($D$5:$D$261,$E22),'نمودار توزیع نیرو ب'!$A$9:$BG$38,COLUMN()-5,FALSE),""))} -> 435.3 | M22: {=IF($E22="","",_xlfn.SWITCH(LEFT(INDEX($B$5:$B$261,$E22),FIND("|",INDEX($B$5:$B$261,$E22))-1),"ابنیه",VLOOKUP(INDEX($D$5:$D$261,$E22),'نمودار ابنیه'!$A$9:$BG$37,COLUMN()-5,FALSE),"مکانیکی",VLOOKUP(INDEX($D$5:$D$261,$E22),'نمودار مکانیکی'!$A$9:$BG$43,COLUMN()-5,FALSE),"برقی",VLOOKUP(INDEX($D$5:$D$261,$E22),'نمودار تاسیسات برقی'!$A$9:$BG$44,COLUMN()-5,FALSE),"خطوط",VLOOKUP(INDEX($D$5:$D$261,$E22),'نمودار خطوط انتقال '!$A$9:$BG$26,COLUMN()-5,FALSE),"شبکه",VLOOKUP(INDEX($D$5:$D$261,$E22),'نمودار شبکه توزیع آ'!$A$9:$BG$22,COLUMN()-5,FALSE),"سد",VLOOKUP(INDEX($D$5:$D$261,$E22),'نمودار سدسازی'!$A$9:$BG$23,COLUMN()-5,FALSE),"فاضلاب",VLOOKUP(INDEX($D$5:$D$261,$E22),'نمودار جمع‌آوری و ا'!$A$9:$BG$26,COLUMN()-5,FALSE),"تجهیزات",VLOOKUP(INDEX($D$5:$D$261,$E22),'نمودار تجهیزات آب و'!$A$9:$BG$42,COLUMN()-5,FALSE),"پست",VLOOKUP(INDEX($D$5:$D$261,$E22),'نمودار پست های انتق'!$A$9:$BG$41,COLUMN()-5,FALSE),"نیرو",VLOOKUP(INDEX($D$5:$D$261,$E22),'نمودار توزیع نیرو ب'!$A$9:$BG$38,COLUMN()-5,FALSE),""))} -> 479.8 | N22: {=IF($E22="","",_xlfn.SWITCH(LEFT(INDEX($B$5:$B$261,$E22),FIND("|",INDEX($B$5:$B$261,$E22))-1),"ابنیه",VLOOKUP(INDEX($D$5:$D$261,$E22),'نمودار ابنیه'!$A$9:$BG$37,COLUMN()-5,FALSE),"مکانیکی",VLOOKUP(INDEX($D$5:$D$261,$E22),'نمودار مکانیکی'!$A$9:$BG$43,COLUMN()-5,FALSE),"برقی",VLOOKUP(INDEX($D$5:$D$261,$E22),'نمودار تاسیسات برقی'!$A$9:$BG$44,COLUMN()-5,FALSE),"خطوط",VLOOKUP(INDEX($D$5:$D$261,$E22),'نمودار خطوط انتقال '!$A$9:$BG$26,COLUMN()-5,FALSE),"شبکه",VLOOKUP(INDEX($D$5:$D$261,$E22),'نمودار شبکه توزیع آ'!$A$9:$BG$22,COLUMN()-5,FALSE),"سد",VLOOKUP(INDEX($D$5:$D$261,$E22),'نمودار سدسازی'!$A$9:$BG$23,COLUMN()-5,FALSE),"فاضلاب",VLOOKUP(INDEX($D$5:$D$261,$E22),'نمودار جمع‌آوری و ا'!$A$9:$BG$26,COLUMN()-5,FALSE),"تجهیزات",VLOOKUP(INDEX($D$5:$D$261,$E22),'نمودار تجهیزات آب و'!$A$9:$BG$42,COLUMN()-5,FALSE),"پست",VLOOKUP(INDEX($D$5:$D$261,$E22),'نمودار پست های انتق'!$A$9:$BG$41,COLUMN()-5,FALSE),"نیرو",VLOOKUP(INDEX($D$5:$D$261,$E22),'نمودار توزیع نیرو ب'!$A$9:$BG$38,COLUMN()-5,FALSE),""))} -> 500 | ... BL22: {=IF($E22="","",_xlfn.SWITCH(LEFT(INDEX($B$5:$B$261,$E22),FIND("|",INDEX($B$5:$B$261,$E22))-1),"ابنیه",VLOOKUP(INDEX($D$5:$D$261,$E22),'نمودار ابنیه'!$A$9:$BG$37,COLUMN()-5,FALSE),"مکانیکی",VLOOKUP(INDEX($D$5:$D$261,$E22),'نمودار مکانیکی'!$A$9:$BG$43,COLUMN()-5,FALSE),"برقی",VLOOKUP(INDEX($D$5:$D$261,$E22),'نمودار تاسیسات برقی'!$A$9:$BG$44,COLUMN()-5,FALSE),"خطوط",VLOOKUP(INDEX($D$5:$D$261,$E22),'نمودار خطوط انتقال '!$A$9:$BG$26,COLUMN()-5,FALSE),"شبکه",VLOOKUP(INDEX($D$5:$D$261,$E22),'نمودار شبکه توزیع آ'!$A$9:$BG$22,COLUMN()-5,FALSE),"سد",VLOOKUP(INDEX($D$5:$D$261,$E22),'نمودار سدسازی'!$A$9:$BG$23,COLUMN()-5,FALSE),"فاضلاب",VLOOKUP(INDEX($D$5:$D$261,$E22),'نمودار جمع‌آوری و ا'!$A$9:$BG$26,COLUMN()-5,FALSE),"تجهیزات",VLOOKUP(INDEX($D$5:$D$261,$E22),'نمودار تجهیزات آب و'!$A$9:$BG$42,COLUMN()-5,FALSE),"پست",VLOOKUP(INDEX($D$5:$D$261,$E22),'نمودار پست های انتق'!$A$9:$BG$41,COLUMN()-5,FALSE),"نیرو",VLOOKUP(INDEX($D$5:$D$261,$E22),'نمودار توزیع نیرو ب'!$A$9:$BG$38,COLUMN()-5,FALSE),""))} -> 8439.2
A23: 19 | B23: ابنیه|Buildings | C23: {=_xlfn.SWITCH(LEFT(B23,FIND("|",B23)-1),"ابنیه",HLOOKUP(D23,'نمودار ابنیه'!$B$5:$AD$6,2,FALSE),"مکانیکی",HLOOKUP(D23,'نمودار مکانیکی'!$B$5:$AJ$6,2,FALSE),"برقی",HLOOKUP(D23,'نمودار تاسیسات برقی'!$B$5:$AK$6,2,FALSE),"خطوط",HLOOKUP(D23,'نمودار خطوط انتقال '!$B$5:$R$6,2,FALSE),"شبکه",HLOOKUP(D23,'نمودار شبکه توزیع آ'!$B$5:$O$6,2,FALSE),"سد",HLOOKUP(D23,'نمودار سدسازی'!$B$5:$P$6,2,FALSE),"فاضلاب",HLOOKUP(D23,'نمودار جمع‌آوری و ا'!$B$5:$S$6,2,FALSE),"تجهیزات",HLOOKUP(D23,'نمودار تجهیزات آب و'!$B$5:$AG$6,2,FALSE),"پست",HLOOKUP(D23,'نمودار پست های انتق'!$B$5:$AH$6,2,FALSE),"نیرو",HLOOKUP(D23,'نمودار توزیع نیرو ب'!$B$5:$AE$6,2,FALSE),FALSE)} -> FALSE | D23: کارهای چوبی | E23: {=IFERROR(_xlfn.AGGREGATE(15,6,ROW($C$5:$C$261)/($C$5:$C$261=TRUE),18)-4,"")} -> 103 | F23: {=IF($E23="","",LEFT(INDEX($B$5:$B$261,$E23),FIND("|",INDEX($B$5:$B$261,$E23))-1)&":"&LEFT(INDEX($D$5:$D$261,$E23),20))} -> خطوط:عملیات لوله گذاری با | G23: {=IF($E23="","",_xlfn.SWITCH(LEFT(INDEX($B$5:$B$261,$E23),FIND("|",INDEX($B$5:$B$261,$E23))-1),"ابنیه",VLOOKUP(INDEX($D$5:$D$261,$E23),'نمودار ابنیه'!$A$9:$BG$37,COLUMN()-5,FALSE),"مکانیکی",VLOOKUP(INDEX($D$5:$D$261,$E23),'نمودار مکانیکی'!$A$9:$BG$43,COLUMN()-5,FALSE),"برقی",VLOOKUP(INDEX($D$5:$D$261,$E23),'نمودار تاسیسات برقی'!$A$9:$BG$44,COLUMN()-5,FALSE),"خطوط",VLOOKUP(INDEX($D$5:$D$261,$E23),'نمودار خطوط انتقال '!$A$9:$BG$26,COLUMN()-5,FALSE),"شبکه",VLOOKUP(INDEX($D$5:$D$261,$E23),'نمودار شبکه توزیع آ'!$A$9:$BG$22,COLUMN()-5,FALSE),"سد",VLOOKUP(INDEX($D$5:$D$261,$E23),'نمودار سدسازی'!$A$9:$BG$23,COLUMN()-5,FALSE),"فاضلاب",VLOOKUP(INDEX($D$5:$D$261,$E23),'نمودار جمع‌آوری و ا'!$A$9:$BG$26,COLUMN()-5,FALSE),"تجهیزات",VLOOKUP(INDEX($D$5:$D$261,$E23),'نمودار تجهیزات آب و'!$A$9:$BG$42,COLUMN()-5,FALSE),"پست",VLOOKUP(INDEX($D$5:$D$261,$E23),'نمودار پست های انتق'!$A$9:$BG$41,COLUMN()-5,FALSE),"نیرو",VLOOKUP(INDEX($D$5:$D$261,$E23),'نمودار توزیع نیرو ب'!$A$9:$BG$38,COLUMN()-5,FALSE),""))} -> 334.4 | H23: {=IF($E23="","",_xlfn.SWITCH(LEFT(INDEX($B$5:$B$261,$E23),FIND("|",INDEX($B$5:$B$261,$E23))-1),"ابنیه",VLOOKUP(INDEX($D$5:$D$261,$E23),'نمودار ابنیه'!$A$9:$BG$37,COLUMN()-5,FALSE),"مکانیکی",VLOOKUP(INDEX($D$5:$D$261,$E23),'نمودار مکانیکی'!$A$9:$BG$43,COLUMN()-5,FALSE),"برقی",VLOOKUP(INDEX($D$5:$D$261,$E23),'نمودار تاسیسات برقی'!$A$9:$BG$44,COLUMN()-5,FALSE),"خطوط",VLOOKUP(INDEX($D$5:$D$261,$E23),'نمودار خطوط انتقال '!$A$9:$BG$26,COLUMN()-5,FALSE),"شبکه",VLOOKUP(INDEX($D$5:$D$261,$E23),'نمودار شبکه توزیع آ'!$A$9:$BG$22,COLUMN()-5,FALSE),"سد",VLOOKUP(INDEX($D$5:$D$261,$E23),'نمودار سدسازی'!$A$9:$BG$23,COLUMN()-5,FALSE),"فاضلاب",VLOOKUP(INDEX($D$5:$D$261,$E23),'نمودار جمع‌آوری و ا'!$A$9:$BG$26,COLUMN()-5,FALSE),"تجهیزات",VLOOKUP(INDEX($D$5:$D$261,$E23),'نمودار تجهیزات آب و'!$A$9:$BG$42,COLUMN()-5,FALSE),"پست",VLOOKUP(INDEX($D$5:$D$261,$E23),'نمودار پست های انتق'!$A$9:$BG$41,COLUMN()-5,FALSE),"نیرو",VLOOKUP(INDEX($D$5:$D$261,$E23),'نمودار توزیع نیرو ب'!$A$9:$BG$38,COLUMN()-5,FALSE),""))} -> 347.1 | I23: {=IF($E23="","",_xlfn.SWITCH(LEFT(INDEX($B$5:$B$261,$E23),FIND("|",INDEX($B$5:$B$261,$E23))-1),"ابنیه",VLOOKUP(INDEX($D$5:$D$261,$E23),'نمودار ابنیه'!$A$9:$BG$37,COLUMN()-5,FALSE),"مکانیکی",VLOOKUP(INDEX($D$5:$D$261,$E23),'نمودار مکانیکی'!$A$9:$BG$43,COLUMN()-5,FALSE),"برقی",VLOOKUP(INDEX($D$5:$D$261,$E23),'نمودار تاسیسات برقی'!$A$9:$BG$44,COLUMN()-5,FALSE),"خطوط",VLOOKUP(INDEX($D$5:$D$261,$E23),'نمودار خطوط انتقال '!$A$9:$BG$26,COLUMN()-5,FALSE),"شبکه",VLOOKUP(INDEX($D$5:$D$261,$E23),'نمودار شبکه توزیع آ'!$A$9:$BG$22,COLUMN()-5,FALSE),"سد",VLOOKUP(INDEX($D$5:$D$261,$E23),'نمودار سدسازی'!$A$9:$BG$23,COLUMN()-5,FALSE),"فاضلاب",VLOOKUP(INDEX($D$5:$D$261,$E23),'نمودار جمع‌آوری و ا'!$A$9:$BG$26,COLUMN()-5,FALSE),"تجهیزات",VLOOKUP(INDEX($D$5:$D$261,$E23),'نمودار تجهیزات آب و'!$A$9:$BG$42,COLUMN()-5,FALSE),"پست",VLOOKUP(INDEX($D$5:$D$261,$E23),'نمودار پست های انتق'!$A$9:$BG$41,COLUMN()-5,FALSE),"نیرو",VLOOKUP(INDEX($D$5:$D$261,$E23),'نمودار توزیع نیرو ب'!$A$9:$BG$38,COLUMN()-5,FALSE),""))} -> 361.5 | J23: {=IF($E23="","",_xlfn.SWITCH(LEFT(INDEX($B$5:$B$261,$E23),FIND("|",INDEX($B$5:$B$261,$E23))-1),"ابنیه",VLOOKUP(INDEX($D$5:$D$261,$E23),'نمودار ابنیه'!$A$9:$BG$37,COLUMN()-5,FALSE),"مکانیکی",VLOOKUP(INDEX($D$5:$D$261,$E23),'نمودار مکانیکی'!$A$9:$BG$43,COLUMN()-5,FALSE),"برقی",VLOOKUP(INDEX($D$5:$D$261,$E23),'نمودار تاسیسات برقی'!$A$9:$BG$44,COLUMN()-5,FALSE),"خطوط",VLOOKUP(INDEX($D$5:$D$261,$E23),'نمودار خطوط انتقال '!$A$9:$BG$26,COLUMN()-5,FALSE),"شبکه",VLOOKUP(INDEX($D$5:$D$261,$E23),'نمودار شبکه توزیع آ'!$A$9:$BG$22,COLUMN()-5,FALSE),"سد",VLOOKUP(INDEX($D$5:$D$261,$E23),'نمودار سدسازی'!$A$9:$BG$23,COLUMN()-5,FALSE),"فاضلاب",VLOOKUP(INDEX($D$5:$D$261,$E23),'نمودار جمع‌آوری و ا'!$A$9:$BG$26,COLUMN()-5,FALSE),"تجهیزات",VLOOKUP(INDEX($D$5:$D$261,$E23),'نمودار تجهیزات آب و'!$A$9:$BG$42,COLUMN()-5,FALSE),"پست",VLOOKUP(INDEX($D$5:$D$261,$E23),'نمودار پست های انتق'!$A$9:$BG$41,COLUMN()-5,FALSE),"نیرو",VLOOKUP(INDEX($D$5:$D$261,$E23),'نمودار توزیع نیرو ب'!$A$9:$BG$38,COLUMN()-5,FALSE),""))} -> 376 | K23: {=IF($E23="","",_xlfn.SWITCH(LEFT(INDEX($B$5:$B$261,$E23),FIND("|",INDEX($B$5:$B$261,$E23))-1),"ابنیه",VLOOKUP(INDEX($D$5:$D$261,$E23),'نمودار ابنیه'!$A$9:$BG$37,COLUMN()-5,FALSE),"مکانیکی",VLOOKUP(INDEX($D$5:$D$261,$E23),'نمودار مکانیکی'!$A$9:$BG$43,COLUMN()-5,FALSE),"برقی",VLOOKUP(INDEX($D$5:$D$261,$E23),'نمودار تاسیسات برقی'!$A$9:$BG$44,COLUMN()-5,FALSE),"خطوط",VLOOKUP(INDEX($D$5:$D$261,$E23),'نمودار خطوط انتقال '!$A$9:$BG$26,COLUMN()-5,FALSE),"شبکه",VLOOKUP(INDEX($D$5:$D$261,$E23),'نمودار شبکه توزیع آ'!$A$9:$BG$22,COLUMN()-5,FALSE),"سد",VLOOKUP(INDEX($D$5:$D$261,$E23),'نمودار سدسازی'!$A$9:$BG$23,COLUMN()-5,FALSE),"فاضلاب",VLOOKUP(INDEX($D$5:$D$261,$E23),'نمودار جمع‌آوری و ا'!$A$9:$BG$26,COLUMN()-5,FALSE),"تجهیزات",VLOOKUP(INDEX($D$5:$D$261,$E23),'نمودار تجهیزات آب و'!$A$9:$BG$42,COLUMN()-5,FALSE),"پست",VLOOKUP(INDEX($D$5:$D$261,$E23),'نمودار پست های انتق'!$A$9:$BG$41,COLUMN()-5,FALSE),"نیرو",VLOOKUP(INDEX($D$5:$D$261,$E23),'نمودار توزیع نیرو ب'!$A$9:$BG$38,COLUMN()-5,FALSE),""))} -> 411.7 | L23: {=IF($E23="","",_xlfn.SWITCH(LEFT(INDEX($B$5:$B$261,$E23),FIND("|",INDEX($B$5:$B$261,$E23))-1),"ابنیه",VLOOKUP(INDEX($D$5:$D$261,$E23),'نمودار ابنیه'!$A$9:$BG$37,COLUMN()-5,FALSE),"مکانیکی",VLOOKUP(INDEX($D$5:$D$261,$E23),'نمودار مکانیکی'!$A$9:$BG$43,COLUMN()-5,FALSE),"برقی",VLOOKUP(INDEX($D$5:$D$261,$E23),'نمودار تاسیسات برقی'!$A$9:$BG$44,COLUMN()-5,FALSE),"خطوط",VLOOKUP(INDEX($D$5:$D$261,$E23),'نمودار خطوط انتقال '!$A$9:$BG$26,COLUMN()-5,FALSE),"شبکه",VLOOKUP(INDEX($D$5:$D$261,$E23),'نمودار شبکه توزیع آ'!$A$9:$BG$22,COLUMN()-5,FALSE),"سد",VLOOKUP(INDEX($D$5:$D$261,$E23),'نمودار سدسازی'!$A$9:$BG$23,COLUMN()-5,FALSE),"فاضلاب",VLOOKUP(INDEX($D$5:$D$261,$E23),'نمودار جمع‌آوری و ا'!$A$9:$BG$26,COLUMN()-5,FALSE),"تجهیزات",VLOOKUP(INDEX($D$5:$D$261,$E23),'نمودار تجهیزات آب و'!$A$9:$BG$42,COLUMN()-5,FALSE),"پست",VLOOKUP(INDEX($D$5:$D$261,$E23),'نمودار پست های انتق'!$A$9:$BG$41,COLUMN()-5,FALSE),"نیرو",VLOOKUP(INDEX($D$5:$D$261,$E23),'نمودار توزیع نیرو ب'!$A$9:$BG$38,COLUMN()-5,FALSE),""))} -> 434.7 | M23: {=IF($E23="","",_xlfn.SWITCH(LEFT(INDEX($B$5:$B$261,$E23),FIND("|",INDEX($B$5:$B$261,$E23))-1),"ابنیه",VLOOKUP(INDEX($D$5:$D$261,$E23),'نمودار ابنیه'!$A$9:$BG$37,COLUMN()-5,FALSE),"مکانیکی",VLOOKUP(INDEX($D$5:$D$261,$E23),'نمودار مکانیکی'!$A$9:$BG$43,COLUMN()-5,FALSE),"برقی",VLOOKUP(INDEX($D$5:$D$261,$E23),'نمودار تاسیسات برقی'!$A$9:$BG$44,COLUMN()-5,FALSE),"خطوط",VLOOKUP(INDEX($D$5:$D$261,$E23),'نمودار خطوط انتقال '!$A$9:$BG$26,COLUMN()-5,FALSE),"شبکه",VLOOKUP(INDEX($D$5:$D$261,$E23),'نمودار شبکه توزیع آ'!$A$9:$BG$22,COLUMN()-5,FALSE),"سد",VLOOKUP(INDEX($D$5:$D$261,$E23),'نمودار سدسازی'!$A$9:$BG$23,COLUMN()-5,FALSE),"فاضلاب",VLOOKUP(INDEX($D$5:$D$261,$E23),'نمودار جمع‌آوری و ا'!$A$9:$BG$26,COLUMN()-5,FALSE),"تجهیزات",VLOOKUP(INDEX($D$5:$D$261,$E23),'نمودار تجهیزات آب و'!$A$9:$BG$42,COLUMN()-5,FALSE),"پست",VLOOKUP(INDEX($D$5:$D$261,$E23),'نمودار پست های انتق'!$A$9:$BG$41,COLUMN()-5,FALSE),"نیرو",VLOOKUP(INDEX($D$5:$D$261,$E23),'نمودار توزیع نیرو ب'!$A$9:$BG$38,COLUMN()-5,FALSE),""))} -> 476.5 | N23: {=IF($E23="","",_xlfn.SWITCH(LEFT(INDEX($B$5:$B$261,$E23),FIND("|",INDEX($B$5:$B$261,$E23))-1),"ابنیه",VLOOKUP(INDEX($D$5:$D$261,$E23),'نمودار ابنیه'!$A$9:$BG$37,COLUMN()-5,FALSE),"مکانیکی",VLOOKUP(INDEX($D$5:$D$261,$E23),'نمودار مکانیکی'!$A$9:$BG$43,COLUMN()-5,FALSE),"برقی",VLOOKUP(INDEX($D$5:$D$261,$E23),'نمودار تاسیسات برقی'!$A$9:$BG$44,COLUMN()-5,FALSE),"خطوط",VLOOKUP(INDEX($D$5:$D$261,$E23),'نمودار خطوط انتقال '!$A$9:$BG$26,COLUMN()-5,FALSE),"شبکه",VLOOKUP(INDEX($D$5:$D$261,$E23),'نمودار شبکه توزیع آ'!$A$9:$BG$22,COLUMN()-5,FALSE),"سد",VLOOKUP(INDEX($D$5:$D$261,$E23),'نمودار سدسازی'!$A$9:$BG$23,COLUMN()-5,FALSE),"فاضلاب",VLOOKUP(INDEX($D$5:$D$261,$E23),'نمودار جمع‌آوری و ا'!$A$9:$BG$26,COLUMN()-5,FALSE),"تجهیزات",VLOOKUP(INDEX($D$5:$D$261,$E23),'نمودار تجهیزات آب و'!$A$9:$BG$42,COLUMN()-5,FALSE),"پست",VLOOKUP(INDEX($D$5:$D$261,$E23),'نمودار پست های انتق'!$A$9:$BG$41,COLUMN()-5,FALSE),"نیرو",VLOOKUP(INDEX($D$5:$D$261,$E23),'نمودار توزیع نیرو ب'!$A$9:$BG$38,COLUMN()-5,FALSE),""))} -> 495.6 | ... BL23: {=IF($E23="","",_xlfn.SWITCH(LEFT(INDEX($B$5:$B$261,$E23),FIND("|",INDEX($B$5:$B$261,$E23))-1),"ابنیه",VLOOKUP(INDEX($D$5:$D$261,$E23),'نمودار ابنیه'!$A$9:$BG$37,COLUMN()-5,FALSE),"مکانیکی",VLOOKUP(INDEX($D$5:$D$261,$E23),'نمودار مکانیکی'!$A$9:$BG$43,COLUMN()-5,FALSE),"برقی",VLOOKUP(INDEX($D$5:$D$261,$E23),'نمودار تاسیسات برقی'!$A$9:$BG$44,COLUMN()-5,FALSE),"خطوط",VLOOKUP(INDEX($D$5:$D$261,$E23),'نمودار خطوط انتقال '!$A$9:$BG$26,COLUMN()-5,FALSE),"شبکه",VLOOKUP(INDEX($D$5:$D$261,$E23),'نمودار شبکه توزیع آ'!$A$9:$BG$22,COLUMN()-5,FALSE),"سد",VLOOKUP(INDEX($D$5:$D$261,$E23),'نمودار سدسازی'!$A$9:$BG$23,COLUMN()-5,FALSE),"فاضلاب",VLOOKUP(INDEX($D$5:$D$261,$E23),'نمودار جمع‌آوری و ا'!$A$9:$BG$26,COLUMN()-5,FALSE),"تجهیزات",VLOOKUP(INDEX($D$5:$D$261,$E23),'نمودار تجهیزات آب و'!$A$9:$BG$42,COLUMN()-5,FALSE),"پست",VLOOKUP(INDEX($D$5:$D$261,$E23),'نمودار پست های انتق'!$A$9:$BG$41,COLUMN()-5,FALSE),"نیرو",VLOOKUP(INDEX($D$5:$D$261,$E23),'نمودار توزیع نیرو ب'!$A$9:$BG$38,COLUMN()-5,FALSE),""))} -> 8415.5
A24: 20 | B24: ابنیه|Buildings | C24: {=_xlfn.SWITCH(LEFT(B24,FIND("|",B24)-1),"ابنیه",HLOOKUP(D24,'نمودار ابنیه'!$B$5:$AD$6,2,FALSE),"مکانیکی",HLOOKUP(D24,'نمودار مکانیکی'!$B$5:$AJ$6,2,FALSE),"برقی",HLOOKUP(D24,'نمودار تاسیسات برقی'!$B$5:$AK$6,2,FALSE),"خطوط",HLOOKUP(D24,'نمودار خطوط انتقال '!$B$5:$R$6,2,FALSE),"شبکه",HLOOKUP(D24,'نمودار شبکه توزیع آ'!$B$5:$O$6,2,FALSE),"سد",HLOOKUP(D24,'نمودار سدسازی'!$B$5:$P$6,2,FALSE),"فاضلاب",HLOOKUP(D24,'نمودار جمع‌آوری و ا'!$B$5:$S$6,2,FALSE),"تجهیزات",HLOOKUP(D24,'نمودار تجهیزات آب و'!$B$5:$AG$6,2,FALSE),"پست",HLOOKUP(D24,'نمودار پست های انتق'!$B$5:$AH$6,2,FALSE),"نیرو",HLOOKUP(D24,'نمودار توزیع نیرو ب'!$B$5:$AE$6,2,FALSE),FALSE)} -> FALSE | D24: کاشی و سرامیک کاری | E24: {=IFERROR(_xlfn.AGGREGATE(15,6,ROW($C$5:$C$261)/($C$5:$C$261=TRUE),19)-4,"")} -> 116 | F24: {=IF($E24="","",LEFT(INDEX($B$5:$B$261,$E24),FIND("|",INDEX($B$5:$B$261,$E24))-1)&":"&LEFT(INDEX($D$5:$D$261,$E24),20))} -> شبکه:عملیات لوله گذاری با | G24: {=IF($E24="","",_xlfn.SWITCH(LEFT(INDEX($B$5:$B$261,$E24),FIND("|",INDEX($B$5:$B$261,$E24))-1),"ابنیه",VLOOKUP(INDEX($D$5:$D$261,$E24),'نمودار ابنیه'!$A$9:$BG$37,COLUMN()-5,FALSE),"مکانیکی",VLOOKUP(INDEX($D$5:$D$261,$E24),'نمودار مکانیکی'!$A$9:$BG$43,COLUMN()-5,FALSE),"برقی",VLOOKUP(INDEX($D$5:$D$261,$E24),'نمودار تاسیسات برقی'!$A$9:$BG$44,COLUMN()-5,FALSE),"خطوط",VLOOKUP(INDEX($D$5:$D$261,$E24),'نمودار خطوط انتقال '!$A$9:$BG$26,COLUMN()-5,FALSE),"شبکه",VLOOKUP(INDEX($D$5:$D$261,$E24),'نمودار شبکه توزیع آ'!$A$9:$BG$22,COLUMN()-5,FALSE),"سد",VLOOKUP(INDEX($D$5:$D$261,$E24),'نمودار سدسازی'!$A$9:$BG$23,COLUMN()-5,FALSE),"فاضلاب",VLOOKUP(INDEX($D$5:$D$261,$E24),'نمودار جمع‌آوری و ا'!$A$9:$BG$26,COLUMN()-5,FALSE),"تجهیزات",VLOOKUP(INDEX($D$5:$D$261,$E24),'نمودار تجهیزات آب و'!$A$9:$BG$42,COLUMN()-5,FALSE),"پست",VLOOKUP(INDEX($D$5:$D$261,$E24),'نمودار پست های انتق'!$A$9:$BG$41,COLUMN()-5,FALSE),"نیرو",VLOOKUP(INDEX($D$5:$D$261,$E24),'نمودار توزیع نیرو ب'!$A$9:$BG$38,COLUMN()-5,FALSE),""))} -> 336.1 | H24: {=IF($E24="","",_xlfn.SWITCH(LEFT(INDEX($B$5:$B$261,$E24),FIND("|",INDEX($B$5:$B$261,$E24))-1),"ابنیه",VLOOKUP(INDEX($D$5:$D$261,$E24),'نمودار ابنیه'!$A$9:$BG$37,COLUMN()-5,FALSE),"مکانیکی",VLOOKUP(INDEX($D$5:$D$261,$E24),'نمودار مکانیکی'!$A$9:$BG$43,COLUMN()-5,FALSE),"برقی",VLOOKUP(INDEX($D$5:$D$261,$E24),'نمودار تاسیسات برقی'!$A$9:$BG$44,COLUMN()-5,FALSE),"خطوط",VLOOKUP(INDEX($D$5:$D$261,$E24),'نمودار خطوط انتقال '!$A$9:$BG$26,COLUMN()-5,FALSE),"شبکه",VLOOKUP(INDEX($D$5:$D$261,$E24),'نمودار شبکه توزیع آ'!$A$9:$BG$22,COLUMN()-5,FALSE),"سد",VLOOKUP(INDEX($D$5:$D$261,$E24),'نمودار سدسازی'!$A$9:$BG$23,COLUMN()-5,FALSE),"فاضلاب",VLOOKUP(INDEX($D$5:$D$261,$E24),'نمودار جمع‌آوری و ا'!$A$9:$BG$26,COLUMN()-5,FALSE),"تجهیزات",VLOOKUP(INDEX($D$5:$D$261,$E24),'نمودار تجهیزات آب و'!$A$9:$BG$42,COLUMN()-5,FALSE),"پست",VLOOKUP(INDEX($D$5:$D$261,$E24),'نمودار پست های انتق'!$A$9:$BG$41,COLUMN()-5,FALSE),"نیرو",VLOOKUP(INDEX($D$5:$D$261,$E24),'نمودار توزیع نیرو ب'!$A$9:$BG$38,COLUMN()-5,FALSE),""))} -> 346.2 | I24: {=IF($E24="","",_xlfn.SWITCH(LEFT(INDEX($B$5:$B$261,$E24),FIND("|",INDEX($B$5:$B$261,$E24))-1),"ابنیه",VLOOKUP(INDEX($D$5:$D$261,$E24),'نمودار ابنیه'!$A$9:$BG$37,COLUMN()-5,FALSE),"مکانیکی",VLOOKUP(INDEX($D$5:$D$261,$E24),'نمودار مکانیکی'!$A$9:$BG$43,COLUMN()-5,FALSE),"برقی",VLOOKUP(INDEX($D$5:$D$261,$E24),'نمودار تاسیسات برقی'!$A$9:$BG$44,COLUMN()-5,FALSE),"خطوط",VLOOKUP(INDEX($D$5:$D$261,$E24),'نمودار خطوط انتقال '!$A$9:$BG$26,COLUMN()-5,FALSE),"شبکه",VLOOKUP(INDEX($D$5:$D$261,$E24),'نمودار شبکه توزیع آ'!$A$9:$BG$22,COLUMN()-5,FALSE),"سد",VLOOKUP(INDEX($D$5:$D$261,$E24),'نمودار سدسازی'!$A$9:$BG$23,COLUMN()-5,FALSE),"فاضلاب",VLOOKUP(INDEX($D$5:$D$261,$E24),'نمودار جمع‌آوری و ا'!$A$9:$BG$26,COLUMN()-5,FALSE),"تجهیزات",VLOOKUP(INDEX($D$5:$D$261,$E24),'نمودار تجهیزات آب و'!$A$9:$BG$42,COLUMN()-5,FALSE),"پست",VLOOKUP(INDEX($D$5:$D$261,$E24),'نمودار پست های انتق'!$A$9:$BG$41,COLUMN()-5,FALSE),"نیرو",VLOOKUP(INDEX($D$5:$D$261,$E24),'نمودار توزیع نیرو ب'!$A$9:$BG$38,COLUMN()-5,FALSE),""))} -> 355.3 | J24: {=IF($E24="","",_xlfn.SWITCH(LEFT(INDEX($B$5:$B$261,$E24),FIND("|",INDEX($B$5:$B$261,$E24))-1),"ابنیه",VLOOKUP(INDEX($D$5:$D$261,$E24),'نمودار ابنیه'!$A$9:$BG$37,COLUMN()-5,FALSE),"مکانیکی",VLOOKUP(INDEX($D$5:$D$261,$E24),'نمودار مکانیکی'!$A$9:$BG$43,COLUMN()-5,FALSE),"برقی",VLOOKUP(INDEX($D$5:$D$261,$E24),'نمودار تاسیسات برقی'!$A$9:$BG$44,COLUMN()-5,FALSE),"خطوط",VLOOKUP(INDEX($D$5:$D$261,$E24),'نمودار خطوط انتقال '!$A$9:$BG$26,COLUMN()-5,FALSE),"شبکه",VLOOKUP(INDEX($D$5:$D$261,$E24),'نمودار شبکه توزیع آ'!$A$9:$BG$22,COLUMN()-5,FALSE),"سد",VLOOKUP(INDEX($D$5:$D$261,$E24),'نمودار سدسازی'!$A$9:$BG$23,COLUMN()-5,FALSE),"فاضلاب",VLOOKUP(INDEX($D$5:$D$261,$E24),'نمودار جمع‌آوری و ا'!$A$9:$BG$26,COLUMN()-5,FALSE),"تجهیزات",VLOOKUP(INDEX($D$5:$D$261,$E24),'نمودار تجهیزات آب و'!$A$9:$BG$42,COLUMN()-5,FALSE),"پست",VLOOKUP(INDEX($D$5:$D$261,$E24),'نمودار پست های انتق'!$A$9:$BG$41,COLUMN()-5,FALSE),"نیرو",VLOOKUP(INDEX($D$5:$D$261,$E24),'نمودار توزیع نیرو ب'!$A$9:$BG$38,COLUMN()-5,FALSE),""))} -> 364.3 | K24: {=IF($E24="","",_xlfn.SWITCH(LEFT(INDEX($B$5:$B$261,$E24),FIND("|",INDEX($B$5:$B$261,$E24))-1),"ابنیه",VLOOKUP(INDEX($D$5:$D$261,$E24),'نمودار ابنیه'!$A$9:$BG$37,COLUMN()-5,FALSE),"مکانیکی",VLOOKUP(INDEX($D$5:$D$261,$E24),'نمودار مکانیکی'!$A$9:$BG$43,COLUMN()-5,FALSE),"برقی",VLOOKUP(INDEX($D$5:$D$261,$E24),'نمودار تاسیسات برقی'!$A$9:$BG$44,COLUMN()-5,FALSE),"خطوط",VLOOKUP(INDEX($D$5:$D$261,$E24),'نمودار خطوط انتقال '!$A$9:$BG$26,COLUMN()-5,FALSE),"شبکه",VLOOKUP(INDEX($D$5:$D$261,$E24),'نمودار شبکه توزیع آ'!$A$9:$BG$22,COLUMN()-5,FALSE),"سد",VLOOKUP(INDEX($D$5:$D$261,$E24),'نمودار سدسازی'!$A$9:$BG$23,COLUMN()-5,FALSE),"فاضلاب",VLOOKUP(INDEX($D$5:$D$261,$E24),'نمودار جمع‌آوری و ا'!$A$9:$BG$26,COLUMN()-5,FALSE),"تجهیزات",VLOOKUP(INDEX($D$5:$D$261,$E24),'نمودار تجهیزات آب و'!$A$9:$BG$42,COLUMN()-5,FALSE),"پست",VLOOKUP(INDEX($D$5:$D$261,$E24),'نمودار پست های انتق'!$A$9:$BG$41,COLUMN()-5,FALSE),"نیرو",VLOOKUP(INDEX($D$5:$D$261,$E24),'نمودار توزیع نیرو ب'!$A$9:$BG$38,COLUMN()-5,FALSE),""))} -> 403.2 | L24: {=IF($E24="","",_xlfn.SWITCH(LEFT(INDEX($B$5:$B$261,$E24),FIND("|",INDEX($B$5:$B$261,$E24))-1),"ابنیه",VLOOKUP(INDEX($D$5:$D$261,$E24),'نمودار ابنیه'!$A$9:$BG$37,COLUMN()-5,FALSE),"مکانیکی",VLOOKUP(INDEX($D$5:$D$261,$E24),'نمودار مکانیکی'!$A$9:$BG$43,COLUMN()-5,FALSE),"برقی",VLOOKUP(INDEX($D$5:$D$261,$E24),'نمودار تاسیسات برقی'!$A$9:$BG$44,COLUMN()-5,FALSE),"خطوط",VLOOKUP(INDEX($D$5:$D$261,$E24),'نمودار خطوط انتقال '!$A$9:$BG$26,COLUMN()-5,FALSE),"شبکه",VLOOKUP(INDEX($D$5:$D$261,$E24),'نمودار شبکه توزیع آ'!$A$9:$BG$22,COLUMN()-5,FALSE),"سد",VLOOKUP(INDEX($D$5:$D$261,$E24),'نمودار سدسازی'!$A$9:$BG$23,COLUMN()-5,FALSE),"فاضلاب",VLOOKUP(INDEX($D$5:$D$261,$E24),'نمودار جمع‌آوری و ا'!$A$9:$BG$26,COLUMN()-5,FALSE),"تجهیزات",VLOOKUP(INDEX($D$5:$D$261,$E24),'نمودار تجهیزات آب و'!$A$9:$BG$42,COLUMN()-5,FALSE),"پست",VLOOKUP(INDEX($D$5:$D$261,$E24),'نمودار پست های انتق'!$A$9:$BG$41,COLUMN()-5,FALSE),"نیرو",VLOOKUP(INDEX($D$5:$D$261,$E24),'نمودار توزیع نیرو ب'!$A$9:$BG$38,COLUMN()-5,FALSE),""))} -> 422.5 | M24: {=IF($E24="","",_xlfn.SWITCH(LEFT(INDEX($B$5:$B$261,$E24),FIND("|",INDEX($B$5:$B$261,$E24))-1),"ابنیه",VLOOKUP(INDEX($D$5:$D$261,$E24),'نمودار ابنیه'!$A$9:$BG$37,COLUMN()-5,FALSE),"مکانیکی",VLOOKUP(INDEX($D$5:$D$261,$E24),'نمودار مکانیکی'!$A$9:$BG$43,COLUMN()-5,FALSE),"برقی",VLOOKUP(INDEX($D$5:$D$261,$E24),'نمودار تاسیسات برقی'!$A$9:$BG$44,COLUMN()-5,FALSE),"خطوط",VLOOKUP(INDEX($D$5:$D$261,$E24),'نمودار خطوط انتقال '!$A$9:$BG$26,COLUMN()-5,FALSE),"شبکه",VLOOKUP(INDEX($D$5:$D$261,$E24),'نمودار شبکه توزیع آ'!$A$9:$BG$22,COLUMN()-5,FALSE),"سد",VLOOKUP(INDEX($D$5:$D$261,$E24),'نمودار سدسازی'!$A$9:$BG$23,COLUMN()-5,FALSE),"فاضلاب",VLOOKUP(INDEX($D$5:$D$261,$E24),'نمودار جمع‌آوری و ا'!$A$9:$BG$26,COLUMN()-5,FALSE),"تجهیزات",VLOOKUP(INDEX($D$5:$D$261,$E24),'نمودار تجهیزات آب و'!$A$9:$BG$42,COLUMN()-5,FALSE),"پست",VLOOKUP(INDEX($D$5:$D$261,$E24),'نمودار پست های انتق'!$A$9:$BG$41,COLUMN()-5,FALSE),"نیرو",VLOOKUP(INDEX($D$5:$D$261,$E24),'نمودار توزیع نیرو ب'!$A$9:$BG$38,COLUMN()-5,FALSE),""))} -> 452.6 | N24: {=IF($E24="","",_xlfn.SWITCH(LEFT(INDEX($B$5:$B$261,$E24),FIND("|",INDEX($B$5:$B$261,$E24))-1),"ابنیه",VLOOKUP(INDEX($D$5:$D$261,$E24),'نمودار ابنیه'!$A$9:$BG$37,COLUMN()-5,FALSE),"مکانیکی",VLOOKUP(INDEX($D$5:$D$261,$E24),'نمودار مکانیکی'!$A$9:$BG$43,COLUMN()-5,FALSE),"برقی",VLOOKUP(INDEX($D$5:$D$261,$E24),'نمودار تاسیسات برقی'!$A$9:$BG$44,COLUMN()-5,FALSE),"خطوط",VLOOKUP(INDEX($D$5:$D$261,$E24),'نمودار خطوط انتقال '!$A$9:$BG$26,COLUMN()-5,FALSE),"شبکه",VLOOKUP(INDEX($D$5:$D$261,$E24),'نمودار شبکه توزیع آ'!$A$9:$BG$22,COLUMN()-5,FALSE),"سد",VLOOKUP(INDEX($D$5:$D$261,$E24),'نمودار سدسازی'!$A$9:$BG$23,COLUMN()-5,FALSE),"فاضلاب",VLOOKUP(INDEX($D$5:$D$261,$E24),'نمودار جمع‌آوری و ا'!$A$9:$BG$26,COLUMN()-5,FALSE),"تجهیزات",VLOOKUP(INDEX($D$5:$D$261,$E24),'نمودار تجهیزات آب و'!$A$9:$BG$42,COLUMN()-5,FALSE),"پست",VLOOKUP(INDEX($D$5:$D$261,$E24),'نمودار پست های انتق'!$A$9:$BG$41,COLUMN()-5,FALSE),"نیرو",VLOOKUP(INDEX($D$5:$D$261,$E24),'نمودار توزیع نیرو ب'!$A$9:$BG$38,COLUMN()-5,FALSE),""))} -> 465.7 | ... BL24: {=IF($E24="","",_xlfn.SWITCH(LEFT(INDEX($B$5:$B$261,$E24),FIND("|",INDEX($B$5:$B$261,$E24))-1),"ابنیه",VLOOKUP(INDEX($D$5:$D$261,$E24),'نمودار ابنیه'!$A$9:$BG$37,COLUMN()-5,FALSE),"مکانیکی",VLOOKUP(INDEX($D$5:$D$261,$E24),'نمودار مکانیکی'!$A$9:$BG$43,COLUMN()-5,FALSE),"برقی",VLOOKUP(INDEX($D$5:$D$261,$E24),'نمودار تاسیسات برقی'!$A$9:$BG$44,COLUMN()-5,FALSE),"خطوط",VLOOKUP(INDEX($D$5:$D$261,$E24),'نمودار خطوط انتقال '!$A$9:$BG$26,COLUMN()-5,FALSE),"شبکه",VLOOKUP(INDEX($D$5:$D$261,$E24),'نمودار شبکه توزیع آ'!$A$9:$BG$22,COLUMN()-5,FALSE),"سد",VLOOKUP(INDEX($D$5:$D$261,$E24),'نمودار سدسازی'!$A$9:$BG$23,COLUMN()-5,FALSE),"فاضلاب",VLOOKUP(INDEX($D$5:$D$261,$E24),'نمودار جمع‌آوری و ا'!$A$9:$BG$26,COLUMN()-5,FALSE),"تجهیزات",VLOOKUP(INDEX($D$5:$D$261,$E24),'نمودار تجهیزات آب و'!$A$9:$BG$42,COLUMN()-5,FALSE),"پست",VLOOKUP(INDEX($D$5:$D$261,$E24),'نمودار پست های انتق'!$A$9:$BG$41,COLUMN()-5,FALSE),"نیرو",VLOOKUP(INDEX($D$5:$D$261,$E24),'نمودار توزیع نیرو ب'!$A$9:$BG$38,COLUMN()-5,FALSE),""))} -> 708
