Workbook
Name \0: #REF!
Name \A: #REF!
Name \N: #REF!
Name \r: #N/A
Name \Y: #REF!
Name \z: #REF!
Name ___max1: #N/A
Name ___min1: #N/A
Name ___Rev1: #REF!
Name ___Rev2: #REF!
Name ___Rev3: #REF!
Name ___Rev4: #REF!
Name __max1: #N/A
Name __min1: #N/A
Name __NGd1: #REF!
Name __NGd10: #REF!
Name __NGd12: #REF!
Name __NGd13: #REF!
Name __NGd14: #REF!
Name __NGd15: #REF!
Name __NGd2: #REF!
Name __NGd3: #REF!
Name __NGd4: #REF!
Name __NGd5: #REF!
Name __NGd6: #REF!
Name __NGd7: #REF!
Name __NGd8: #REF!
Name __NGd9: #REF!
Name __NPa10: #REF!
Name __NPa2: #REF!
Name __NPa3: #REF!
Name __NPa4: #REF!
Name __NPa5: #REF!
Name __NPa7: #REF!
Name __NPa8: #REF!
Name __NPa9: #REF!
Name __NSp1: #REF!
Name __Rev1: #REF!
Name __Rev2: #REF!
Name __Rev3: #REF!
Name __Rev4: #REF!
Name _1_: #REF!
Name _2_??깛2_Click: [0]!_2_??깛2_Click
Name _2_??깛2_Click: '1-2'!_2_??깛2_Click
Name _3_??깛3_Click: [0]!_3_??깛3_Click
Name _3_??깛3_Click: '1-2'!_3_??깛3_Click
Name _max1: #N/A
Name _min1: #N/A
Name _NGd1: #REF!
Name _NGd10: #REF!
Name _NGd12: #REF!
Name _NGd13: #REF!
Name _NGd14: #REF!
Name _NGd15: #REF!
Name _NGd2: #REF!
Name _NGd3: #REF!
Name _NGd4: #REF!
Name _NGd5: #REF!
Name _NGd6: #REF!
Name _NGd7: #REF!

Sheet 1-2
G1: بخشنامه مابه التفاوت ارز نوبت : | H1: 4
G2: تاریخ مبنای محاسبه مابه التفاوت ارز: | H2: {=_xlfn.LET(_xlpm.x,VALUE(H1),IF(_xlpm.x=3,"اسفند ۱۳۹۸",IF(_xlpm.x=4,"1403/07/01","")))} -> 1403/07/01
B3: c | C3: ردیف قراردادی | G3: شرح ردیف | H3: نام بسته خرید | I3: تاریخ پیشنهاد قیمت در زمان مناقصه | J3: تاریخ مبنای محاسبات طبق بخشنامه | K3: تاریخ ورود به کارگاه/ حواله ارز | L3: ضریب ارزبری طبق استعلام | M3: ضریب ارزبری منظور شده بر اساس درصد ارزبری درخواستی | N3: ضریب F روش الف | O3: قیمت ارز در زمان خرید(Ci) | P3: قیمت ارز پایه بر اساس بخشنامه(C0) | Q3: محاسبات بر مبنای مقدار ارز حواله شده میباشد ؟ | R3: N | S3: درصد کاهش مقدار N بر اساس بخشنامه با توافق کارفرما | T3: تعداد ماه سپری شده(r) | U3: ستون محاسباتی | V3: ستون محاسباتی | W3: مبلغ قراردادی ردیف (ريال) | X3: مبلغ جبرانی بر اساس روش الف M=F[(Ci/Co)-y)]*(P/1.06*K) (ريال) | Y3: تحویل/ حواله ارز در تاخیرات خارج از قصور خریدار یا پیمانکار
N6: - | U6: (N*r)/z | V6: *(1+x)
B7: 1 | C7: 1 | D7: 1 | E7: 2 | F7: 1 | G7: پیش پرداخت | H7: پیش پرداخت | I7: ۱۴۰۲/۰۶/۲۹ | J7: {=_xlfn.LET(_xlpm.x, VALUE($H$1), IF(_xlpm.x=3, "اسفند ۱۳۹۸", IF(_xlpm.x=4, "1403/07/01", "")))} -> 1403/07/01 | K7: 1402/06/30 | L7: 0.8 | M7: 1 | N7: 1.2 | O7: 401204 | P7: {=_xlfn.LET(_xlpm.x, VALUE($H$1), IF(_xlpm.x=3, 405150, IF(_xlpm.x=4, 506978, "")))} -> 506978 | Q7: 1402 | R7: =IFERROR( IF( OR( VALUE(LEFT(J7, 4)) = 1402, VALUE(LEFT(J7, 4)) = 1403 ), 0.05, IFERROR(R2, "") ), "" ) -> 0.05 | S7: 1.5 | T7: - | U7: =IF(AND(OR(Y7="Yes",Y7="بله"),ISNUMBER(T7)),0,IF(ISNUMBER(T7),R7*T7/S7,"")) | V7: =1+U7 -> #VALUE! | W7: 1294891401579 | X7: =N7*((O7/P7)-(V7))*(W7/1.06*M7) -> #VALUE! | Y7: بله
B8: 2 | C8: 1 | D8: 2 | E8: 3 | F8: - | G8: DWDM | H8: صورتحساب 1 | I8: =$I$7 -> ۱۴۰۲/۰۶/۲۹ | J8: {=_xlfn.LET(_xlpm.x, VALUE($H$1), IF(_xlpm.x=3, "اسفند ۱۳۹۸", IF(_xlpm.x=4, "1403/07/01", "")))} -> 1403/07/01 | K8: 1402/08/20 | L8: 0.70666667 | M8: 1 | N8: 1.2 | O8: 401459 | P8: {=_xlfn.LET(_xlpm.x, VALUE($H$1), IF(_xlpm.x=3, 405150, IF(_xlpm.x=4, 506978, "")))} -> 506978 | Q8: 1402 | R8: =IFERROR( IF( OR( VALUE(LEFT(J8, 4)) = 1402, VALUE(LEFT(J8, 4)) = 1403 ), 0.05, IFERROR(R3, "") ), "" ) -> 0.05 | S8: 1.5 | T8: - | U8: =IF(AND(OR(Y8="Yes",Y8="بله"),ISNUMBER(T8)),0,IF(ISNUMBER(T8),R8*T8/S8,"")) | V8: =1+U8 -> #VALUE! | W8: 134592000000 | X8: =N8*((O8/P8)-(V8))*(W8/1.06*M8) -> #VALUE!
B9: 3 | C9: 1 | D9: 3 | E9: 2 | F9: 11 | G9: RINO | H9: صورتحساب-1 1 | I9: =$I$7 -> ۱۴۰۲/۰۶/۲۹ | J9: {=_xlfn.LET(_xlpm.x, VALUE($H$1), IF(_xlpm.x=3, "اسفند ۱۳۹۸", IF(_xlpm.x=4, "1403/07/01", "")))} -> 1403/07/01 | K9: 1402/11/02 | L9: #N/A | M9: 1 | N9: 1.2 | O9: 430169 | P9: {=_xlfn.LET(_xlpm.x, VALUE($H$1), IF(_xlpm.x=3, 405150, IF(_xlpm.x=4, 506978, "")))} -> 506978 | Q9: 1402 | R9: =IFERROR( IF( OR( VALUE(LEFT(J9, 4)) = 1402, VALUE(LEFT(J9, 4)) = 1403), 0.05, IFERROR(R4, "") ), "" ) -> 0.05 | S9: 1.5 | T9: - | U9: =IF(AND(OR(Y9="Yes",Y9="بله"),ISNUMBER(T9)),0,IF(ISNUMBER(T9),R9*T9/S9,"")) | V9: =1+U9 -> #VALUE! | W9: 158145600000 | X9: =N9*((O9/P9)-(V9))*(W9/1.06*M9) -> #VALUE!
B10: 4 | C10: 1 | D10: 3 | E10: 2 | F10: 12 | G10: 02 HPDS&SHARIF | H10: صورتحساب 2 | I10: =$I$7 -> ۱۴۰۲/۰۶/۲۹ | J10: {=_xlfn.LET(_xlpm.x, VALUE($H$1), IF(_xlpm.x=3, "اسفند ۱۳۹۸", IF(_xlpm.x=4, "1403/07/01", "")))} -> 1403/07/01 | K10: 1402/10/30 | L10: #N/A | M10: 1 | N10: 1.2 | O10: 430284 | P10: {=_xlfn.LET(_xlpm.x, VALUE($H$1), IF(_xlpm.x=3, 405150, IF(_xlpm.x=4, 506978, "")))} -> 506978 | Q10: 1402 | R10: =IFERROR( IF( OR( VALUE(LEFT(J10, 4)) = 1402, VALUE(LEFT(J10, 4)) = 1403), 0.05, IFERROR(R5, "") ), "" ) -> 0.05 | S10: 1.5 | T10: - | U10: =IF(AND(OR(Y10="Yes",Y10="بله"),ISNUMBER(T10)),0,IF(ISNUMBER(T10),R10*T10/S10,"")) | V10: =1+U10 -> #VALUE! | W10: 254042400000 | X10: =N10*((O10/P10)-(V10))*(W10/1.06*M10) -> #VALUE!
B11: 5 | C11: 1 | D11: 1 | E11: 5 | F11: 1 | G11: 03 Xfusion1 | H11: صورتحساب 3 | I11: =$I$7 -> ۱۴۰۲/۰۶/۲۹ | J11: {=_xlfn.LET(_xlpm.x, VALUE($H$1), IF(_xlpm.x=3, "اسفند ۱۳۹۸", IF(_xlpm.x=4, "1403/07/01", "")))} -> 1403/07/01 | K11: 1402/12/26 | L11: #N/A | M11: 1 | N11: 1.2 | O11: 440489 | P11: {=_xlfn.LET(_xlpm.x, VALUE($H$1), IF(_xlpm.x=3, 405150, IF(_xlpm.x=4, 506978, "")))} -> 506978 | Q11: 1402 | R11: =IFERROR( IF( OR( VALUE(LEFT(J11, 4)) = 1402, VALUE(LEFT(J11, 4)) = 1403), 0.05, IFERROR(R6, "") ), "" ) -> 0.05 | S11: 1.5 | T11: - | U11: =IF(AND(OR(Y11="Yes",Y11="بله"),ISNUMBER(T11)),0,IF(ISNUMBER(T11),R11*T11/S11,"")) | V11: =1+U11 -> #VALUE! | W11: 1175324640000 | X11: =N11*((O11/P11)-(V11))*(W11/1.06*M11) -> #VALUE!
B12: 6 | C12: 1 | D12: 1 | E12: 5 | F12: 5 | G12: 04 HPDS&FORTINET | H12: صورتحساب 4 | I12: =$I$7 -> ۱۴۰۲/۰۶/۲۹ | J12: {=_xlfn.LET(_xlpm.x, VALUE($H$1), IF(_xlpm.x=3, "اسفند ۱۳۹۸", IF(_xlpm.x=4, "1403/07/01", "")))} -> 1403/07/01 | K12: 1403/04/06 | L12: #N/A | M12: 1 | N12: 1.2 | O12: 459763 | P12: {=_xlfn.LET(_xlpm.x, VALUE($H$1), IF(_xlpm.x=3, 405150, IF(_xlpm.x=4, 506978, "")))} -> 506978 | Q12: 1402 | R12: =IFERROR( IF( OR( VALUE(LEFT(J12, 4)) = 1402, VALUE(LEFT(J12, 4)) = 1403), 0.05, IFERROR(R7, "") ), "" ) -> 0.05 | S12: 1.5 | T12: - | U12: =IF(AND(OR(Y12="Yes",Y12="بله"),ISNUMBER(T12)),0,IF(ISNUMBER(T12),R12*T12/S12,"")) | V12: =1+U12 -> #VALUE! | W12: 545173868800 | X12: =N12*((O12/P12)-(V12))*(W12/1.06*M12) -> #VALUE!
B13: 7 | C13: 1 | D13: 1 | E13: 5 | F13: 19 | G13: 05 Xfusion2 | H13: صورتحساب 5 | I13: =$I$7 -> ۱۴۰۲/۰۶/۲۹ | J13: {=_xlfn.LET(_xlpm.x, VALUE($H$1), IF(_xlpm.x=3, "اسفند ۱۳۹۸", IF(_xlpm.x=4, "1403/07/01", "")))} -> 1403/07/01 | K13: 1403/06/30 | L13: #N/A | M13: 1 | N13: 1.2 | O13: 0 | P13: {=_xlfn.LET(_xlpm.x, VALUE($H$1), IF(_xlpm.x=3, 405150, IF(_xlpm.x=4, 506978, "")))} -> 506978 | Q13: 1402 | R13: =IFERROR( IF( OR( VALUE(LEFT(J13, 4)) = 1402, VALUE(LEFT(J13, 4)) = 1403), 0.05, IFERROR(R8, "") ), "" ) -> 0.05 | S13: 1.5 | T13: - | U13: =IF(AND(OR(Y13="Yes",Y13="بله"),ISNUMBER(T13)),0,IF(ISNUMBER(T13),R13*T13/S13,"")) | V13: =1+U13 -> #VALUE! | W13: 1146989760000 | X13: =N13*((O13/P13)-(V13))*(W13/1.06*M13) -> #VALUE!
B14: 8 | C14: 1 | D14: 1 | E14: 5 | F14: 23 | H14: 20 درصد کسورات تست و تحویل صورتحساب 5 | I14: =$I$7 -> ۱۴۰۲/۰۶/۲۹ | J14: 1403/07/01 | K14: 1403/10/09 | L14: #N/A | M14: 1 | N14: 1.2 | O14: 672704 | P14: {=_xlfn.LET(_xlpm.x, VALUE($H$1), IF(_xlpm.x=3, 405150, IF(_xlpm.x=4, 506978, "")))} -> 506978 | Q14: 1402 | R14: =IFERROR( IF( OR( VALUE(LEFT(J14, 4)) = 1402, VALUE(LEFT(J14, 4)) = 1403), 0.05, IFERROR(R9, "") ), "" ) -> 0.05 | S14: 1.5 | T14: 3.2666667 | U14: =IF(AND(OR(Y14="Yes",Y14="بله"),ISNUMBER(T14)),0,IF(ISNUMBER(T14),R14*T14/S14,"")) -> 0 | V14: =1+U14 -> 1 | W14: 109034773760 | X14: =N14*((O14/P14)-(V14))*(W14/1.06*M14) -> 4.0349852e+10 | Y14: Yes
B15: 33 | C15: 1 | D15: 1 | E15: 5 | F15: 40 | H15: 20 درصد کسورات تست و تحویل صورتحساب 4 | I15: =$I$7 -> ۱۴۰۲/۰۶/۲۹ | J15: {=_xlfn.LET(_xlpm.x, VALUE($H$1), IF(_xlpm.x=3, "اسفند ۱۳۹۸", IF(_xlpm.x=4, "1403/07/01", "")))} -> 1403/07/01 | K15: 1404/02/09 | L15: #N/A | M15: 1 | N15: 1.2 | O15: 787331 | P15: {=_xlfn.LET(_xlpm.x, VALUE($H$1), IF(_xlpm.x=3, 405150, IF(_xlpm.x=4, 506978, "")))} -> 506978 | Q15: 1402 | R15: =IFERROR( IF( OR( VALUE(LEFT(J15, 4)) = 1402, VALUE(LEFT(J15, 4)) = 1403), 0.05, IFERROR(R10, "") ), "" ) -> 0.05 | S15: 1.5 | T15: 7.2666667 | U15: =IF(AND(OR(Y15="Yes",Y15="بله"),ISNUMBER(T15)),0,IF(ISNUMBER(T15),R15*T15/S15,"")) -> 0 | V15: =1+U15 -> 1 | W15: 229397952000 | X15: =N15*((O15/P15)-(V15))*(W15/1.06*M15) -> 1.4360879e+11 | Y15: بله
B16: 34 | C16: 1 | D16: 1 | E16: 7 | F16: 2 | G16: 06 F5 | H16: صورتحساب شماره 6 | I16: =$I$7 -> ۱۴۰۲/۰۶/۲۹ | J16: {=_xlfn.LET(_xlpm.x, VALUE($H$1), IF(_xlpm.x=3, "اسفند ۱۳۹۸", IF(_xlpm.x=4, "1403/07/01", "")))} -> 1403/07/01 | K16: 1403/12/18 | L16: #N/A | M16: 1 | N16: 1.2 | O16: 741620 | P16: {=_xlfn.LET(_xlpm.x, VALUE($H$1), IF(_xlpm.x=3, 405150, IF(_xlpm.x=4, 506978, "")))} -> 506978 | Q16: 1402 | R16: =IFERROR( IF( OR( VALUE(LEFT(J16, 4)) = 1402, VALUE(LEFT(J16, 4)) = 1403), 0.05, IFERROR(R11, "") ), "" ) -> 0.05 | S16: 1.5 | T16: 5.5666667 | U16: =IF(AND(OR(Y16="Yes",Y16="بله"),ISNUMBER(T16)),0,IF(ISNUMBER(T16),R16*T16/S16,"")) -> 0 | V16: =1+U16 -> 1 | W16: 70380400000 | X16: =N16*((O16/P16)-(V16))*(W16/1.06*M16) -> 3.6875995e+10 | Y16: بله
B17: 35 | C17: 1 | D17: 1 | E17: 7 | F17: 15 | G17: 07 Cisco | H17: صورتحساب شماره 7 | I17: =$I$7 -> ۱۴۰۲/۰۶/۲۹ | J17: {=_xlfn.LET(_xlpm.x, VALUE($H$1), IF(_xlpm.x=3, "اسفند ۱۳۹۸", IF(_xlpm.x=4, "1403/07/01", "")))} -> 1403/07/01 | K17: 1403/12/18 | L17: #N/A | M17: 1 | N17: 1.2 | O17: 741620 | P17: {=_xlfn.LET(_xlpm.x, VALUE($H$1), IF(_xlpm.x=3, 405150, IF(_xlpm.x=4, 506978, "")))} -> 506978 | Q17: 1402 | R17: =IFERROR( IF( OR( VALUE(LEFT(J17, 4)) = 1402, VALUE(LEFT(J17, 4)) = 1403), 0.05, IFERROR(R12, "") ), "" ) -> 0.05 | S17: 1.5 | T17: 5.5666667 | U17: =IF(AND(OR(Y17="Yes",Y17="بله"),ISNUMBER(T17)),0,IF(ISNUMBER(T17),R17*T17/S17,"")) -> 0 | V17: =1+U17 -> 1 | W17: 1097411574400 | X17: =N17*((O17/P17)-(V17))*(W17/1.06*M17) -> 5.7499167e+11 | Y17: بله
B18: 36 | C18: 1 | D18: 1 | E18: 8 | F18: 29 | G18: 08 Spare | H18: صورتحساب شماره 8 | I18: ۱۴۰۴/۰۳/۲۹ | J18: {=_xlfn.LET(_xlpm.x, VALUE($H$1), IF(_xlpm.x=3, "اسفند ۱۳۹۸", IF(_xlpm.x=4, "1403/07/01", "")))} -> 1403/07/01 | K18: 1404/02/13 | L18: #N/A | M18: 1 | N18: 1.2 | O18: 782169 | P18: {=_xlfn.LET(_xlpm.x, VALUE($H$1), IF(_xlpm.x=3, 405150, IF(_xlpm.x=4, 506978, "")))} -> 506978 | Q18: 1402 | R18: =IFERROR( IF( OR( VALUE(LEFT(J18, 4)) = 1402, VALUE(LEFT(J18, 4)) = 1403), 0.05, IFERROR(R13, "") ), "" ) -> 0.05 | S18: 1.5 | T18: #REF! | U18: =IF(AND(OR(Y18="Yes",Y18="بله"),ISNUMBER(T18)),0,IF(ISNUMBER(T18),R18*T18/S18,"")) | V18: =1+U18 -> #VALUE! | W18: 1682400000 | X18: =N18*((O18/P18)-(V18))*(W18/1.06*M18) -> #VALUE! | Y18: Yes
B19: جمع | G19: 09 Dell | H19: صورتحساب شماره 9 | I19: ۱۴۰۲/۰۶/۲۹ | J19: {=_xlfn.LET(_xlpm.x, VALUE($H$1), IF(_xlpm.x=3, "اسفند ۱۳۹۸", IF(_xlpm.x=4, "1403/07/01", "")))} -> 1403/07/01 | M19: 1 | N19: 1.2 | O19: 840000 | P19: {=_xlfn.LET(_xlpm.x, VALUE($H$1), IF(_xlpm.x=3, 405150, IF(_xlpm.x=4, 506978, "")))} -> 506978 | Q19: 1402 | R19: 0.05 | S19: 1.5 | T19: 7.4 | U19: =IF(AND(OR(Y19="Yes",Y19="بله"),ISNUMBER(T19)),0,IF(ISNUMBER(T19),R19*T19/S19,"")) -> 0 | V19: =1+U19 -> 1 | W19: 1646395694800 | X19: =N19*((O19/P19)-(V19))*(W19/1.06*M19) -> 1.2243157e+12 | Y19: Yes

Sheet درصد ارزیری
A1: جدول شماره یک | K1: جدول شماره یک | P1: آخرین مهلت پیشنهاد قیمت | Q1: نرخ تسعیر ارز | R1: مبنای شاخص (یک فصل قبل) | AA1: تنظیمات / Settings ⚙️
A2: ردیف | B2: شرح ردیف | C2: نام فهرست بهای پایه 1 | D2: شماره فصل | E2: 1-درصد | F2: شاخص مبنای فصلی فهرست ۱ | G2: نام فهرست بهای پایه 2 | H2: شماره فصل | I2: 2-درصد | J2: شاخص مبنای فصلی فهرست ۲ | K2: نرخ ارز در زمان پرداخت | L2: 422010.14 | M2: درصد ارزبری | N2: شاخص تعدیل ارزی | P2: 1403/07/07 | Q2: {=_xlfn.LET(_xlpm.d,SUBSTITUTE(SUBSTITUTE(SUBSTITUTE(SUBSTITUTE(SUBSTITUTE(SUBSTITUTE(SUBSTITUTE(SUBSTITUTE(SUBSTITUTE(SUBSTITUTE(P2,"۰","0"),"۱","1"),"۲","2"),"۳","3"),"۴","4"),"۵","5"),"۶","6"),"۷","7"),"۸","8"),"۹","9"),_xlpm.rowNum,MATCH(_xlpm.d,'Arz '!A:A,0),_xlpm.validRates,_xlfn._xlws.FILTER(INDEX('Arz '!B:B,_xlfn.SEQUENCE(14,1,_xlpm.rowNum-13)),ISNUMBER(INDEX('Arz '!B:B,_xlfn.SEQUENCE(14,1,_xlpm.rowNum-13)))),_xlpm.last7,IF(ROWS(_xlpm.validRates)>=7,INDEX(_xlpm.validRates,_xlfn.SEQUENCE(7,1,ROWS(_xlpm.validRates)-6)),_xlpm.validRates),IFERROR(AVERAGE(_xlpm.last7),"یافت نشد"))} -> 517551.86 | R2: {=_xlfn.LET(_xlpm.dateTxt,SUBSTITUTE(SUBSTITUTE(SUBSTITUTE(SUBSTITUTE(SUBSTITUTE(SUBSTITUTE(SUBSTITUTE(SUBSTITUTE(SUBSTITUTE(SUBSTITUTE(P2,"۰","0"),"۱","1"),"۲","2"),"۳","3"),"۴","4"),"۵","5"),"۶","6"),"۷","7"),"۸","8"),"۹","9"),_xlpm.yr,LEFT(_xlpm.dateTxt,4),_xlpm.mo,MID(_xlpm.dateTxt,6,2),_xlpm.prevQ,IF(_xlpm.mo<="03",4,IF(_xlpm.mo<="06",1,IF(_xlpm.mo<="09",2,3))),_xlpm.prevYr,IF(_xlpm.mo<="03",_xlpm.yr-1,_xlpm.yr),"سه ماهه "&IF(_xlpm.prevQ=1,"اول",IF(_xlpm.prevQ=2,"دوم",IF(_xlpm.prevQ=3,"سوم","چهارم")))&" "&_xlpm.prevYr)} -> سه ماهه دوم 1403 | AA2: Language / زبان | AB2: Persian | AC2: (Choose: Persian/English)
A3: 1 | B3: پمپ های سانتریفوژ | C3: تاسیسات برقی | D3: 24 | E3: 1 | F3: {=_xlfn.LET(_xlpm.yr,VALUE(RIGHT($R$2,4)),_xlpm.qName,TRIM(SUBSTITUTE(SUBSTITUTE($R$2,RIGHT($R$2,4),""),"سه ماهه","")),_xlpm.chapNum,D3,_xlpm.shName,C3,_xlpm.abnieYr,_xlfn.SCAN(0,ابنیه!$C$2:$AL$2,_xlfn.LAMBDA(_xlpm.a,_xlpm.b,IF(_xlpm.b<>"",_xlpm.b,_xlpm.a))),_xlpm.abnieCol,MATCH(1,(_xlpm.abnieYr=_xlpm.yr)*(ISNUMBER(SEARCH(_xlpm.qName,ابنیه!$C$3:$AL$3))),0),_xlpm.abnie,IF(_xlpm.shName="ابنیه",INDEX(ابنیه!$C$4:$AL$50,MATCH(_xlpm.chapNum,ابنیه!$A$4:$A$50,0),_xlpm.abnieCol),NA()),_xlpm.mechYr,_xlfn.SCAN(0,مکانیک!$C$2:$AL$2,_xlfn.LAMBDA(_xlpm.a,_xlpm.b,IF(_xlpm.b<>"",_xlpm.b,_xlpm.a))),_xlpm.mechCol,MATCH(1,(_xlpm.mechYr=_xlpm.yr)*(ISNUMBER(SEARCH(_xlpm.qName,مکانیک!$C$3:$AL$3))),0),_xlpm.mech,IF(_xlpm.shName="مکانیک",INDEX(مکانیک!$C$4:$AL$50,MATCH(_xlpm.chapNum,مکانیک!$A$4:$A$50,0),_xlpm.mechCol),NA()),_xlpm.elecYr,_xlfn.SCAN(0,'تاسیسات برقی'!$C$2:$AL$2,_xlfn.LAMBDA(_xlpm.a,_xlpm.b,IF(_xlpm.b<>"",_xlpm.b,_xlpm.a))),_xlpm.elecCol,MATCH(1,(_xlpm.elecYr=_xlpm.yr)*(ISNUMBER(SEARCH(_xlpm.qName,'تاسیسات برقی'!$C$3:$AL$3))),0),_xlpm.elec,IF(_xlpm.shName="تاسیسات برقی",INDEX('تاسیسات برقی'!$C$4:$AL$50,MATCH(_xlpm.chapNum,'تاسیسات برقی'!$A$4:$A$50,0),_xlpm.elecCol),NA()),_xlpm.rahYr,_xlfn.SCAN(0,'[1]راه, راه آهن و باند فرودگاه'!$C$2:$AL$2,_xlfn.LAMBDA(_xlpm.a,_xlpm.b,IF(_xlpm.b<>"",_xlpm.b,_xlpm.a))),_xlpm.rahCol,MATCH(1,(_xlpm.rahYr=_xlpm.yr)*(ISNUMBER(SEARCH(_xlpm.qName,'[1]راه, راه آهن و باند فرودگاه'!$C$3:$AL$3))),0),_xlpm.rah,IF(OR(_xlpm.shName="راه",_xlpm.shName="راه، راه آهن و باند فرودگاه"),INDEX('[1]راه, راه آهن و باند فرودگاه'!$C$4:$AL$50,MATCH(_xlpm.chapNum,'[1]راه, راه آهن و باند فرودگاه'!$A$4:$A$50,0),_xlpm.rahCol),NA()),_xlpm.abYr,_xlfn.SCAN(0,'تجهیزات آب و فاضلاب'!$C$2:$AL$2,_xlfn.LAMBDA(_xlpm.a,_xlpm.b,IF(_xlpm.b<>"",_xlpm.b,_xlpm.a))),_xlpm.abCol,MATCH(1,(_xlpm.abYr=_xlpm.yr)*(ISNUMBER(SEARCH(_xlpm.qName,'تجهیزات آب و فاضلاب'!$C$3:$AL$3))),0),_xlpm.ab,IF(OR(_xlpm.shName="تجهیزات آب و فاضلاب",_xlpm.shName="آب و فاضلاب"),INDEX('تجهیزات آب و فاضلاب'!$C$4:$AL$50,MATCH(_xlpm.chapNum,'تجهیزات آب و فاضلاب'!$A$4:$A$50,0),_xlpm.abCol),NA()),IFERROR(_xlpm.abnie,IFERROR(_xlpm.mech,IFERROR(_xlpm.elec,IFERROR(_xlpm.rah,IFERROR(_xlpm.ab,"یافت نشد"))))))} -> 5671.7 | J3: {=IF(G3="","",_xlfn.LET(_xlpm.yr,VALUE(RIGHT($R$2,4)),_xlpm.qName,TRIM(SUBSTITUTE(SUBSTITUTE($R$2,RIGHT($R$2,4),""),"سه ماهه","")),_xlpm.chapNum,H3,_xlpm.shName,G3,_xlpm.abnieYr,_xlfn.SCAN(0,ابنیه!$C$2:$AL$2,_xlfn.LAMBDA(_xlpm.a,_xlpm.b,IF(_xlpm.b<>"",_xlpm.b,_xlpm.a))),_xlpm.abnieCol,MATCH(1,(_xlpm.abnieYr=_xlpm.yr)*(ISNUMBER(SEARCH(_xlpm.qName,ابنیه!$C$3:$AL$3))),0),_xlpm.abnie,IF(_xlpm.shName="ابنیه",INDEX(ابنیه!$C$4:$AL$50,MATCH(_xlpm.chapNum,ابنیه!$A$4:$A$50,0),_xlpm.abnieCol),NA()),_xlpm.mechYr,_xlfn.SCAN(0,مکانیک!$C$2:$AL$2,_xlfn.LAMBDA(_xlpm.a,_xlpm.b,IF(_xlpm.b<>"",_xlpm.b,_xlpm.a))),_xlpm.mechCol,MATCH(1,(_xlpm.mechYr=_xlpm.yr)*(ISNUMBER(SEARCH(_xlpm.qName,مکانیک!$C$3:$AL$3))),0),_xlpm.mech,IF(_xlpm.shName="مکانیک",INDEX(مکانیک!$C$4:$AL$50,MATCH(_xlpm.chapNum,مکانیک!$A$4:$A$50,0),_xlpm.mechCol),NA()),_xlpm.elecYr,_xlfn.SCAN(0,'تاسیسات برقی'!$C$2:$AL$2,_xlfn.LAMBDA(_xlpm.a,_xlpm.b,IF(_xlpm.b<>"",_xlpm.b,_xlpm.a))),_xlpm.elecCol,MATCH(1,(_xlpm.elecYr=_xlpm.yr)*(ISNUMBER(SEARCH(_xlpm.qName,'تاسیسات برقی'!$C$3:$AL$3))),0),_xlpm.elec,IF(_xlpm.shName="تاسیسات برقی",INDEX('تاسیسات برقی'!$C$4:$AL$50,MATCH(_xlpm.chapNum,'تاسیسات برقی'!$A$4:$A$50,0),_xlpm.elecCol),NA()),_xlpm.rahYr,_xlfn.SCAN(0,'[1]راه, راه آهن و باند فرودگاه'!$C$2:$AL$2,_xlfn.LAMBDA(_xlpm.a,_xlpm.b,IF(_xlpm.b<>"",_xlpm.b,_xlpm.a))),_xlpm.rahCol,MATCH(1,(_xlpm.rahYr=_xlpm.yr)*(ISNUMBER(SEARCH(_xlpm.qName,'[1]راه, راه آهن و باند فرودگاه'!$C$3:$AL$3))),0),_xlpm.rah,IF(OR(_xlpm.shName="راه",_xlpm.shName="راه، راه آهن و باند فرودگاه"),INDEX('[1]راه, راه آهن و باند فرودگاه'!$C$4:$AL$50,MATCH(_xlpm.chapNum,'[1]راه, راه آهن و باند فرودگاه'!$A$4:$A$50,0),_xlpm.rahCol),NA()),_xlpm.abYr,_xlfn.SCAN(0,'تجهیزات آب و فاضلاب'!$C$2:$AL$2,_xlfn.LAMBDA(_xlpm.a,_xlpm.b,IF(_xlpm.b<>"",_xlpm.b,_xlpm.a))),_xlpm.abCol,MATCH(1,(_xlpm.abYr=_xlpm.yr)*(ISNUMBER(SEARCH(_xlpm.qName,'تجهیزات آب و فاضلاب'!$C$3:$AL$3))),0),_xlpm.ab,IF(OR(_xlpm.shName="تجهیزات آب و فاضلاب",_xlpm.shName="آب و فاضلاب"),INDEX('تجهیزات آب و فاضلاب'!$C$4:$AL$50,MATCH(_xlpm.chapNum,'تجهیزات آب و فاضلاب'!$A$4:$A$50,0),_xlpm.abCol),NA()),IFERROR(_xlpm.abnie,IFERROR(_xlpm.mech,IFERROR(_xlpm.elec,IFERROR(_xlpm.rah,IFERROR(_xlpm.ab,"یافت نشد")))))))} | K3: ۱۴۰۳/۰۳/۱۰ | L3: {=_xlfn.LET(_xlpm.dateTxt,SUBSTITUTE(SUBSTITUTE(SUBSTITUTE(SUBSTITUTE(SUBSTITUTE(SUBSTITUTE(SUBSTITUTE(SUBSTITUTE(SUBSTITUTE(SUBSTITUTE(K3,"۰","0"),"۱","1"),"۲","2"),"۳","3"),"۴","4"),"۵","5"),"۶","6"),"۷","7"),"۸","8"),"۹","9"),_xlpm.rate,VLOOKUP(_xlpm.dateTxt,'Arz '!A:B,2,FALSE),IFERROR(IF(_xlpm.rate=0,"تعطیل رسمی",IF(_xlpm.rate="","تعطیل رسمی",_xlpm.rate)),"یافت نشد"))} -> 455102 | M3: =1-(E3+I3) -> 0 | N3: =IFERROR(IF(ISNUMBER(L3),(L3/$Q$2)-1,L3),"یافت نشد") -> -0.12066396 | AA3: Direction / جهت | AB3: RTL | AC3: Auto from language
A4: 2 | B4: پمپ های مستغرق | C4: مکانیک | D4: 24 | E4: 0.8 | F4: {=_xlfn.LET(_xlpm.yr,VALUE(RIGHT($R$2,4)),_xlpm.qName,TRIM(SUBSTITUTE(SUBSTITUTE($R$2,RIGHT($R$2,4),""),"سه ماهه","")),_xlpm.chapNum,D4,_xlpm.shName,C4,_xlpm.abnieYr,_xlfn.SCAN(0,ابنیه!$C$2:$AL$2,_xlfn.LAMBDA(_xlpm.a,_xlpm.b,IF(_xlpm.b<>"",_xlpm.b,_xlpm.a))),_xlpm.abnieCol,MATCH(1,(_xlpm.abnieYr=_xlpm.yr)*(ISNUMBER(SEARCH(_xlpm.qName,ابنیه!$C$3:$AL$3))),0),_xlpm.abnie,IF(_xlpm.shName="ابنیه",INDEX(ابنیه!$C$4:$AL$50,MATCH(_xlpm.chapNum,ابنیه!$A$4:$A$50,0),_xlpm.abnieCol),NA()),_xlpm.mechYr,_xlfn.SCAN(0,مکانیک!$C$2:$AL$2,_xlfn.LAMBDA(_xlpm.a,_xlpm.b,IF(_xlpm.b<>"",_xlpm.b,_xlpm.a))),_xlpm.mechCol,MATCH(1,(_xlpm.mechYr=_xlpm.yr)*(ISNUMBER(SEARCH(_xlpm.qName,مکانیک!$C$3:$AL$3))),0),_xlpm.mech,IF(_xlpm.shName="مکانیک",INDEX(مکانیک!$C$4:$AL$50,MATCH(_xlpm.chapNum,مکانیک!$A$4:$A$50,0),_xlpm.mechCol),NA()),_xlpm.elecYr,_xlfn.SCAN(0,'تاسیسات برقی'!$C$2:$AL$2,_xlfn.LAMBDA(_xlpm.a,_xlpm.b,IF(_xlpm.b<>"",_xlpm.b,_xlpm.a))),_xlpm.elecCol,MATCH(1,(_xlpm.elecYr=_xlpm.yr)*(ISNUMBER(SEARCH(_xlpm.qName,'تاسیسات برقی'!$C$3:$AL$3))),0),_xlpm.elec,IF(_xlpm.shName="تاسیسات برقی",INDEX('تاسیسات برقی'!$C$4:$AL$50,MATCH(_xlpm.chapNum,'تاسیسات برقی'!$A$4:$A$50,0),_xlpm.elecCol),NA()),_xlpm.rahYr,_xlfn.SCAN(0,'[1]راه, راه آهن و باند فرودگاه'!$C$2:$AL$2,_xlfn.LAMBDA(_xlpm.a,_xlpm.b,IF(_xlpm.b<>"",_xlpm.b,_xlpm.a))),_xlpm.rahCol,MATCH(1,(_xlpm.rahYr=_xlpm.yr)*(ISNUMBER(SEARCH(_xlpm.qName,'[1]راه, راه آهن و باند فرودگاه'!$C$3:$AL$3))),0),_xlpm.rah,IF(OR(_xlpm.shName="راه",_xlpm.shName="راه، راه آهن و باند فرودگاه"),INDEX('[1]راه, راه آهن و باند فرودگاه'!$C$4:$AL$50,MATCH(_xlpm.chapNum,'[1]راه, راه آهن و باند فرودگاه'!$A$4:$A$50,0),_xlpm.rahCol),NA()),_xlpm.abYr,_xlfn.SCAN(0,'تجهیزات آب و فاضلاب'!$C$2:$AL$2,_xlfn.LAMBDA(_xlpm.a,_xlpm.b,IF(_xlpm.b<>"",_xlpm.b,_xlpm.a))),_xlpm.abCol,MATCH(1,(_xlpm.abYr=_xlpm.yr)*(ISNUMBER(SEARCH(_xlpm.qName,'تجهیزات آب و فاضلاب'!$C$3:$AL$3))),0),_xlpm.ab,IF(OR(_xlpm.shName="تجهیزات آب و فاضلاب",_xlpm.shName="آب و فاضلاب"),INDEX('تجهیزات آب و فاضلاب'!$C$4:$AL$50,MATCH(_xlpm.chapNum,'تجهیزات آب و فاضلاب'!$A$4:$A$50,0),_xlpm.abCol),NA()),IFERROR(_xlpm.abnie,IFERROR(_xlpm.mech,IFERROR(_xlpm.elec,IFERROR(_xlpm.rah,IFERROR(_xlpm.ab,"یافت نشد"))))))} -> 6186.2 | J4: {=IF(G4="","",_xlfn.LET(_xlpm.yr,VALUE(RIGHT($R$2,4)),_xlpm.qName,TRIM(SUBSTITUTE(SUBSTITUTE($R$2,RIGHT($R$2,4),""),"سه ماهه","")),_xlpm.chapNum,H4,_xlpm.shName,G4,_xlpm.abnieYr,_xlfn.SCAN(0,ابنیه!$C$2:$AL$2,_xlfn.LAMBDA(_xlpm.a,_xlpm.b,IF(_xlpm.b<>"",_xlpm.b,_xlpm.a))),_xlpm.abnieCol,MATCH(1,(_xlpm.abnieYr=_xlpm.yr)*(ISNUMBER(SEARCH(_xlpm.qName,ابنیه!$C$3:$AL$3))),0),_xlpm.abnie,IF(_xlpm.shName="ابنیه",INDEX(ابنیه!$C$4:$AL$50,MATCH(_xlpm.chapNum,ابنیه!$A$4:$A$50,0),_xlpm.abnieCol),NA()),_xlpm.mechYr,_xlfn.SCAN(0,مکانیک!$C$2:$AL$2,_xlfn.LAMBDA(_xlpm.a,_xlpm.b,IF(_xlpm.b<>"",_xlpm.b,_xlpm.a))),_xlpm.mechCol,MATCH(1,(_xlpm.mechYr=_xlpm.yr)*(ISNUMBER(SEARCH(_xlpm.qName,مکانیک!$C$3:$AL$3))),0),_xlpm.mech,IF(_xlpm.shName="مکانیک",INDEX(مکانیک!$C$4:$AL$50,MATCH(_xlpm.chapNum,مکانیک!$A$4:$A$50,0),_xlpm.mechCol),NA()),_xlpm.elecYr,_xlfn.SCAN(0,'تاسیسات برقی'!$C$2:$AL$2,_xlfn.LAMBDA(_xlpm.a,_xlpm.b,IF(_xlpm.b<>"",_xlpm.b,_xlpm.a))),_xlpm.elecCol,MATCH(1,(_xlpm.elecYr=_xlpm.yr)*(ISNUMBER(SEARCH(_xlpm.qName,'تاسیسات برقی'!$C$3:$AL$3))),0),_xlpm.elec,IF(_xlpm.shName="تاسیسات برقی",INDEX('تاسیسات برقی'!$C$4:$AL$50,MATCH(_xlpm.chapNum,'تاسیسات برقی'!$A$4:$A$50,0),_xlpm.elecCol),NA()),_xlpm.rahYr,_xlfn.SCAN(0,'[1]راه, راه آهن و باند فرودگاه'!$C$2:$AL$2,_xlfn.LAMBDA(_xlpm.a,_xlpm.b,IF(_xlpm.b<>"",_xlpm.b,_xlpm.a))),_xlpm.rahCol,MATCH(1,(_xlpm.rahYr=_xlpm.yr)*(ISNUMBER(SEARCH(_xlpm.qName,'[1]راه, راه آهن و باند فرودگاه'!$C$3:$AL$3))),0),_xlpm.rah,IF(OR(_xlpm.shName="راه",_xlpm.shName="راه، راه آهن و باند فرودگاه"),INDEX('[1]راه, راه آهن و باند فرودگاه'!$C$4:$AL$50,MATCH(_xlpm.chapNum,'[1]راه, راه آهن و باند فرودگاه'!$A$4:$A$50,0),_xlpm.rahCol),NA()),_xlpm.abYr,_xlfn.SCAN(0,'تجهیزات آب و فاضلاب'!$C$2:$AL$2,_xlfn.LAMBDA(_xlpm.a,_xlpm.b,IF(_xlpm.b<>"",_xlpm.b,_xlpm.a))),_xlpm.abCol,MATCH(1,(_xlpm.abYr=_xlpm.yr)*(ISNUMBER(SEARCH(_xlpm.qName,'تجهیزات آب و فاضلاب'!$C$3:$AL$3))),0),_xlpm.ab,IF(OR(_xlpm.shName="تجهیزات آب و فاضلاب",_xlpm.shName="آب و فاضلاب"),INDEX('تجهیزات آب و فاضلاب'!$C$4:$AL$50,MATCH(_xlpm.chapNum,'تجهیزات آب و فاضلاب'!$A$4:$A$50,0),_xlpm.abCol),NA()),IFERROR(_xlpm.abnie,IFERROR(_xlpm.mech,IFERROR(_xlpm.elec,IFERROR(_xlpm.rah,IFERROR(_xlpm.ab,"یافت نشد")))))))} | K4: ۱۴۰۲/۱۰/۱۹ | L4: {=_xlfn.LET(_xlpm.dateTxt,SUBSTITUTE(SUBSTITUTE(SUBSTITUTE(SUBSTITUTE(SUBSTITUTE(SUBSTITUTE(SUBSTITUTE(SUBSTITUTE(SUBSTITUTE(SUBSTITUTE(K4,"۰","0"),"۱","1"),"۲","2"),"۳","3"),"۴","4"),"۵","5"),"۶","6"),"۷","7"),"۸","8"),"۹","9"),_xlpm.rate,VLOOKUP(_xlpm.dateTxt,'Arz '!A:B,2,FALSE),IFERROR(IF(_xlpm.rate=0,"تعطیل رسمی",IF(_xlpm.rate="","تعطیل رسمی",_xlpm.rate)),"یافت نشد"))} -> 433832 | M4: =1-(E4+I4) -> 0.2 | N4: =IFERROR(IF(ISNUMBER(L4),(L4/$Q$2)-1,L4),"یافت نشد") -> -0.16176129 | AA4: Digits / ارقام | AB4: Persian | AC4: (Auto from language)
A5: 3 | B5: پمپ های ارشمیدس (اسکروپمپ) | C5: مکانیک | D5: 24 | E5: 0.2 | F5: {=_xlfn.LET(_xlpm.yr,VALUE(RIGHT($R$2,4)),_xlpm.qName,TRIM(SUBSTITUTE(SUBSTITUTE($R$2,RIGHT($R$2,4),""),"سه ماهه","")),_xlpm.chapNum,D5,_xlpm.shName,C5,_xlpm.abnieYr,_xlfn.SCAN(0,ابنیه!$C$2:$AL$2,_xlfn.LAMBDA(_xlpm.a,_xlpm.b,IF(_xlpm.b<>"",_xlpm.b,_xlpm.a))),_xlpm.abnieCol,MATCH(1,(_xlpm.abnieYr=_xlpm.yr)*(ISNUMBER(SEARCH(_xlpm.qName,ابنیه!$C$3:$AL$3))),0),_xlpm.abnie,IF(_xlpm.shName="ابنیه",INDEX(ابنیه!$C$4:$AL$50,MATCH(_xlpm.chapNum,ابنیه!$A$4:$A$50,0),_xlpm.abnieCol),NA()),_xlpm.mechYr,_xlfn.SCAN(0,مکانیک!$C$2:$AL$2,_xlfn.LAMBDA(_xlpm.a,_xlpm.b,IF(_xlpm.b<>"",_xlpm.b,_xlpm.a))),_xlpm.mechCol,MATCH(1,(_xlpm.mechYr=_xlpm.yr)*(ISNUMBER(SEARCH(_xlpm.qName,مکانیک!$C$3:$AL$3))),0),_xlpm.mech,IF(_xlpm.shName="مکانیک",INDEX(مکانیک!$C$4:$AL$50,MATCH(_xlpm.chapNum,مکانیک!$A$4:$A$50,0),_xlpm.mechCol),NA()),_xlpm.elecYr,_xlfn.SCAN(0,'تاسیسات برقی'!$C$2:$AL$2,_xlfn.LAMBDA(_xlpm.a,_xlpm.b,IF(_xlpm.b<>"",_xlpm.b,_xlpm.a))),_xlpm.elecCol,MATCH(1,(_xlpm.elecYr=_xlpm.yr)*(ISNUMBER(SEARCH(_xlpm.qName,'تاسیسات برقی'!$C$3:$AL$3))),0),_xlpm.elec,IF(_xlpm.shName="تاسیسات برقی",INDEX('تاسیسات برقی'!$C$4:$AL$50,MATCH(_xlpm.chapNum,'تاسیسات برقی'!$A$4:$A$50,0),_xlpm.elecCol),NA()),_xlpm.rahYr,_xlfn.SCAN(0,'[1]راه, راه آهن و باند فرودگاه'!$C$2:$AL$2,_xlfn.LAMBDA(_xlpm.a,_xlpm.b,IF(_xlpm.b<>"",_xlpm.b,_xlpm.a))),_xlpm.rahCol,MATCH(1,(_xlpm.rahYr=_xlpm.yr)*(ISNUMBER(SEARCH(_xlpm.qName,'[1]راه, راه آهن و باند فرودگاه'!$C$3:$AL$3))),0),_xlpm.rah,IF(OR(_xlpm.shName="راه",_xlpm.shName="راه، راه آهن و باند فرودگاه"),INDEX('[1]راه, راه آهن و باند فرودگاه'!$C$4:$AL$50,MATCH(_xlpm.chapNum,'[1]راه, راه آهن و باند فرودگاه'!$A$4:$A$50,0),_xlpm.rahCol),NA()),_xlpm.abYr,_xlfn.SCAN(0,'تجهیزات آب و فاضلاب'!$C$2:$AL$2,_xlfn.LAMBDA(_xlpm.a,_xlpm.b,IF(_xlpm.b<>"",_xlpm.b,_xlpm.a))),_xlpm.abCol,MATCH(1,(_xlpm.abYr=_xlpm.yr)*(ISNUMBER(SEARCH(_xlpm.qName,'تجهیزات آب و فاضلاب'!$C$3:$AL$3))),0),_xlpm.ab,IF(OR(_xlpm.shName="تجهیزات آب و فاضلاب",_xlpm.shName="آب و فاضلاب"),INDEX('تجهیزات آب و فاضلاب'!$C$4:$AL$50,MATCH(_xlpm.chapNum,'تجهیزات آب و فاضلاب'!$A$4:$A$50,0),_xlpm.abCol),NA()),IFERROR(_xlpm.abnie,IFERROR(_xlpm.mech,IFERROR(_xlpm.elec,IFERROR(_xlpm.rah,IFERROR(_xlpm.ab,"یافت نشد"))))))} -> 6186.2 | G5: ابنیه | H5: 16 | I5: 0.6 | J5: {=IF(G5="","",_xlfn.LET(_xlpm.yr,VALUE(RIGHT($R$2,4)),_xlpm.qName,TRIM(SUBSTITUTE(SUBSTITUTE($R$2,RIGHT($R$2,4),""),"سه ماهه","")),_xlpm.chapNum,H5,_xlpm.shName,G5,_xlpm.abnieYr,_xlfn.SCAN(0,ابنیه!$C$2:$AL$2,_xlfn.LAMBDA(_xlpm.a,_xlpm.b,IF(_xlpm.b<>"",_xlpm.b,_xlpm.a))),_xlpm.abnieCol,MATCH(1,(_xlpm.abnieYr=_xlpm.yr)*(ISNUMBER(SEARCH(_xlpm.qName,ابنیه!$C$3:$AL$3))),0),_xlpm.abnie,IF(_xlpm.shName="ابنیه",INDEX(ابنیه!$C$4:$AL$50,MATCH(_xlpm.chapNum,ابنیه!$A$4:$A$50,0),_xlpm.abnieCol),NA()),_xlpm.mechYr,_xlfn.SCAN(0,مکانیک!$C$2:$AL$2,_xlfn.LAMBDA(_xlpm.a,_xlpm.b,IF(_xlpm.b<>"",_xlpm.b,_xlpm.a))),_xlpm.mechCol,MATCH(1,(_xlpm.mechYr=_xlpm.yr)*(ISNUMBER(SEARCH(_xlpm.qName,مکانیک!$C$3:$AL$3))),0),_xlpm.mech,IF(_xlpm.shName="مکانیک",INDEX(مکانیک!$C$4:$AL$50,MATCH(_xlpm.chapNum,مکانیک!$A$4:$A$50,0),_xlpm.mechCol),NA()),_xlpm.elecYr,_xlfn.SCAN(0,'تاسیسات برقی'!$C$2:$AL$2,_xlfn.LAMBDA(_xlpm.a,_xlpm.b,IF(_xlpm.b<>"",_xlpm.b,_xlpm.a))),_xlpm.elecCol,MATCH(1,(_xlpm.elecYr=_xlpm.yr)*(ISNUMBER(SEARCH(_xlpm.qName,'تاسیسات برقی'!$C$3:$AL$3))),0),_xlpm.elec,IF(_xlpm.shName="تاسیسات برقی",INDEX('تاسیسات برقی'!$C$4:$AL$50,MATCH(_xlpm.chapNum,'تاسیسات برقی'!$A$4:$A$50,0),_xlpm.elecCol),NA()),_xlpm.rahYr,_xlfn.SCAN(0,'[1]راه, راه آهن و باند فرودگاه'!$C$2:$AL$2,_xlfn.LAMBDA(_xlpm.a,_xlpm.b,IF(_xlpm.b<>"",_xlpm.b,_xlpm.a))),_xlpm.rahCol,MATCH(1,(_xlpm.rahYr=_xlpm.yr)*(ISNUMBER(SEARCH(_xlpm.qName,'[1]راه, راه آهن و باند فرودگاه'!$C$3:$AL$3))),0),_xlpm.rah,IF(OR(_xlpm.shName="راه",_xlpm.shName="راه، راه آهن و باند فرودگاه"),INDEX('[1]راه, راه آهن و باند فرودگاه'!$C$4:$AL$50,MATCH(_xlpm.chapNum,'[1]راه, راه آهن و باند فرودگاه'!$A$4:$A$50,0),_xlpm.rahCol),NA()),_xlpm.abYr,_xlfn.SCAN(0,'تجهیزات آب و فاضلاب'!$C$2:$AL$2,_xlfn.LAMBDA(_xlpm.a,_xlpm.b,IF(_xlpm.b<>"",_xlpm.b,_xlpm.a))),_xlpm.abCol,MATCH(1,(_xlpm.abYr=_xlpm.yr)*(ISNUMBER(SEARCH(_xlpm.qName,'تجهیزات آب و فاضلاب'!$C$3:$AL$3))),0),_xlpm.ab,IF(OR(_xlpm.shName="تجهیزات آب و فاضلاب",_xlpm.shName="آب و فاضلاب"),INDEX('تجهیزات آب و فاضلاب'!$C$4:$AL$50,MATCH(_xlpm.chapNum,'تجهیزات آب و فاضلاب'!$A$4:$A$50,0),_xlpm.abCol),NA()),IFERROR(_xlpm.abnie,IFERROR(_xlpm.mech,IFERROR(_xlpm.elec,IFERROR(_xlpm.rah,IFERROR(_xlpm.ab,"یافت نشد")))))))} -> 7848.6 | K5: 1402/03/15 | L5: {=_xlfn.LET(_xlpm.dateTxt,SUBSTITUTE(SUBSTITUTE(SUBSTITUTE(SUBSTITUTE(SUBSTITUTE(SUBSTITUTE(SUBSTITUTE(SUBSTITUTE(SUBSTITUTE(SUBSTITUTE(K5,"۰","0"),"۱","1"),"۲","2"),"۳","3"),"۴","4"),"۵","5"),"۶","6"),"۷","7"),"۸","8"),"۹","9"),_xlpm.rate,VLOOKUP(_xlpm.dateTxt,'Arz '!A:B,2,FALSE),IFERROR(IF(_xlpm.rate=0,"تعطیل رسمی",IF(_xlpm.rate="","تعطیل رسمی",_xlpm.rate)),"یافت نشد"))} -> تعطیل رسمی | M5: =1-(E5+I5) -> 0.2 | N5: =IFERROR(IF(ISNUMBER(L5),(L5/$Q$2)-1,L5),"یافت نشد") -> تعطیل رسمی
A6: 4 | B6: دریچه دستی فولادی با پوشش | C6: ابنیه | D6: 16 | E6: 0.75 | F6: {=_xlfn.LET(_xlpm.yr,VALUE(RIGHT($R$2,4)),_xlpm.qName,TRIM(SUBSTITUTE(SUBSTITUTE($R$2,RIGHT($R$2,4),""),"سه ماهه","")),_xlpm.chapNum,D6,_xlpm.shName,C6,_xlpm.abnieYr,_xlfn.SCAN(0,ابنیه!$C$2:$AL$2,_xlfn.LAMBDA(_xlpm.a,_xlpm.b,IF(_xlpm.b<>"",_xlpm.b,_xlpm.a))),_xlpm.abnieCol,MATCH(1,(_xlpm.abnieYr=_xlpm.yr)*(ISNUMBER(SEARCH(_xlpm.qName,ابنیه!$C$3:$AL$3))),0),_xlpm.abnie,IF(_xlpm.shName="ابنیه",INDEX(ابنیه!$C$4:$AL$50,MATCH(_xlpm.chapNum,ابنیه!$A$4:$A$50,0),_xlpm.abnieCol),NA()),_xlpm.mechYr,_xlfn.SCAN(0,مکانیک!$C$2:$AL$2,_xlfn.LAMBDA(_xlpm.a,_xlpm.b,IF(_xlpm.b<>"",_xlpm.b,_xlpm.a))),_xlpm.mechCol,MATCH(1,(_xlpm.mechYr=_xlpm.yr)*(ISNUMBER(SEARCH(_xlpm.qName,مکانیک!$C$3:$AL$3))),0),_xlpm.mech,IF(_xlpm.shName="مکانیک",INDEX(مکانیک!$C$4:$AL$50,MATCH(_xlpm.chapNum,مکانیک!$A$4:$A$50,0),_xlpm.mechCol),NA()),_xlpm.elecYr,_xlfn.SCAN(0,'تاسیسات برقی'!$C$2:$AL$2,_xlfn.LAMBDA(_xlpm.a,_xlpm.b,IF(_xlpm.b<>"",_xlpm.b,_xlpm.a))),_xlpm.elecCol,MATCH(1,(_xlpm.elecYr=_xlpm.yr)*(ISNUMBER(SEARCH(_xlpm.qName,'تاسیسات برقی'!$C$3:$AL$3))),0),_xlpm.elec,IF(_xlpm.shName="تاسیسات برقی",INDEX('تاسیسات برقی'!$C$4:$AL$50,MATCH(_xlpm.chapNum,'تاسیسات برقی'!$A$4:$A$50,0),_xlpm.elecCol),NA()),_xlpm.rahYr,_xlfn.SCAN(0,'[1]راه, راه آهن و باند فرودگاه'!$C$2:$AL$2,_xlfn.LAMBDA(_xlpm.a,_xlpm.b,IF(_xlpm.b<>"",_xlpm.b,_xlpm.a))),_xlpm.rahCol,MATCH(1,(_xlpm.rahYr=_xlpm.yr)*(ISNUMBER(SEARCH(_xlpm.qName,'[1]راه, راه آهن و باند فرودگاه'!$C$3:$AL$3))),0),_xlpm.rah,IF(OR(_xlpm.shName="راه",_xlpm.shName="راه، راه آهن و باند فرودگاه"),INDEX('[1]راه, راه آهن و باند فرودگاه'!$C$4:$AL$50,MATCH(_xlpm.chapNum,'[1]راه, راه آهن و باند فرودگاه'!$A$4:$A$50,0),_xlpm.rahCol),NA()),_xlpm.abYr,_xlfn.SCAN(0,'تجهیزات آب و فاضلاب'!$C$2:$AL$2,_xlfn.LAMBDA(_xlpm.a,_xlpm.b,IF(_xlpm.b<>"",_xlpm.b,_xlpm.a))),_xlpm.abCol,MATCH(1,(_xlpm.abYr=_xlpm.yr)*(ISNUMBER(SEARCH(_xlpm.qName,'تجهیزات آب و فاضلاب'!$C$3:$AL$3))),0),_xlpm.ab,IF(OR(_xlpm.shName="تجهیزات آب و فاضلاب",_xlpm.shName="آب و فاضلاب"),INDEX('تجهیزات آب و فاضلاب'!$C$4:$AL$50,MATCH(_xlpm.chapNum,'تجهیزات آب و فاضلاب'!$A$4:$A$50,0),_xlpm.abCol),NA()),IFERROR(_xlpm.abnie,IFERROR(_xlpm.mech,IFERROR(_xlpm.elec,IFERROR(_xlpm.rah,IFERROR(_xlpm.ab,"یافت نشد"))))))} -> 7848.6 | G6: مکانیک | H6: 7 | I6: 0.25 | J6: {=IF(G6="","",_xlfn.LET(_xlpm.yr,VALUE(RIGHT($R$2,4)),_xlpm.qName,TRIM(SUBSTITUTE(SUBSTITUTE($R$2,RIGHT($R$2,4),""),"سه ماهه","")),_xlpm.chapNum,H6,_xlpm.shName,G6,_xlpm.abnieYr,_xlfn.SCAN(0,ابنیه!$C$2:$AL$2,_xlfn.LAMBDA(_xlpm.a,_xlpm.b,IF(_xlpm.b<>"",_xlpm.b,_xlpm.a))),_xlpm.abnieCol,MATCH(1,(_xlpm.abnieYr=_xlpm.yr)*(ISNUMBER(SEARCH(_xlpm.qName,ابنیه!$C$3:$AL$3))),0),_xlpm.abnie,IF(_xlpm.shName="ابنیه",INDEX(ابنیه!$C$4:$AL$50,MATCH(_xlpm.chapNum,ابنیه!$A$4:$A$50,0),_xlpm.abnieCol),NA()),_xlpm.mechYr,_xlfn.SCAN(0,مکانیک!$C$2:$AL$2,_xlfn.LAMBDA(_xlpm.a,_xlpm.b,IF(_xlpm.b<>"",_xlpm.b,_xlpm.a))),_xlpm.mechCol,MATCH(1,(_xlpm.mechYr=_xlpm.yr)*(ISNUMBER(SEARCH(_xlpm.qName,مکانیک!$C$3:$AL$3))),0),_xlpm.mech,IF(_xlpm.shName="مکانیک",INDEX(مکانیک!$C$4:$AL$50,MATCH(_xlpm.chapNum,مکانیک!$A$4:$A$50,0),_xlpm.mechCol),NA()),_xlpm.elecYr,_xlfn.SCAN(0,'تاسیسات برقی'!$C$2:$AL$2,_xlfn.LAMBDA(_xlpm.a,_xlpm.b,IF(_xlpm.b<>"",_xlpm.b,_xlpm.a))),_xlpm.elecCol,MATCH(1,(_xlpm.elecYr=_xlpm.yr)*(ISNUMBER(SEARCH(_xlpm.qName,'تاسیسات برقی'!$C$3:$AL$3))),0),_xlpm.elec,IF(_xlpm.shName="تاسیسات برقی",INDEX('تاسیسات برقی'!$C$4:$AL$50,MATCH(_xlpm.chapNum,'تاسیسات برقی'!$A$4:$A$50,0),_xlpm.elecCol),NA()),_xlpm.rahYr,_xlfn.SCAN(0,'[1]راه, راه آهن و باند فرودگاه'!$C$2:$AL$2,_xlfn.LAMBDA(_xlpm.a,_xlpm.b,IF(_xlpm.b<>"",_xlpm.b,_xlpm.a))),_xlpm.rahCol,MATCH(1,(_xlpm.rahYr=_xlpm.yr)*(ISNUMBER(SEARCH(_xlpm.qName,'[1]راه, راه آهن و باند فرودگاه'!$C$3:$AL$3))),0),_xlpm.rah,IF(OR(_xlpm.shName="راه",_xlpm.shName="راه، راه آهن و باند فرودگاه"),INDEX('[1]راه, راه آهن و باند فرودگاه'!$C$4:$AL$50,MATCH(_xlpm.chapNum,'[1]راه, راه آهن و باند فرودگاه'!$A$4:$A$50,0),_xlpm.rahCol),NA()),_xlpm.abYr,_xlfn.SCAN(0,'تجهیزات آب و فاضلاب'!$C$2:$AL$2,_xlfn.LAMBDA(_xlpm.a,_xlpm.b,IF(_xlpm.b<>"",_xlpm.b,_xlpm.a))),_xlpm.abCol,MATCH(1,(_xlpm.abYr=_xlpm.yr)*(ISNUMBER(SEARCH(_xlpm.qName,'تجهیزات آب و فاضلاب'!$C$3:$AL$3))),0),_xlpm.ab,IF(OR(_xlpm.shName="تجهیزات آب و فاضلاب",_xlpm.shName="آب و فاضلاب"),INDEX('تجهیزات آب و فاضلاب'!$C$4:$AL$50,MATCH(_xlpm.chapNum,'تجهیزات آب و فاضلاب'!$A$4:$A$50,0),_xlpm.abCol),NA()),IFERROR(_xlpm.abnie,IFERROR(_xlpm.mech,IFERROR(_xlpm.elec,IFERROR(_xlpm.rah,IFERROR(_xlpm.ab,"یافت نشد")))))))} -> 9705.5 | K6: ۱۴۰۳/۰۷/۰۱ | L6: {=_xlfn.LET(_xlpm.dateTxt,SUBSTITUTE(SUBSTITUTE(SUBSTITUTE(SUBSTITUTE(SUBSTITUTE(SUBSTITUTE(SUBSTITUTE(SUBSTITUTE(SUBSTITUTE(SUBSTITUTE(K6,"۰","0"),"۱","1"),"۲","2"),"۳","3"),"۴","4"),"۵","5"),"۶","6"),"۷","7"),"۸","8"),"۹","9"),_xlpm.rate,VLOOKUP(_xlpm.dateTxt,'Arz '!A:B,2,FALSE),IFERROR(IF(_xlpm.rate=0,"تعطیل رسمی",IF(_xlpm.rate="","تعطیل رسمی",_xlpm.rate)),"یافت نشد"))} -> 516581 | M6: =1-(E6+I6) -> 0 | N6: =IFERROR(IF(ISNUMBER(L6),(L6/$Q$2)-1,L6),"یافت نشد") -> -0.0018758645
A7: 5 | B7: دریچه فولادی با پوشش مجهز به محرک برقی و یا بادی | C7: ابنیه | D7: 16 | E7: 0.3 | F7: {=_xlfn.LET(_xlpm.yr,VALUE(RIGHT($R$2,4)),_xlpm.qName,TRIM(SUBSTITUTE(SUBSTITUTE($R$2,RIGHT($R$2,4),""),"سه ماهه","")),_xlpm.chapNum,D7,_xlpm.shName,C7,_xlpm.abnieYr,_xlfn.SCAN(0,ابنیه!$C$2:$AL$2,_xlfn.LAMBDA(_xlpm.a,_xlpm.b,IF(_xlpm.b<>"",_xlpm.b,_xlpm.a))),_xlpm.abnieCol,MATCH(1,(_xlpm.abnieYr=_xlpm.yr)*(ISNUMBER(SEARCH(_xlpm.qName,ابنیه!$C$3:$AL$3))),0),_xlpm.abnie,IF(_xlpm.shName="ابنیه",INDEX(ابنیه!$C$4:$AL$50,MATCH(_xlpm.chapNum,ابنیه!$A$4:$A$50,0),_xlpm.abnieCol),NA()),_xlpm.mechYr,_xlfn.SCAN(0,مکانیک!$C$2:$AL$2,_xlfn.LAMBDA(_xlpm.a,_xlpm.b,IF(_xlpm.b<>"",_xlpm.b,_xlpm.a))),_xlpm.mechCol,MATCH(1,(_xlpm.mechYr=_xlpm.yr)*(ISNUMBER(SEARCH(_xlpm.qName,مکانیک!$C$3:$AL$3))),0),_xlpm.mech,IF(_xlpm.shName="مکانیک",INDEX(مکانیک!$C$4:$AL$50,MATCH(_xlpm.chapNum,مکانیک!$A$4:$A$50,0),_xlpm.mechCol),NA()),_xlpm.elecYr,_xlfn.SCAN(0,'تاسیسات برقی'!$C$2:$AL$2,_xlfn.LAMBDA(_xlpm.a,_xlpm.b,IF(_xlpm.b<>"",_xlpm.b,_xlpm.a))),_xlpm.elecCol,MATCH(1,(_xlpm.elecYr=_xlpm.yr)*(ISNUMBER(SEARCH(_xlpm.qName,'تاسیسات برقی'!$C$3:$AL$3))),0),_xlpm.elec,IF(_xlpm.shName="تاسیسات برقی",INDEX('تاسیسات برقی'!$C$4:$AL$50,MATCH(_xlpm.chapNum,'تاسیسات برقی'!$A$4:$A$50,0),_xlpm.elecCol),NA()),_xlpm.rahYr,_xlfn.SCAN(0,'[1]راه, راه آهن و باند فرودگاه'!$C$2:$AL$2,_xlfn.LAMBDA(_xlpm.a,_xlpm.b,IF(_xlpm.b<>"",_xlpm.b,_xlpm.a))),_xlpm.rahCol,MATCH(1,(_xlpm.rahYr=_xlpm.yr)*(ISNUMBER(SEARCH(_xlpm.qName,'[1]راه, راه آهن و باند فرودگاه'!$C$3:$AL$3))),0),_xlpm.rah,IF(OR(_xlpm.shName="راه",_xlpm.shName="راه، راه آهن و باند فرودگاه"),INDEX('[1]راه, راه آهن و باند فرودگاه'!$C$4:$AL$50,MATCH(_xlpm.chapNum,'[1]راه, راه آهن و باند فرودگاه'!$A$4:$A$50,0),_xlpm.rahCol),NA()),_xlpm.abYr,_xlfn.SCAN(0,'تجهیزات آب و فاضلاب'!$C$2:$AL$2,_xlfn.LAMBDA(_xlpm.a,_xlpm.b,IF(_xlpm.b<>"",_xlpm.b,_xlpm.a))),_xlpm.abCol,MATCH(1,(_xlpm.abYr=_xlpm.yr)*(ISNUMBER(SEARCH(_xlpm.qName,'تجهیزات آب و فاضلاب'!$C$3:$AL$3))),0),_xlpm.ab,IF(OR(_xlpm.shName="تجهیزات آب و فاضلاب",_xlpm.shName="آب و فاضلاب"),INDEX('تجهیزات آب و فاضلاب'!$C$4:$AL$50,MATCH(_xlpm.chapNum,'تجهیزات آب و فاضلاب'!$A$4:$A$50,0),_xlpm.abCol),NA()),IFERROR(_xlpm.abnie,IFERROR(_xlpm.mech,IFERROR(_xlpm.elec,IFERROR(_xlpm.rah,IFERROR(_xlpm.ab,"یافت نشد"))))))} -> 7848.6 | G7: مکانیک | H7: 7 | I7: 0.1 | J7: {=IF(G7="","",_xlfn.LET(_xlpm.yr,VALUE(RIGHT($R$2,4)),_xlpm.qName,TRIM(SUBSTITUTE(SUBSTITUTE($R$2,RIGHT($R$2,4),""),"سه ماهه","")),_xlpm.chapNum,H7,_xlpm.shName,G7,_xlpm.abnieYr,_xlfn.SCAN(0,ابنیه!$C$2:$AL$2,_xlfn.LAMBDA(_xlpm.a,_xlpm.b,IF(_xlpm.b<>"",_xlpm.b,_xlpm.a))),_xlpm.abnieCol,MATCH(1,(_xlpm.abnieYr=_xlpm.yr)*(ISNUMBER(SEARCH(_xlpm.qName,ابنیه!$C$3:$AL$3))),0),_xlpm.abnie,IF(_xlpm.shName="ابنیه",INDEX(ابنیه!$C$4:$AL$50,MATCH(_xlpm.chapNum,ابنیه!$A$4:$A$50,0),_xlpm.abnieCol),NA()),_xlpm.mechYr,_xlfn.SCAN(0,مکانیک!$C$2:$AL$2,_xlfn.LAMBDA(_xlpm.a,_xlpm.b,IF(_xlpm.b<>"",_xlpm.b,_xlpm.a))),_xlpm.mechCol,MATCH(1,(_xlpm.mechYr=_xlpm.yr)*(ISNUMBER(SEARCH(_xlpm.qName,مکانیک!$C$3:$AL$3))),0),_xlpm.mech,IF(_xlpm.shName="مکانیک",INDEX(مکانیک!$C$4:$AL$50,MATCH(_xlpm.chapNum,مکانیک!$A$4:$A$50,0),_xlpm.mechCol),NA()),_xlpm.elecYr,_xlfn.SCAN(0,'تاسیسات برقی'!$C$2:$AL$2,_xlfn.LAMBDA(_xlpm.a,_xlpm.b,IF(_xlpm.b<>"",_xlpm.b,_xlpm.a))),_xlpm.elecCol,MATCH(1,(_xlpm.elecYr=_xlpm.yr)*(ISNUMBER(SEARCH(_xlpm.qName,'تاسیسات برقی'!$C$3:$AL$3))),0),_xlpm.elec,IF(_xlpm.shName="تاسیسات برقی",INDEX('تاسیسات برقی'!$C$4:$AL$50,MATCH(_xlpm.chapNum,'تاسیسات برقی'!$A$4:$A$50,0),_xlpm.elecCol),NA()),_xlpm.rahYr,_xlfn.SCAN(0,'[1]راه, راه آهن و باند فرودگاه'!$C$2:$AL$2,_xlfn.LAMBDA(_xlpm.a,_xlpm.b,IF(_xlpm.b<>"",_xlpm.b,_xlpm.a))),_xlpm.rahCol,MATCH(1,(_xlpm.rahYr=_xlpm.yr)*(ISNUMBER(SEARCH(_xlpm.qName,'[1]راه, راه آهن و باند فرودگاه'!$C$3:$AL$3))),0),_xlpm.rah,IF(OR(_xlpm.shName="راه",_xlpm.shName="راه، راه آهن و باند فرودگاه"),INDEX('[1]راه, راه آهن و باند فرودگاه'!$C$4:$AL$50,MATCH(_xlpm.chapNum,'[1]راه, راه آهن و باند فرودگاه'!$A$4:$A$50,0),_xlpm.rahCol),NA()),_xlpm.abYr,_xlfn.SCAN(0,'تجهیزات آب و فاضلاب'!$C$2:$AL$2,_xlfn.LAMBDA(_xlpm.a,_xlpm.b,IF(_xlpm.b<>"",_xlpm.b,_xlpm.a))),_xlpm.abCol,MATCH(1,(_xlpm.abYr=_xlpm.yr)*(ISNUMBER(SEARCH(_xlpm.qName,'تجهیزات آب و فاضلاب'!$C$3:$AL$3))),0),_xlpm.ab,IF(OR(_xlpm.shName="تجهیزات آب و فاضلاب",_xlpm.shName="آب و فاضلاب"),INDEX('تجهیزات آب و فاضلاب'!$C$4:$AL$50,MATCH(_xlpm.chapNum,'تجهیزات آب و فاضلاب'!$A$4:$A$50,0),_xlpm.abCol),NA()),IFERROR(_xlpm.abnie,IFERROR(_xlpm.mech,IFERROR(_xlpm.elec,IFERROR(_xlpm.rah,IFERROR(_xlpm.ab,"یافت نشد")))))))} -> 9705.5 | K7: نرخ ارز | L7: {=_xlfn.LET(_xlpm.dateTxt,SUBSTITUTE(SUBSTITUTE(SUBSTITUTE(SUBSTITUTE(SUBSTITUTE(SUBSTITUTE(SUBSTITUTE(SUBSTITUTE(SUBSTITUTE(SUBSTITUTE(K7,"۰","0"),"۱","1"),"۲","2"),"۳","3"),"۴","4"),"۵","5"),"۶","6"),"۷","7"),"۸","8"),"۹","9"),_xlpm.rate,VLOOKUP(_xlpm.dateTxt,'Arz '!A:B,2,FALSE),IFERROR(IF(_xlpm.rate=0,"تعطیل رسمی",IF(_xlpm.rate="","تعطیل رسمی",_xlpm.rate)),"یافت نشد"))} -> یافت نشد | M7: =1-(E7+I7) -> 0.6 | N7: =IFERROR(IF(ISNUMBER(L7),(L7/$Q$2)-1,L7),"یافت نشد") -> یافت نشد
A8: 6 | B8: دریچه فولاد ضد زنگ دستی | C8: ابنیه | D8: 16 | E8: 0.4 | F8: {=_xlfn.LET(_xlpm.yr,VALUE(RIGHT($R$2,4)),_xlpm.qName,TRIM(SUBSTITUTE(SUBSTITUTE($R$2,RIGHT($R$2,4),""),"سه ماهه","")),_xlpm.chapNum,D8,_xlpm.shName,C8,_xlpm.abnieYr,_xlfn.SCAN(0,ابنیه!$C$2:$AL$2,_xlfn.LAMBDA(_xlpm.a,_xlpm.b,IF(_xlpm.b<>"",_xlpm.b,_xlpm.a))),_xlpm.abnieCol,MATCH(1,(_xlpm.abnieYr=_xlpm.yr)*(ISNUMBER(SEARCH(_xlpm.qName,ابنیه!$C$3:$AL$3))),0),_xlpm.abnie,IF(_xlpm.shName="ابنیه",INDEX(ابنیه!$C$4:$AL$50,MATCH(_xlpm.chapNum,ابنیه!$A$4:$A$50,0),_xlpm.abnieCol),NA()),_xlpm.mechYr,_xlfn.SCAN(0,مکانیک!$C$2:$AL$2,_xlfn.LAMBDA(_xlpm.a,_xlpm.b,IF(_xlpm.b<>"",_xlpm.b,_xlpm.a))),_xlpm.mechCol,MATCH(1,(_xlpm.mechYr=_xlpm.yr)*(ISNUMBER(SEARCH(_xlpm.qName,مکانیک!$C$3:$AL$3))),0),_xlpm.mech,IF(_xlpm.shName="مکانیک",INDEX(مکانیک!$C$4:$AL$50,MATCH(_xlpm.chapNum,مکانیک!$A$4:$A$50,0),_xlpm.mechCol),NA()),_xlpm.elecYr,_xlfn.SCAN(0,'تاسیسات برقی'!$C$2:$AL$2,_xlfn.LAMBDA(_xlpm.a,_xlpm.b,IF(_xlpm.b<>"",_xlpm.b,_xlpm.a))),_xlpm.elecCol,MATCH(1,(_xlpm.elecYr=_xlpm.yr)*(ISNUMBER(SEARCH(_xlpm.qName,'تاسیسات برقی'!$C$3:$AL$3))),0),_xlpm.elec,IF(_xlpm.shName="تاسیسات برقی",INDEX('تاسیسات برقی'!$C$4:$AL$50,MATCH(_xlpm.chapNum,'تاسیسات برقی'!$A$4:$A$50,0),_xlpm.elecCol),NA()),_xlpm.rahYr,_xlfn.SCAN(0,'[1]راه, راه آهن و باند فرودگاه'!$C$2:$AL$2,_xlfn.LAMBDA(_xlpm.a,_xlpm.b,IF(_xlpm.b<>"",_xlpm.b,_xlpm.a))),_xlpm.rahCol,MATCH(1,(_xlpm.rahYr=_xlpm.yr)*(ISNUMBER(SEARCH(_xlpm.qName,'[1]راه, راه آهن و باند فرودگاه'!$C$3:$AL$3))),0),_xlpm.rah,IF(OR(_xlpm.shName="راه",_xlpm.shName="راه، راه آهن و باند فرودگاه"),INDEX('[1]راه, راه آهن و باند فرودگاه'!$C$4:$AL$50,MATCH(_xlpm.chapNum,'[1]راه, راه آهن و باند فرودگاه'!$A$4:$A$50,0),_xlpm.rahCol),NA()),_xlpm.abYr,_xlfn.SCAN(0,'تجهیزات آب و فاضلاب'!$C$2:$AL$2,_xlfn.LAMBDA(_xlpm.a,_xlpm.b,IF(_xlpm.b<>"",_xlpm.b,_xlpm.a))),_xlpm.abCol,MATCH(1,(_xlpm.abYr=_xlpm.yr)*(ISNUMBER(SEARCH(_xlpm.qName,'تجهیزات آب و فاضلاب'!$C$3:$AL$3))),0),_xlpm.ab,IF(OR(_xlpm.shName="تجهیزات آب و فاضلاب",_xlpm.shName="آب و فاضلاب"),INDEX('تجهیزات آب و فاضلاب'!$C$4:$AL$50,MATCH(_xlpm.chapNum,'تجهیزات آب و فاضلاب'!$A$4:$A$50,0),_xlpm.abCol),NA()),IFERROR(_xlpm.abnie,IFERROR(_xlpm.mech,IFERROR(_xlpm.elec,IFERROR(_xlpm.rah,IFERROR(_xlpm.ab,"یافت نشد"))))))} -> 7848.6 | G8: مکانیک | H8: 7 | I8: 0.1 | J8: {=IF(G8="","",_xlfn.LET(_xlpm.yr,VALUE(RIGHT($R$2,4)),_xlpm.qName,TRIM(SUBSTITUTE(SUBSTITUTE($R$2,RIGHT($R$2,4),""),"سه ماهه","")),_xlpm.chapNum,H8,_xlpm.shName,G8,_xlpm.abnieYr,_xlfn.SCAN(0,ابنیه!$C$2:$AL$2,_xlfn.LAMBDA(_xlpm.a,_xlpm.b,IF(_xlpm.b<>"",_xlpm.b,_xlpm.a))),_xlpm.abnieCol,MATCH(1,(_xlpm.abnieYr=_xlpm.yr)*(ISNUMBER(SEARCH(_xlpm.qName,ابنیه!$C$3:$AL$3))),0),_xlpm.abnie,IF(_xlpm.shName="ابنیه",INDEX(ابنیه!$C$4:$AL$50,MATCH(_xlpm.chapNum,ابنیه!$A$4:$A$50,0),_xlpm.abnieCol),NA()),_xlpm.mechYr,_xlfn.SCAN(0,مکانیک!$C$2:$AL$2,_xlfn.LAMBDA(_xlpm.a,_xlpm.b,IF(_xlpm.b<>"",_xlpm.b,_xlpm.a))),_xlpm.mechCol,MATCH(1,(_xlpm.mechYr=_xlpm.yr)*(ISNUMBER(SEARCH(_xlpm.qName,مکانیک!$C$3:$AL$3))),0),_xlpm.mech,IF(_xlpm.shName="مکانیک",INDEX(مکانیک!$C$4:$AL$50,MATCH(_xlpm.chapNum,مکانیک!$A$4:$A$50,0),_xlpm.mechCol),NA()),_xlpm.elecYr,_xlfn.SCAN(0,'تاسیسات برقی'!$C$2:$AL$2,_xlfn.LAMBDA(_xlpm.a,_xlpm.b,IF(_xlpm.b<>"",_xlpm.b,_xlpm.a))),_xlpm.elecCol,MATCH(1,(_xlpm.elecYr=_xlpm.yr)*(ISNUMBER(SEARCH(_xlpm.qName,'تاسیسات برقی'!$C$3:$AL$3))),0),_xlpm.elec,IF(_xlpm.shName="تاسیسات برقی",INDEX('تاسیسات برقی'!$C$4:$AL$50,MATCH(_xlpm.chapNum,'تاسیسات برقی'!$A$4:$A$50,0),_xlpm.elecCol),NA()),_xlpm.rahYr,_xlfn.SCAN(0,'[1]راه, راه آهن و باند فرودگاه'!$C$2:$AL$2,_xlfn.LAMBDA(_xlpm.a,_xlpm.b,IF(_xlpm.b<>"",_xlpm.b,_xlpm.a))),_xlpm.rahCol,MATCH(1,(_xlpm.rahYr=_xlpm.yr)*(ISNUMBER(SEARCH(_xlpm.qName,'[1]راه, راه آهن و باند فرودگاه'!$C$3:$AL$3))),0),_xlpm.rah,IF(OR(_xlpm.shName="راه",_xlpm.shName="راه، راه آهن و باند فرودگاه"),INDEX('[1]راه, راه آهن و باند فرودگاه'!$C$4:$AL$50,MATCH(_xlpm.chapNum,'[1]راه, راه آهن و باند فرودگاه'!$A$4:$A$50,0),_xlpm.rahCol),NA()),_xlpm.abYr,_xlfn.SCAN(0,'تجهیزات آب و فاضلاب'!$C$2:$AL$2,_xlfn.LAMBDA(_xlpm.a,_xlpm.b,IF(_xlpm.b<>"",_xlpm.b,_xlpm.a))),_xlpm.abCol,MATCH(1,(_xlpm.abYr=_xlpm.yr)*(ISNUMBER(SEARCH(_xlpm.qName,'تجهیزات آب و فاضلاب'!$C$3:$AL$3))),0),_xlpm.ab,IF(OR(_xlpm.shName="تجهیزات آب و فاضلاب",_xlpm.shName="آب و فاضلاب"),INDEX('تجهیزات آب و فاضلاب'!$C$4:$AL$50,MATCH(_xlpm.chapNum,'تجهیزات آب و فاضلاب'!$A$4:$A$50,0),_xlpm.abCol),NA()),IFERROR(_xlpm.abnie,IFERROR(_xlpm.mech,IFERROR(_xlpm.elec,IFERROR(_xlpm.rah,IFERROR(_xlpm.ab,"یافت نشد")))))))} -> 9705.5 | K8: نرخ ارز | L8: {=_xlfn.LET(_xlpm.dateTxt,SUBSTITUTE(SUBSTITUTE(SUBSTITUTE(SUBSTITUTE(SUBSTITUTE(SUBSTITUTE(SUBSTITUTE(SUBSTITUTE(SUBSTITUTE(SUBSTITUTE(K8,"۰","0"),"۱","1"),"۲","2"),"۳","3"),"۴","4"),"۵","5"),"۶","6"),"۷","7"),"۸","8"),"۹","9"),_xlpm.rate,VLOOKUP(_xlpm.dateTxt,'Arz '!A:B,2,FALSE),IFERROR(IF(_xlpm.rate=0,"تعطیل رسمی",IF(_xlpm.rate="","تعطیل رسمی",_xlpm.rate)),"یافت نشد"))} -> یافت نشد | M8: =1-(E8+I8) -> 0.5 | N8: =IFERROR(IF(ISNUMBER(L8),(L8/$Q$2)-1,L8),"یافت نشد") -> یافت نشد
A9: 7 | B9: دریچه فولادی ضد زنگ با محرک برقی و یا بادی | C9: ابنیه | D9: 16 | E9: 0.25 | F9: {=_xlfn.LET(_xlpm.yr,VALUE(RIGHT($R$2,4)),_xlpm.qName,TRIM(SUBSTITUTE(SUBSTITUTE($R$2,RIGHT($R$2,4),""),"سه ماهه","")),_xlpm.chapNum,D9,_xlpm.shName,C9,_xlpm.abnieYr,_xlfn.SCAN(0,ابنیه!$C$2:$AL$2,_xlfn.LAMBDA(_xlpm.a,_xlpm.b,IF(_xlpm.b<>"",_xlpm.b,_xlpm.a))),_xlpm.abnieCol,MATCH(1,(_xlpm.abnieYr=_xlpm.yr)*(ISNUMBER(SEARCH(_xlpm.qName,ابنیه!$C$3:$AL$3))),0),_xlpm.abnie,IF(_xlpm.shName="ابنیه",INDEX(ابنیه!$C$4:$AL$50,MATCH(_xlpm.chapNum,ابنیه!$A$4:$A$50,0),_xlpm.abnieCol),NA()),_xlpm.mechYr,_xlfn.SCAN(0,مکانیک!$C$2:$AL$2,_xlfn.LAMBDA(_xlpm.a,_xlpm.b,IF(_xlpm.b<>"",_xlpm.b,_xlpm.a))),_xlpm.mechCol,MATCH(1,(_xlpm.mechYr=_xlpm.yr)*(ISNUMBER(SEARCH(_xlpm.qName,مکانیک!$C$3:$AL$3))),0),_xlpm.mech,IF(_xlpm.shName="مکانیک",INDEX(مکانیک!$C$4:$AL$50,MATCH(_xlpm.chapNum,مکانیک!$A$4:$A$50,0),_xlpm.mechCol),NA()),_xlpm.elecYr,_xlfn.SCAN(0,'تاسیسات برقی'!$C$2:$AL$2,_xlfn.LAMBDA(_xlpm.a,_xlpm.b,IF(_xlpm.b<>"",_xlpm.b,_xlpm.a))),_xlpm.elecCol,MATCH(1,(_xlpm.elecYr=_xlpm.yr)*(ISNUMBER(SEARCH(_xlpm.qName,'تاسیسات برقی'!$C$3:$AL$3))),0),_xlpm.elec,IF(_xlpm.shName="تاسیسات برقی",INDEX('تاسیسات برقی'!$C$4:$AL$50,MATCH(_xlpm.chapNum,'تاسیسات برقی'!$A$4:$A$50,0),_xlpm.elecCol),NA()),_xlpm.rahYr,_xlfn.SCAN(0,'[1]راه, راه آهن و باند فرودگاه'!$C$2:$AL$2,_xlfn.LAMBDA(_xlpm.a,_xlpm.b,IF(_xlpm.b<>"",_xlpm.b,_xlpm.a))),_xlpm.rahCol,MATCH(1,(_xlpm.rahYr=_xlpm.yr)*(ISNUMBER(SEARCH(_xlpm.qName,'[1]راه, راه آهن و باند فرودگاه'!$C$3:$AL$3))),0),_xlpm.rah,IF(OR(_xlpm.shName="راه",_xlpm.shName="راه، راه آهن و باند فرودگاه"),INDEX('[1]راه, راه آهن و باند فرودگاه'!$C$4:$AL$50,MATCH(_xlpm.chapNum,'[1]راه, راه آهن و باند فرودگاه'!$A$4:$A$50,0),_xlpm.rahCol),NA()),_xlpm.abYr,_xlfn.SCAN(0,'تجهیزات آب و فاضلاب'!$C$2:$AL$2,_xlfn.LAMBDA(_xlpm.a,_xlpm.b,IF(_xlpm.b<>"",_xlpm.b,_xlpm.a))),_xlpm.abCol,MATCH(1,(_xlpm.abYr=_xlpm.yr)*(ISNUMBER(SEARCH(_xlpm.qName,'تجهیزات آب و فاضلاب'!$C$3:$AL$3))),0),_xlpm.ab,IF(OR(_xlpm.shName="تجهیزات آب و فاضلاب",_xlpm.shName="آب و فاضلاب"),INDEX('تجهیزات آب و فاضلاب'!$C$4:$AL$50,MATCH(_xlpm.chapNum,'تجهیزات آب و فاضلاب'!$A$4:$A$50,0),_xlpm.abCol),NA()),IFERROR(_xlpm.abnie,IFERROR(_xlpm.mech,IFERROR(_xlpm.elec,IFERROR(_xlpm.rah,IFERROR(_xlpm.ab,"یافت نشد"))))))} -> 7848.6 | G9: مکانیک | H9: 7 | I9: 0.1 | J9: {=IF(G9="","",_xlfn.LET(_xlpm.yr,VALUE(RIGHT($R$2,4)),_xlpm.qName,TRIM(SUBSTITUTE(SUBSTITUTE($R$2,RIGHT($R$2,4),""),"سه ماهه","")),_xlpm.chapNum,H9,_xlpm.shName,G9,_xlpm.abnieYr,_xlfn.SCAN(0,ابنیه!$C$2:$AL$2,_xlfn.LAMBDA(_xlpm.a,_xlpm.b,IF(_xlpm.b<>"",_xlpm.b,_xlpm.a))),_xlpm.abnieCol,MATCH(1,(_xlpm.abnieYr=_xlpm.yr)*(ISNUMBER(SEARCH(_xlpm.qName,ابنیه!$C$3:$AL$3))),0),_xlpm.abnie,IF(_xlpm.shName="ابنیه",INDEX(ابنیه!$C$4:$AL$50,MATCH(_xlpm.chapNum,ابنیه!$A$4:$A$50,0),_xlpm.abnieCol),NA()),_xlpm.mechYr,_xlfn.SCAN(0,مکانیک!$C$2:$AL$2,_xlfn.LAMBDA(_xlpm.a,_xlpm.b,IF(_xlpm.b<>"",_xlpm.b,_xlpm.a))),_xlpm.mechCol,MATCH(1,(_xlpm.mechYr=_xlpm.yr)*(ISNUMBER(SEARCH(_xlpm.qName,مکانیک!$C$3:$AL$3))),0),_xlpm.mech,IF(_xlpm.shName="مکانیک",INDEX(مکانیک!$C$4:$AL$50,MATCH(_xlpm.chapNum,مکانیک!$A$4:$A$50,0),_xlpm.mechCol),NA()),_xlpm.elecYr,_xlfn.SCAN(0,'تاسیسات برقی'!$C$2:$AL$2,_xlfn.LAMBDA(_xlpm.a,_xlpm.b,IF(_xlpm.b<>"",_xlpm.b,_xlpm.a))),_xlpm.elecCol,MATCH(1,(_xlpm.elecYr=_xlpm.yr)*(ISNUMBER(SEARCH(_xlpm.qName,'تاسیسات برقی'!$C$3:$AL$3))),0),_xlpm.elec,IF(_xlpm.shName="تاسیسات برقی",INDEX('تاسیسات برقی'!$C$4:$AL$50,MATCH(_xlpm.chapNum,'تاسیسات برقی'!$A$4:$A$50,0),_xlpm.elecCol),NA()),_xlpm.rahYr,_xlfn.SCAN(0,'[1]راه, راه آهن و باند فرودگاه'!$C$2:$AL$2,_xlfn.LAMBDA(_xlpm.a,_xlpm.b,IF(_xlpm.b<>"",_xlpm.b,_xlpm.a))),_xlpm.rahCol,MATCH(1,(_xlpm.rahYr=_xlpm.yr)*(ISNUMBER(SEARCH(_xlpm.qName,'[1]راه, راه آهن و باند فرودگاه'!$C$3:$AL$3))),0),_xlpm.rah,IF(OR(_xlpm.shName="راه",_xlpm.shName="راه، راه آهن و باند فرودگاه"),INDEX('[1]راه, راه آهن و باند فرودگاه'!$C$4:$AL$50,MATCH(_xlpm.chapNum,'[1]راه, راه آهن و باند فرودگاه'!$A$4:$A$50,0),_xlpm.rahCol),NA()),_xlpm.abYr,_xlfn.SCAN(0,'تجهیزات آب و فاضلاب'!$C$2:$AL$2,_xlfn.LAMBDA(_xlpm.a,_xlpm.b,IF(_xlpm.b<>"",_xlpm.b,_xlpm.a))),_xlpm.abCol,MATCH(1,(_xlpm.abYr=_xlpm.yr)*(ISNUMBER(SEARCH(_xlpm.qName,'تجهیزات آب و فاضلاب'!$C$3:$AL$3))),0),_xlpm.ab,IF(OR(_xlpm.shName="تجهیزات آب و فاضلاب",_xlpm.shName="آب و فاضلاب"),INDEX('تجهیزات آب و فاضلاب'!$C$4:$AL$50,MATCH(_xlpm.chapNum,'تجهیزات آب و فاضلاب'!$A$4:$A$50,0),_xlpm.abCol),NA()),IFERROR(_xlpm.abnie,IFERROR(_xlpm.mech,IFERROR(_xlpm.elec,IFERROR(_xlpm.rah,IFERROR(_xlpm.ab,"یافت نشد")))))))} -> 9705.5 | K9: نرخ ارز | L9: {=_xlfn.LET(_xlpm.dateTxt,SUBSTITUTE(SUBSTITUTE(SUBSTITUTE(SUBSTITUTE(SUBSTITUTE(SUBSTITUTE(SUBSTITUTE(SUBSTITUTE(SUBSTITUTE(SUBSTITUTE(K9,"۰","0"),"۱","1"),"۲","2"),"۳","3"),"۴","4"),"۵","5"),"۶","6"),"۷","7"),"۸","8"),"۹","9"),_xlpm.rate,VLOOKUP(_xlpm.dateTxt,'Arz '!A:B,2,FALSE),IFERROR(IF(_xlpm.rate=0,"تعطیل رسمی",IF(_xlpm.rate="","تعطیل رسمی",_xlpm.rate)),"یافت نشد"))} -> یافت نشد | M9: =1-(E9+I9) -> 0.65 | N9: =IFERROR(IF(ISNUMBER(L9),(L9/$Q$2)-1,L9),"یافت نشد") -> یافت نشد
A10: 8 | B10: آشغالگیر دستی فولادی با پوشش | C10: ابنیه | D10: 16 | E10: 1 | F10: {=_xlfn.LET(_xlpm.yr,VALUE(RIGHT($R$2,4)),_xlpm.qName,TRIM(SUBSTITUTE(SUBSTITUTE($R$2,RIGHT($R$2,4),""),"سه ماهه","")),_xlpm.chapNum,D10,_xlpm.shName,C10,_xlpm.abnieYr,_xlfn.SCAN(0,ابنیه!$C$2:$AL$2,_xlfn.LAMBDA(_xlpm.a,_xlpm.b,IF(_xlpm.b<>"",_xlpm.b,_xlpm.a))),_xlpm.abnieCol,MATCH(1,(_xlpm.abnieYr=_xlpm.yr)*(ISNUMBER(SEARCH(_xlpm.qName,ابنیه!$C$3:$AL$3))),0),_xlpm.abnie,IF(_xlpm.shName="ابنیه",INDEX(ابنیه!$C$4:$AL$50,MATCH(_xlpm.chapNum,ابنیه!$A$4:$A$50,0),_xlpm.abnieCol),NA()),_xlpm.mechYr,_xlfn.SCAN(0,مکانیک!$C$2:$AL$2,_xlfn.LAMBDA(_xlpm.a,_xlpm.b,IF(_xlpm.b<>"",_xlpm.b,_xlpm.a))),_xlpm.mechCol,MATCH(1,(_xlpm.mechYr=_xlpm.yr)*(ISNUMBER(SEARCH(_xlpm.qName,مکانیک!$C$3:$AL$3))),0),_xlpm.mech,IF(_xlpm.shName="مکانیک",INDEX(مکانیک!$C$4:$AL$50,MATCH(_xlpm.chapNum,مکانیک!$A$4:$A$50,0),_xlpm.mechCol),NA()),_xlpm.elecYr,_xlfn.SCAN(0,'تاسیسات برقی'!$C$2:$AL$2,_xlfn.LAMBDA(_xlpm.a,_xlpm.b,IF(_xlpm.b<>"",_xlpm.b,_xlpm.a))),_xlpm.elecCol,MATCH(1,(_xlpm.elecYr=_xlpm.yr)*(ISNUMBER(SEARCH(_xlpm.qName,'تاسیسات برقی'!$C$3:$AL$3))),0),_xlpm.elec,IF(_xlpm.shName="تاسیسات برقی",INDEX('تاسیسات برقی'!$C$4:$AL$50,MATCH(_xlpm.chapNum,'تاسیسات برقی'!$A$4:$A$50,0),_xlpm.elecCol),NA()),_xlpm.rahYr,_xlfn.SCAN(0,'[1]راه, راه آهن و باند فرودگاه'!$C$2:$AL$2,_xlfn.LAMBDA(_xlpm.a,_xlpm.b,IF(_xlpm.b<>"",_xlpm.b,_xlpm.a))),_xlpm.rahCol,MATCH(1,(_xlpm.rahYr=_xlpm.yr)*(ISNUMBER(SEARCH(_xlpm.qName,'[1]راه, راه آهن و باند فرودگاه'!$C$3:$AL$3))),0),_xlpm.rah,IF(OR(_xlpm.shName="راه",_xlpm.shName="راه، راه آهن و باند فرودگاه"),INDEX('[1]راه, راه آهن و باند فرودگاه'!$C$4:$AL$50,MATCH(_xlpm.chapNum,'[1]راه, راه آهن و باند فرودگاه'!$A$4:$A$50,0),_xlpm.rahCol),NA()),_xlpm.abYr,_xlfn.SCAN(0,'تجهیزات آب و فاضلاب'!$C$2:$AL$2,_xlfn.LAMBDA(_xlpm.a,_xlpm.b,IF(_xlpm.b<>"",_xlpm.b,_xlpm.a))),_xlpm.abCol,MATCH(1,(_xlpm.abYr=_xlpm.yr)*(ISNUMBER(SEARCH(_xlpm.qName,'تجهیزات آب و فاضلاب'!$C$3:$AL$3))),0),_xlpm.ab,IF(OR(_xlpm.shName="تجهیزات آب و فاضلاب",_xlpm.shName="آب و فاضلاب"),INDEX('تجهیزات آب و فاضلاب'!$C$4:$AL$50,MATCH(_xlpm.chapNum,'تجهیزات آب و فاضلاب'!$A$4:$A$50,0),_xlpm.abCol),NA()),IFERROR(_xlpm.abnie,IFERROR(_xlpm.mech,IFERROR(_xlpm.elec,IFERROR(_xlpm.rah,IFERROR(_xlpm.ab,"یافت نشد"))))))} -> 7848.6 | J10: {=IF(G10="","",_xlfn.LET(_xlpm.yr,VALUE(RIGHT($R$2,4)),_xlpm.qName,TRIM(SUBSTITUTE(SUBSTITUTE($R$2,RIGHT($R$2,4),""),"سه ماهه","")),_xlpm.chapNum,H10,_xlpm.shName,G10,_xlpm.abnieYr,_xlfn.SCAN(0,ابنیه!$C$2:$AL$2,_xlfn.LAMBDA(_xlpm.a,_xlpm.b,IF(_xlpm.b<>"",_xlpm.b,_xlpm.a))),_xlpm.abnieCol,MATCH(1,(_xlpm.abnieYr=_xlpm.yr)*(ISNUMBER(SEARCH(_xlpm.qName,ابنیه!$C$3:$AL$3))),0),_xlpm.abnie,IF(_xlpm.shName="ابنیه",INDEX(ابنیه!$C$4:$AL$50,MATCH(_xlpm.chapNum,ابنیه!$A$4:$A$50,0),_xlpm.abnieCol),NA()),_xlpm.mechYr,_xlfn.SCAN(0,مکانیک!$C$2:$AL$2,_xlfn.LAMBDA(_xlpm.a,_xlpm.b,IF(_xlpm.b<>"",_xlpm.b,_xlpm.a))),_xlpm.mechCol,MATCH(1,(_xlpm.mechYr=_xlpm.yr)*(ISNUMBER(SEARCH(_xlpm.qName,مکانیک!$C$3:$AL$3))),0),_xlpm.mech,IF(_xlpm.shName="مکانیک",INDEX(مکانیک!$C$4:$AL$50,MATCH(_xlpm.chapNum,مکانیک!$A$4:$A$50,0),_xlpm.mechCol),NA()),_xlpm.elecYr,_xlfn.SCAN(0,'تاسیسات برقی'!$C$2:$AL$2,_xlfn.LAMBDA(_xlpm.a,_xlpm.b,IF(_xlpm.b<>"",_xlpm.b,_xlpm.a))),_xlpm.elecCol,MATCH(1,(_xlpm.elecYr=_xlpm.yr)*(ISNUMBER(SEARCH(_xlpm.qName,'تاسیسات برقی'!$C$3:$AL$3))),0),_xlpm.elec,IF(_xlpm.shName="تاسیسات برقی",INDEX('تاسیسات برقی'!$C$4:$AL$50,MATCH(_xlpm.chapNum,'تاسیسات برقی'!$A$4:$A$50,0),_xlpm.elecCol),NA()),_xlpm.rahYr,_xlfn.SCAN(0,'[1]راه, راه آهن و باند فرودگاه'!$C$2:$AL$2,_xlfn.LAMBDA(_xlpm.a,_xlpm.b,IF(_xlpm.b<>"",_xlpm.b,_xlpm.a))),_xlpm.rahCol,MATCH(1,(_xlpm.rahYr=_xlpm.yr)*(ISNUMBER(SEARCH(_xlpm.qName,'[1]راه, راه آهن و باند فرودگاه'!$C$3:$AL$3))),0),_xlpm.rah,IF(OR(_xlpm.shName="راه",_xlpm.shName="راه، راه آهن و باند فرودگاه"),INDEX('[1]راه, راه آهن و باند فرودگاه'!$C$4:$AL$50,MATCH(_xlpm.chapNum,'[1]راه, راه آهن و باند فرودگاه'!$A$4:$A$50,0),_xlpm.rahCol),NA()),_xlpm.abYr,_xlfn.SCAN(0,'تجهیزات آب و فاضلاب'!$C$2:$AL$2,_xlfn.LAMBDA(_xlpm.a,_xlpm.b,IF(_xlpm.b<>"",_xlpm.b,_xlpm.a))),_xlpm.abCol,MATCH(1,(_xlpm.abYr=_xlpm.yr)*(ISNUMBER(SEARCH(_xlpm.qName,'تجهیزات آب و فاضلاب'!$C$3:$AL$3))),0),_xlpm.ab,IF(OR(_xlpm.shName="تجهیزات آب و فاضلاب",_xlpm.shName="آب و فاضلاب"),INDEX('تجهیزات آب و فاضلاب'!$C$4:$AL$50,MATCH(_xlpm.chapNum,'تجهیزات آب و فاضلاب'!$A$4:$A$50,0),_xlpm.abCol),NA()),IFERROR(_xlpm.abnie,IFERROR(_xlpm.mech,IFERROR(_xlpm.elec,IFERROR(_xlpm.rah,IFERROR(_xlpm.ab,"یافت نشد")))))))} | K10: نرخ ارز | L10: {=_xlfn.LET(_xlpm.dateTxt,SUBSTITUTE(SUBSTITUTE(SUBSTITUTE(SUBSTITUTE(SUBSTITUTE(SUBSTITUTE(SUBSTITUTE(SUBSTITUTE(SUBSTITUTE(SUBSTITUTE(K10,"۰","0"),"۱","1"),"۲","2"),"۳","3"),"۴","4"),"۵","5"),"۶","6"),"۷","7"),"۸","8"),"۹","9"),_xlpm.rate,VLOOKUP(_xlpm.dateTxt,'Arz '!A:B,2,FALSE),IFERROR(IF(_xlpm.rate=0,"تعطیل رسمی",IF(_xlpm.rate="","تعطیل رسمی",_xlpm.rate)),"یافت نشد"))} -> یافت نشد | M10: =1-(E10+I10) -> 0 | N10: =IFERROR(IF(ISNUMBER(L10),(L10/$Q$2)-1,L10),"یافت نشد") -> یافت نشد
A11: 9 | B11: آشغالگیر دستی فولاد ضد زنگ | C11: ابنیه | D11: 16 | E11: 0.5 | F11: {=_xlfn.LET(_xlpm.yr,VALUE(RIGHT($R$2,4)),_xlpm.qName,TRIM(SUBSTITUTE(SUBSTITUTE($R$2,RIGHT($R$2,4),""),"سه ماهه","")),_xlpm.chapNum,D11,_xlpm.shName,C11,_xlpm.abnieYr,_xlfn.SCAN(0,ابنیه!$C$2:$AL$2,_xlfn.LAMBDA(_xlpm.a,_xlpm.b,IF(_xlpm.b<>"",_xlpm.b,_xlpm.a))),_xlpm.abnieCol,MATCH(1,(_xlpm.abnieYr=_xlpm.yr)*(ISNUMBER(SEARCH(_xlpm.qName,ابنیه!$C$3:$AL$3))),0),_xlpm.abnie,IF(_xlpm.shName="ابنیه",INDEX(ابنیه!$C$4:$AL$50,MATCH(_xlpm.chapNum,ابنیه!$A$4:$A$50,0),_xlpm.abnieCol),NA()),_xlpm.mechYr,_xlfn.SCAN(0,مکانیک!$C$2:$AL$2,_xlfn.LAMBDA(_xlpm.a,_xlpm.b,IF(_xlpm.b<>"",_xlpm.b,_xlpm.a))),_xlpm.mechCol,MATCH(1,(_xlpm.mechYr=_xlpm.yr)*(ISNUMBER(SEARCH(_xlpm.qName,مکانیک!$C$3:$AL$3))),0),_xlpm.mech,IF(_xlpm.shName="مکانیک",INDEX(مکانیک!$C$4:$AL$50,MATCH(_xlpm.chapNum,مکانیک!$A$4:$A$50,0),_xlpm.mechCol),NA()),_xlpm.elecYr,_xlfn.SCAN(0,'تاسیسات برقی'!$C$2:$AL$2,_xlfn.LAMBDA(_xlpm.a,_xlpm.b,IF(_xlpm.b<>"",_xlpm.b,_xlpm.a))),_xlpm.elecCol,MATCH(1,(_xlpm.elecYr=_xlpm.yr)*(ISNUMBER(SEARCH(_xlpm.qName,'تاسیسات برقی'!$C$3:$AL$3))),0),_xlpm.elec,IF(_xlpm.shName="تاسیسات برقی",INDEX('تاسیسات برقی'!$C$4:$AL$50,MATCH(_xlpm.chapNum,'تاسیسات برقی'!$A$4:$A$50,0),_xlpm.elecCol),NA()),_xlpm.rahYr,_xlfn.SCAN(0,'[1]راه, راه آهن و باند فرودگاه'!$C$2:$AL$2,_xlfn.LAMBDA(_xlpm.a,_xlpm.b,IF(_xlpm.b<>"",_xlpm.b,_xlpm.a))),_xlpm.rahCol,MATCH(1,(_xlpm.rahYr=_xlpm.yr)*(ISNUMBER(SEARCH(_xlpm.qName,'[1]راه, راه آهن و باند فرودگاه'!$C$3:$AL$3))),0),_xlpm.rah,IF(OR(_xlpm.shName="راه",_xlpm.shName="راه، راه آهن و باند فرودگاه"),INDEX('[1]راه, راه آهن و باند فرودگاه'!$C$4:$AL$50,MATCH(_xlpm.chapNum,'[1]راه, راه آهن و باند فرودگاه'!$A$4:$A$50,0),_xlpm.rahCol),NA()),_xlpm.abYr,_xlfn.SCAN(0,'تجهیزات آب و فاضلاب'!$C$2:$AL$2,_xlfn.LAMBDA(_xlpm.a,_xlpm.b,IF(_xlpm.b<>"",_xlpm.b,_xlpm.a))),_xlpm.abCol,MATCH(1,(_xlpm.abYr=_xlpm.yr)*(ISNUMBER(SEARCH(_xlpm.qName,'تجهیزات آب و فاضلاب'!$C$3:$AL$3))),0),_xlpm.ab,IF(OR(_xlpm.shName="تجهیزات آب و فاضلاب",_xlpm.shName="آب و فاضلاب"),INDEX('تجهیزات آب و فاضلاب'!$C$4:$AL$50,MATCH(_xlpm.chapNum,'تجهیزات آب و فاضلاب'!$A$4:$A$50,0),_xlpm.abCol),NA()),IFERROR(_xlpm.abnie,IFERROR(_xlpm.mech,IFERROR(_xlpm.elec,IFERROR(_xlpm.rah,IFERROR(_xlpm.ab,"یافت نشد"))))))} -> 7848.6 | J11: {=IF(G11="","",_xlfn.LET(_xlpm.yr,VALUE(RIGHT($R$2,4)),_xlpm.qName,TRIM(SUBSTITUTE(SUBSTITUTE($R$2,RIGHT($R$2,4),""),"سه ماهه","")),_xlpm.chapNum,H11,_xlpm.shName,G11,_xlpm.abnieYr,_xlfn.SCAN(0,ابنیه!$C$2:$AL$2,_xlfn.LAMBDA(_xlpm.a,_xlpm.b,IF(_xlpm.b<>"",_xlpm.b,_xlpm.a))),_xlpm.abnieCol,MATCH(1,(_xlpm.abnieYr=_xlpm.yr)*(ISNUMBER(SEARCH(_xlpm.qName,ابنیه!$C$3:$AL$3))),0),_xlpm.abnie,IF(_xlpm.shName="ابنیه",INDEX(ابنیه!$C$4:$AL$50,MATCH(_xlpm.chapNum,ابنیه!$A$4:$A$50,0),_xlpm.abnieCol),NA()),_xlpm.mechYr,_xlfn.SCAN(0,مکانیک!$C$2:$AL$2,_xlfn.LAMBDA(_xlpm.a,_xlpm.b,IF(_xlpm.b<>"",_xlpm.b,_xlpm.a))),_xlpm.mechCol,MATCH(1,(_xlpm.mechYr=_xlpm.yr)*(ISNUMBER(SEARCH(_xlpm.qName,مکانیک!$C$3:$AL$3))),0),_xlpm.mech,IF(_xlpm.shName="مکانیک",INDEX(مکانیک!$C$4:$AL$50,MATCH(_xlpm.chapNum,مکانیک!$A$4:$A$50,0),_xlpm.mechCol),NA()),_xlpm.elecYr,_xlfn.SCAN(0,'تاسیسات برقی'!$C$2:$AL$2,_xlfn.LAMBDA(_xlpm.a,_xlpm.b,IF(_xlpm.b<>"",_xlpm.b,_xlpm.a))),_xlpm.elecCol,MATCH(1,(_xlpm.elecYr=_xlpm.yr)*(ISNUMBER(SEARCH(_xlpm.qName,'تاسیسات برقی'!$C$3:$AL$3))),0),_xlpm.elec,IF(_xlpm.shName="تاسیسات برقی",INDEX('تاسیسات برقی'!$C$4:$AL$50,MATCH(_xlpm.chapNum,'تاسیسات برقی'!$A$4:$A$50,0),_xlpm.elecCol),NA()),_xlpm.rahYr,_xlfn.SCAN(0,'[1]راه, راه آهن و باند فرودگاه'!$C$2:$AL$2,_xlfn.LAMBDA(_xlpm.a,_xlpm.b,IF(_xlpm.b<>"",_xlpm.b,_xlpm.a))),_xlpm.rahCol,MATCH(1,(_xlpm.rahYr=_xlpm.yr)*(ISNUMBER(SEARCH(_xlpm.qName,'[1]راه, راه آهن و باند فرودگاه'!$C$3:$AL$3))),0),_xlpm.rah,IF(OR(_xlpm.shName="راه",_xlpm.shName="راه، راه آهن و باند فرودگاه"),INDEX('[1]راه, راه آهن و باند فرودگاه'!$C$4:$AL$50,MATCH(_xlpm.chapNum,'[1]راه, راه آهن و باند فرودگاه'!$A$4:$A$50,0),_xlpm.rahCol),NA()),_xlpm.abYr,_xlfn.SCAN(0,'تجهیزات آب و فاضلاب'!$C$2:$AL$2,_xlfn.LAMBDA(_xlpm.a,_xlpm.b,IF(_xlpm.b<>"",_xlpm.b,_xlpm.a))),_xlpm.abCol,MATCH(1,(_xlpm.abYr=_xlpm.yr)*(ISNUMBER(SEARCH(_xlpm.qName,'تجهیزات آب و فاضلاب'!$C$3:$AL$3))),0),_xlpm.ab,IF(OR(_xlpm.shName="تجهیزات آب و فاضلاب",_xlpm.shName="آب و فاضلاب"),INDEX('تجهیزات آب و فاضلاب'!$C$4:$AL$50,MATCH(_xlpm.chapNum,'تجهیزات آب و فاضلاب'!$A$4:$A$50,0),_xlpm.abCol),NA()),IFERROR(_xlpm.abnie,IFERROR(_xlpm.mech,IFERROR(_xlpm.elec,IFERROR(_xlpm.rah,IFERROR(_xlpm.ab,"یافت نشد")))))))} | K11: نرخ ارز | L11: {=_xlfn.LET(_xlpm.dateTxt,SUBSTITUTE(SUBSTITUTE(SUBSTITUTE(SUBSTITUTE(SUBSTITUTE(SUBSTITUTE(SUBSTITUTE(SUBSTITUTE(SUBSTITUTE(SUBSTITUTE(K11,"۰","0"),"۱","1"),"۲","2"),"۳","3"),"۴","4"),"۵","5"),"۶","6"),"۷","7"),"۸","8"),"۹","9"),_xlpm.rate,VLOOKUP(_xlpm.dateTxt,'Arz '!A:B,2,FALSE),IFERROR(IF(_xlpm.rate=0,"تعطیل رسمی",IF(_xlpm.rate="","تعطیل رسمی",_xlpm.rate)),"یافت نشد"))} -> یافت نشد | M11: =1-(E11+I11) -> 0.5 | N11: =IFERROR(IF(ISNUMBER(L11),(L11/$Q$2)-1,L11),"یافت نشد") -> یافت نشد
A12: 10 | B12: سبد آشغالگیری فولادی با پوشش | C12: ابنیه | D12: 16 | E12: 1 | F12: {=_xlfn.LET(_xlpm.yr,VALUE(RIGHT($R$2,4)),_xlpm.qName,TRIM(SUBSTITUTE(SUBSTITUTE($R$2,RIGHT($R$2,4),""),"سه ماهه","")),_xlpm.chapNum,D12,_xlpm.shName,C12,_xlpm.abnieYr,_xlfn.SCAN(0,ابنیه!$C$2:$AL$2,_xlfn.LAMBDA(_xlpm.a,_xlpm.b,IF(_xlpm.b<>"",_xlpm.b,_xlpm.a))),_xlpm.abnieCol,MATCH(1,(_xlpm.abnieYr=_xlpm.yr)*(ISNUMBER(SEARCH(_xlpm.qName,ابنیه!$C$3:$AL$3))),0),_xlpm.abnie,IF(_xlpm.shName="ابنیه",INDEX(ابنیه!$C$4:$AL$50,MATCH(_xlpm.chapNum,ابنیه!$A$4:$A$50,0),_xlpm.abnieCol),NA()),_xlpm.mechYr,_xlfn.SCAN(0,مکانیک!$C$2:$AL$2,_xlfn.LAMBDA(_xlpm.a,_xlpm.b,IF(_xlpm.b<>"",_xlpm.b,_xlpm.a))),_xlpm.mechCol,MATCH(1,(_xlpm.mechYr=_xlpm.yr)*(ISNUMBER(SEARCH(_xlpm.qName,مکانیک!$C$3:$AL$3))),0),_xlpm.mech,IF(_xlpm.shName="مکانیک",INDEX(مکانیک!$C$4:$AL$50,MATCH(_xlpm.chapNum,مکانیک!$A$4:$A$50,0),_xlpm.mechCol),NA()),_xlpm.elecYr,_xlfn.SCAN(0,'تاسیسات برقی'!$C$2:$AL$2,_xlfn.LAMBDA(_xlpm.a,_xlpm.b,IF(_xlpm.b<>"",_xlpm.b,_xlpm.a))),_xlpm.elecCol,MATCH(1,(_xlpm.elecYr=_xlpm.yr)*(ISNUMBER(SEARCH(_xlpm.qName,'تاسیسات برقی'!$C$3:$AL$3))),0),_xlpm.elec,IF(_xlpm.shName="تاسیسات برقی",INDEX('تاسیسات برقی'!$C$4:$AL$50,MATCH(_xlpm.chapNum,'تاسیسات برقی'!$A$4:$A$50,0),_xlpm.elecCol),NA()),_xlpm.rahYr,_xlfn.SCAN(0,'[1]راه, راه آهن و باند فرودگاه'!$C$2:$AL$2,_xlfn.LAMBDA(_xlpm.a,_xlpm.b,IF(_xlpm.b<>"",_xlpm.b,_xlpm.a))),_xlpm.rahCol,MATCH(1,(_xlpm.rahYr=_xlpm.yr)*(ISNUMBER(SEARCH(_xlpm.qName,'[1]راه, راه آهن و باند فرودگاه'!$C$3:$AL$3))),0),_xlpm.rah,IF(OR(_xlpm.shName="راه",_xlpm.shName="راه، راه آهن و باند فرودگاه"),INDEX('[1]راه, راه آهن و باند فرودگاه'!$C$4:$AL$50,MATCH(_xlpm.chapNum,'[1]راه, راه آهن و باند فرودگاه'!$A$4:$A$50,0),_xlpm.rahCol),NA()),_xlpm.abYr,_xlfn.SCAN(0,'تجهیزات آب و فاضلاب'!$C$2:$AL$2,_xlfn.LAMBDA(_xlpm.a,_xlpm.b,IF(_xlpm.b<>"",_xlpm.b,_xlpm.a))),_xlpm.abCol,MATCH(1,(_xlpm.abYr=_xlpm.yr)*(ISNUMBER(SEARCH(_xlpm.qName,'تجهیزات آب و فاضلاب'!$C$3:$AL$3))),0),_xlpm.ab,IF(OR(_xlpm.shName="تجهیزات آب و فاضلاب",_xlpm.shName="آب و فاضلاب"),INDEX('تجهیزات آب و فاضلاب'!$C$4:$AL$50,MATCH(_xlpm.chapNum,'تجهیزات آب و فاضلاب'!$A$4:$A$50,0),_xlpm.abCol),NA()),IFERROR(_xlpm.abnie,IFERROR(_xlpm.mech,IFERROR(_xlpm.elec,IFERROR(_xlpm.rah,IFERROR(_xlpm.ab,"یافت نشد"))))))} -> 7848.6 | J12: {=IF(G12="","",_xlfn.LET(_xlpm.yr,VALUE(RIGHT($R$2,4)),_xlpm.qName,TRIM(SUBSTITUTE(SUBSTITUTE($R$2,RIGHT($R$2,4),""),"سه ماهه","")),_xlpm.chapNum,H12,_xlpm.shName,G12,_xlpm.abnieYr,_xlfn.SCAN(0,ابنیه!$C$2:$AL$2,_xlfn.LAMBDA(_xlpm.a,_xlpm.b,IF(_xlpm.b<>"",_xlpm.b,_xlpm.a))),_xlpm.abnieCol,MATCH(1,(_xlpm.abnieYr=_xlpm.yr)*(ISNUMBER(SEARCH(_xlpm.qName,ابنیه!$C$3:$AL$3))),0),_xlpm.abnie,IF(_xlpm.shName="ابنیه",INDEX(ابنیه!$C$4:$AL$50,MATCH(_xlpm.chapNum,ابنیه!$A$4:$A$50,0),_xlpm.abnieCol),NA()),_xlpm.mechYr,_xlfn.SCAN(0,مکانیک!$C$2:$AL$2,_xlfn.LAMBDA(_xlpm.a,_xlpm.b,IF(_xlpm.b<>"",_xlpm.b,_xlpm.a))),_xlpm.mechCol,MATCH(1,(_xlpm.mechYr=_xlpm.yr)*(ISNUMBER(SEARCH(_xlpm.qName,مکانیک!$C$3:$AL$3))),0),_xlpm.mech,IF(_xlpm.shName="مکانیک",INDEX(مکانیک!$C$4:$AL$50,MATCH(_xlpm.chapNum,مکانیک!$A$4:$A$50,0),_xlpm.mechCol),NA()),_xlpm.elecYr,_xlfn.SCAN(0,'تاسیسات برقی'!$C$2:$AL$2,_xlfn.LAMBDA(_xlpm.a,_xlpm.b,IF(_xlpm.b<>"",_xlpm.b,_xlpm.a))),_xlpm.elecCol,MATCH(1,(_xlpm.elecYr=_xlpm.yr)*(ISNUMBER(SEARCH(_xlpm.qName,'تاسیسات برقی'!$C$3:$AL$3))),0),_xlpm.elec,IF(_xlpm.shName="تاسیسات برقی",INDEX('تاسیسات برقی'!$C$4:$AL$50,MATCH(_xlpm.chapNum,'تاسیسات برقی'!$A$4:$A$50,0),_xlpm.elecCol),NA()),_xlpm.rahYr,_xlfn.SCAN(0,'[1]راه, راه آهن و باند فرودگاه'!$C$2:$AL$2,_xlfn.LAMBDA(_xlpm.a,_xlpm.b,IF(_xlpm.b<>"",_xlpm.b,_xlpm.a))),_xlpm.rahCol,MATCH(1,(_xlpm.rahYr=_xlpm.yr)*(ISNUMBER(SEARCH(_xlpm.qName,'[1]راه, راه آهن و باند فرودگاه'!$C$3:$AL$3))),0),_xlpm.rah,IF(OR(_xlpm.shName="راه",_xlpm.shName="راه، راه آهن و باند فرودگاه"),INDEX('[1]راه, راه آهن و باند فرودگاه'!$C$4:$AL$50,MATCH(_xlpm.chapNum,'[1]راه, راه آهن و باند فرودگاه'!$A$4:$A$50,0),_xlpm.rahCol),NA()),_xlpm.abYr,_xlfn.SCAN(0,'تجهیزات آب و فاضلاب'!$C$2:$AL$2,_xlfn.LAMBDA(_xlpm.a,_xlpm.b,IF(_xlpm.b<>"",_xlpm.b,_xlpm.a))),_xlpm.abCol,MATCH(1,(_xlpm.abYr=_xlpm.yr)*(ISNUMBER(SEARCH(_xlpm.qName,'تجهیزات آب و فاضلاب'!$C$3:$AL$3))),0),_xlpm.ab,IF(OR(_xlpm.shName="تجهیزات آب و فاضلاب",_xlpm.shName="آب و فاضلاب"),INDEX('تجهیزات آب و فاضلاب'!$C$4:$AL$50,MATCH(_xlpm.chapNum,'تجهیزات آب و فاضلاب'!$A$4:$A$50,0),_xlpm.abCol),NA()),IFERROR(_xlpm.abnie,IFERROR(_xlpm.mech,IFERROR(_xlpm.elec,IFERROR(_xlpm.rah,IFERROR(_xlpm.ab,"یافت نشد")))))))} | K12: نرخ ارز | L12: {=_xlfn.LET(_xlpm.dateTxt,SUBSTITUTE(SUBSTITUTE(SUBSTITUTE(SUBSTITUTE(SUBSTITUTE(SUBSTITUTE(SUBSTITUTE(SUBSTITUTE(SUBSTITUTE(SUBSTITUTE(K12,"۰","0"),"۱","1"),"۲","2"),"۳","3"),"۴","4"),"۵","5"),"۶","6"),"۷","7"),"۸","8"),"۹","9"),_xlpm.rate,VLOOKUP(_xlpm.dateTxt,'Arz '!A:B,2,FALSE),IFERROR(IF(_xlpm.rate=0,"تعطیل رسمی",IF(_xlpm.rate="","تعطیل رسمی",_xlpm.rate)),"یافت نشد"))} -> یافت نشد | M12: =1-(E12+I12) -> 0 | N12: =IFERROR(IF(ISNUMBER(L12),(L12/$Q$2)-1,L12),"یافت نشد") -> یافت نشد
A13: 11 | B13: سبد آشغالگیر فولاد ضد زنگ | C13: ابنیه | D13: 16 | E13: 0.5 | F13: {=_xlfn.LET(_xlpm.yr,VALUE(RIGHT($R$2,4)),_xlpm.qName,TRIM(SUBSTITUTE(SUBSTITUTE($R$2,RIGHT($R$2,4),""),"سه ماهه","")),_xlpm.chapNum,D13,_xlpm.shName,C13,_xlpm.abnieYr,_xlfn.SCAN(0,ابنیه!$C$2:$AL$2,_xlfn.LAMBDA(_xlpm.a,_xlpm.b,IF(_xlpm.b<>"",_xlpm.b,_xlpm.a))),_xlpm.abnieCol,MATCH(1,(_xlpm.abnieYr=_xlpm.yr)*(ISNUMBER(SEARCH(_xlpm.qName,ابنیه!$C$3:$AL$3))),0),_xlpm.abnie,IF(_xlpm.shName="ابنیه",INDEX(ابنیه!$C$4:$AL$50,MATCH(_xlpm.chapNum,ابنیه!$A$4:$A$50,0),_xlpm.abnieCol),NA()),_xlpm.mechYr,_xlfn.SCAN(0,مکانیک!$C$2:$AL$2,_xlfn.LAMBDA(_xlpm.a,_xlpm.b,IF(_xlpm.b<>"",_xlpm.b,_xlpm.a))),_xlpm.mechCol,MATCH(1,(_xlpm.mechYr=_xlpm.yr)*(ISNUMBER(SEARCH(_xlpm.qName,مکانیک!$C$3:$AL$3))),0),_xlpm.mech,IF(_xlpm.shName="مکانیک",INDEX(مکانیک!$C$4:$AL$50,MATCH(_xlpm.chapNum,مکانیک!$A$4:$A$50,0),_xlpm.mechCol),NA()),_xlpm.elecYr,_xlfn.SCAN(0,'تاسیسات برقی'!$C$2:$AL$2,_xlfn.LAMBDA(_xlpm.a,_xlpm.b,IF(_xlpm.b<>"",_xlpm.b,_xlpm.a))),_xlpm.elecCol,MATCH(1,(_xlpm.elecYr=_xlpm.yr)*(ISNUMBER(SEARCH(_xlpm.qName,'تاسیسات برقی'!$C$3:$AL$3))),0),_xlpm.elec,IF(_xlpm.shName="تاسیسات برقی",INDEX('تاسیسات برقی'!$C$4:$AL$50,MATCH(_xlpm.chapNum,'تاسیسات برقی'!$A$4:$A$50,0),_xlpm.elecCol),NA()),_xlpm.rahYr,_xlfn.SCAN(0,'[1]راه, راه آهن و باند فرودگاه'!$C$2:$AL$2,_xlfn.LAMBDA(_xlpm.a,_xlpm.b,IF(_xlpm.b<>"",_xlpm.b,_xlpm.a))),_xlpm.rahCol,MATCH(1,(_xlpm.rahYr=_xlpm.yr)*(ISNUMBER(SEARCH(_xlpm.qName,'[1]راه, راه آهن و باند فرودگاه'!$C$3:$AL$3))),0),_xlpm.rah,IF(OR(_xlpm.shName="راه",_xlpm.shName="راه، راه آهن و باند فرودگاه"),INDEX('[1]راه, راه آهن و باند فرودگاه'!$C$4:$AL$50,MATCH(_xlpm.chapNum,'[1]راه, راه آهن و باند فرودگاه'!$A$4:$A$50,0),_xlpm.rahCol),NA()),_xlpm.abYr,_xlfn.SCAN(0,'تجهیزات آب و فاضلاب'!$C$2:$AL$2,_xlfn.LAMBDA(_xlpm.a,_xlpm.b,IF(_xlpm.b<>"",_xlpm.b,_xlpm.a))),_xlpm.abCol,MATCH(1,(_xlpm.abYr=_xlpm.yr)*(ISNUMBER(SEARCH(_xlpm.qName,'تجهیزات آب و فاضلاب'!$C$3:$AL$3))),0),_xlpm.ab,IF(OR(_xlpm.shName="تجهیزات آب و فاضلاب",_xlpm.shName="آب و فاضلاب"),INDEX('تجهیزات آب و فاضلاب'!$C$4:$AL$50,MATCH(_xlpm.chapNum,'تجهیزات آب و فاضلاب'!$A$4:$A$50,0),_xlpm.abCol),NA()),IFERROR(_xlpm.abnie,IFERROR(_xlpm.mech,IFERROR(_xlpm.elec,IFERROR(_xlpm.rah,IFERROR(_xlpm.ab,"یافت نشد"))))))} -> 7848.6 | J13: {=IF(G13="","",_xlfn.LET(_xlpm.yr,VALUE(RIGHT($R$2,4)),_xlpm.qName,TRIM(SUBSTITUTE(SUBSTITUTE($R$2,RIGHT($R$2,4),""),"سه ماهه","")),_xlpm.chapNum,H13,_xlpm.shName,G13,_xlpm.abnieYr,_xlfn.SCAN(0,ابنیه!$C$2:$AL$2,_xlfn.LAMBDA(_xlpm.a,_xlpm.b,IF(_xlpm.b<>"",_xlpm.b,_xlpm.a))),_xlpm.abnieCol,MATCH(1,(_xlpm.abnieYr=_xlpm.yr)*(ISNUMBER(SEARCH(_xlpm.qName,ابنیه!$C$3:$AL$3))),0),_xlpm.abnie,IF(_xlpm.shName="ابنیه",INDEX(ابنیه!$C$4:$AL$50,MATCH(_xlpm.chapNum,ابنیه!$A$4:$A$50,0),_xlpm.abnieCol),NA()),_xlpm.mechYr,_xlfn.SCAN(0,مکانیک!$C$2:$AL$2,_xlfn.LAMBDA(_xlpm.a,_xlpm.b,IF(_xlpm.b<>"",_xlpm.b,_xlpm.a))),_xlpm.mechCol,MATCH(1,(_xlpm.mechYr=_xlpm.yr)*(ISNUMBER(SEARCH(_xlpm.qName,مکانیک!$C$3:$AL$3))),0),_xlpm.mech,IF(_xlpm.shName="مکانیک",INDEX(مکانیک!$C$4:$AL$50,MATCH(_xlpm.chapNum,مکانیک!$A$4:$A$50,0),_xlpm.mechCol),NA()),_xlpm.elecYr,_xlfn.SCAN(0,'تاسیسات برقی'!$C$2:$AL$2,_xlfn.LAMBDA(_xlpm.a,_xlpm.b,IF(_xlpm.b<>"",_xlpm.b,_xlpm.a))),_xlpm.elecCol,MATCH(1,(_xlpm.elecYr=_xlpm.yr)*(ISNUMBER(SEARCH(_xlpm.qName,'تاسیسات برقی'!$C$3:$AL$3))),0),_xlpm.elec,IF(_xlpm.shName="تاسیسات برقی",INDEX('تاسیسات برقی'!$C$4:$AL$50,MATCH(_xlpm.chapNum,'تاسیسات برقی'!$A$4:$A$50,0),_xlpm.elecCol),NA()),_xlpm.rahYr,_xlfn.SCAN(0,'[1]راه, راه آهن و باند فرودگاه'!$C$2:$AL$2,_xlfn.LAMBDA(_xlpm.a,_xlpm.b,IF(_xlpm.b<>"",_xlpm.b,_xlpm.a))),_xlpm.rahCol,MATCH(1,(_xlpm.rahYr=_xlpm.yr)*(ISNUMBER(SEARCH(_xlpm.qName,'[1]راه, راه آهن و باند فرودگاه'!$C$3:$AL$3))),0),_xlpm.rah,IF(OR(_xlpm.shName="راه",_xlpm.shName="راه، راه آهن و باند فرودگاه"),INDEX('[1]راه, راه آهن و باند فرودگاه'!$C$4:$AL$50,MATCH(_xlpm.chapNum,'[1]راه, راه آهن و باند فرودگاه'!$A$4:$A$50,0),_xlpm.rahCol),NA()),_xlpm.abYr,_xlfn.SCAN(0,'تجهیزات آب و فاضلاب'!$C$2:$AL$2,_xlfn.LAMBDA(_xlpm.a,_xlpm.b,IF(_xlpm.b<>"",_xlpm.b,_xlpm.a))),_xlpm.abCol,MATCH(1,(_xlpm.abYr=_xlpm.yr)*(ISNUMBER(SEARCH(_xlpm.qName,'تجهیزات آب و فاضلاب'!$C$3:$AL$3))),0),_xlpm.ab,IF(OR(_xlpm.shName="تجهیزات آب و فاضلاب",_xlpm.shName="آب و فاضلاب"),INDEX('تجهیزات آب و فاضلاب'!$C$4:$AL$50,MATCH(_xlpm.chapNum,'تجهیزات آب و فاضلاب'!$A$4:$A$50,0),_xlpm.abCol),NA()),IFERROR(_xlpm.abnie,IFERROR(_xlpm.mech,IFERROR(_xlpm.elec,IFERROR(_xlpm.rah,IFERROR(_xlpm.ab,"یافت نشد")))))))} | K13: نرخ ارز | L13: {=_xlfn.LET(_xlpm.dateTxt,SUBSTITUTE(SUBSTITUTE(SUBSTITUTE(SUBSTITUTE(SUBSTITUTE(SUBSTITUTE(SUBSTITUTE(SUBSTITUTE(SUBSTITUTE(SUBSTITUTE(K13,"۰","0"),"۱","1"),"۲","2"),"۳","3"),"۴","4"),"۵","5"),"۶","6"),"۷","7"),"۸","8"),"۹","9"),_xlpm.rate,VLOOKUP(_xlpm.dateTxt,'Arz '!A:B,2,FALSE),IFERROR(IF(_xlpm.rate=0,"تعطیل رسمی",IF(_xlpm.rate="","تعطیل رسمی",_xlpm.rate)),"یافت نشد"))} -> یافت نشد | M13: =1-(E13+I13) -> 0.5 | N13: =IFERROR(IF(ISNUMBER(L13),(L13/$Q$2)-1,L13),"یافت نشد") -> یافت نشد
A14: 12 | B14: آشغالگیر مکانیکی - فولادی با پوشش | C14: ابنیه | D14: 16 | E14: 0.5 | F14: {=_xlfn.LET(_xlpm.yr,VALUE(RIGHT($R$2,4)),_xlpm.qName,TRIM(SUBSTITUTE(SUBSTITUTE($R$2,RIGHT($R$2,4),""),"سه ماهه","")),_xlpm.chapNum,D14,_xlpm.shName,C14,_xlpm.abnieYr,_xlfn.SCAN(0,ابنیه!$C$2:$AL$2,_xlfn.LAMBDA(_xlpm.a,_xlpm.b,IF(_xlpm.b<>"",_xlpm.b,_xlpm.a))),_xlpm.abnieCol,MATCH(1,(_xlpm.abnieYr=_xlpm.yr)*(ISNUMBER(SEARCH(_xlpm.qName,ابنیه!$C$3:$AL$3))),0),_xlpm.abnie,IF(_xlpm.shName="ابنیه",INDEX(ابنیه!$C$4:$AL$50,MATCH(_xlpm.chapNum,ابنیه!$A$4:$A$50,0),_xlpm.abnieCol),NA()),_xlpm.mechYr,_xlfn.SCAN(0,مکانیک!$C$2:$AL$2,_xlfn.LAMBDA(_xlpm.a,_xlpm.b,IF(_xlpm.b<>"",_xlpm.b,_xlpm.a))),_xlpm.mechCol,MATCH(1,(_xlpm.mechYr=_xlpm.yr)*(ISNUMBER(SEARCH(_xlpm.qName,مکانیک!$C$3:$AL$3))),0),_xlpm.mech,IF(_xlpm.shName="مکانیک",INDEX(مکانیک!$C$4:$AL$50,MATCH(_xlpm.chapNum,مکانیک!$A$4:$A$50,0),_xlpm.mechCol),NA()),_xlpm.elecYr,_xlfn.SCAN(0,'تاسیسات برقی'!$C$2:$AL$2,_xlfn.LAMBDA(_xlpm.a,_xlpm.b,IF(_xlpm.b<>"",_xlpm.b,_xlpm.a))),_xlpm.elecCol,MATCH(1,(_xlpm.elecYr=_xlpm.yr)*(ISNUMBER(SEARCH(_xlpm.qName,'تاسیسات برقی'!$C$3:$AL$3))),0),_xlpm.elec,IF(_xlpm.shName="تاسیسات برقی",INDEX('تاسیسات برقی'!$C$4:$AL$50,MATCH(_xlpm.chapNum,'تاسیسات برقی'!$A$4:$A$50,0),_xlpm.elecCol),NA()),_xlpm.rahYr,_xlfn.SCAN(0,'[1]راه, راه آهن و باند فرودگاه'!$C$2:$AL$2,_xlfn.LAMBDA(_xlpm.a,_xlpm.b,IF(_xlpm.b<>"",_xlpm.b,_xlpm.a))),_xlpm.rahCol,MATCH(1,(_xlpm.rahYr=_xlpm.yr)*(ISNUMBER(SEARCH(_xlpm.qName,'[1]راه, راه آهن و باند فرودگاه'!$C$3:$AL$3))),0),_xlpm.rah,IF(OR(_xlpm.shName="راه",_xlpm.shName="راه، راه آهن و باند فرودگاه"),INDEX('[1]راه, راه آهن و باند فرودگاه'!$C$4:$AL$50,MATCH(_xlpm.chapNum,'[1]راه, راه آهن و باند فرودگاه'!$A$4:$A$50,0),_xlpm.rahCol),NA()),_xlpm.abYr,_xlfn.SCAN(0,'تجهیزات آب و فاضلاب'!$C$2:$AL$2,_xlfn.LAMBDA(_xlpm.a,_xlpm.b,IF(_xlpm.b<>"",_xlpm.b,_xlpm.a))),_xlpm.abCol,MATCH(1,(_xlpm.abYr=_xlpm.yr)*(ISNUMBER(SEARCH(_xlpm.qName,'تجهیزات آب و فاضلاب'!$C$3:$AL$3))),0),_xlpm.ab,IF(OR(_xlpm.shName="تجهیزات آب و فاضلاب",_xlpm.shName="آب و فاضلاب"),INDEX('تجهیزات آب و فاضلاب'!$C$4:$AL$50,MATCH(_xlpm.chapNum,'تجهیزات آب و فاضلاب'!$A$4:$A$50,0),_xlpm.abCol),NA()),IFERROR(_xlpm.abnie,IFERROR(_xlpm.mech,IFERROR(_xlpm.elec,IFERROR(_xlpm.rah,IFERROR(_xlpm.ab,"یافت نشد"))))))} -> 7848.6 | G14: مکانیک | H14: 24 | I14: 0.5 | J14: {=IF(G14="","",_xlfn.LET(_xlpm.yr,VALUE(RIGHT($R$2,4)),_xlpm.qName,TRIM(SUBSTITUTE(SUBSTITUTE($R$2,RIGHT($R$2,4),""),"سه ماهه","")),_xlpm.chapNum,H14,_xlpm.shName,G14,_xlpm.abnieYr,_xlfn.SCAN(0,ابنیه!$C$2:$AL$2,_xlfn.LAMBDA(_xlpm.a,_xlpm.b,IF(_xlpm.b<>"",_xlpm.b,_xlpm.a))),_xlpm.abnieCol,MATCH(1,(_xlpm.abnieYr=_xlpm.yr)*(ISNUMBER(SEARCH(_xlpm.qName,ابنیه!$C$3:$AL$3))),0),_xlpm.abnie,IF(_xlpm.shName="ابنیه",INDEX(ابنیه!$C$4:$AL$50,MATCH(_xlpm.chapNum,ابنیه!$A$4:$A$50,0),_xlpm.abnieCol),NA()),_xlpm.mechYr,_xlfn.SCAN(0,مکانیک!$C$2:$AL$2,_xlfn.LAMBDA(_xlpm.a,_xlpm.b,IF(_xlpm.b<>"",_xlpm.b,_xlpm.a))),_xlpm.mechCol,MATCH(1,(_xlpm.mechYr=_xlpm.yr)*(ISNUMBER(SEARCH(_xlpm.qName,مکانیک!$C$3:$AL$3))),0),_xlpm.mech,IF(_xlpm.shName="مکانیک",INDEX(مکانیک!$C$4:$AL$50,MATCH(_xlpm.chapNum,مکانیک!$A$4:$A$50,0),_xlpm.mechCol),NA()),_xlpm.elecYr,_xlfn.SCAN(0,'تاسیسات برقی'!$C$2:$AL$2,_xlfn.LAMBDA(_xlpm.a,_xlpm.b,IF(_xlpm.b<>"",_xlpm.b,_xlpm.a))),_xlpm.elecCol,MATCH(1,(_xlpm.elecYr=_xlpm.yr)*(ISNUMBER(SEARCH(_xlpm.qName,'تاسیسات برقی'!$C$3:$AL$3))),0),_xlpm.elec,IF(_xlpm.shName="تاسیسات برقی",INDEX('تاسیسات برقی'!$C$4:$AL$50,MATCH(_xlpm.chapNum,'تاسیسات برقی'!$A$4:$A$50,0),_xlpm.elecCol),NA()),_xlpm.rahYr,_xlfn.SCAN(0,'[1]راه, راه آهن و باند فرودگاه'!$C$2:$AL$2,_xlfn.LAMBDA(_xlpm.a,_xlpm.b,IF(_xlpm.b<>"",_xlpm.b,_xlpm.a))),_xlpm.rahCol,MATCH(1,(_xlpm.rahYr=_xlpm.yr)*(ISNUMBER(SEARCH(_xlpm.qName,'[1]راه, راه آهن و باند فرودگاه'!$C$3:$AL$3))),0),_xlpm.rah,IF(OR(_xlpm.shName="راه",_xlpm.shName="راه، راه آهن و باند فرودگاه"),INDEX('[1]راه, راه آهن و باند فرودگاه'!$C$4:$AL$50,MATCH(_xlpm.chapNum,'[1]راه, راه آهن و باند فرودگاه'!$A$4:$A$50,0),_xlpm.rahCol),NA()),_xlpm.abYr,_xlfn.SCAN(0,'تجهیزات آب و فاضلاب'!$C$2:$AL$2,_xlfn.LAMBDA(_xlpm.a,_xlpm.b,IF(_xlpm.b<>"",_xlpm.b,_xlpm.a))),_xlpm.abCol,MATCH(1,(_xlpm.abYr=_xlpm.yr)*(ISNUMBER(SEARCH(_xlpm.qName,'تجهیزات آب و فاضلاب'!$C$3:$AL$3))),0),_xlpm.ab,IF(OR(_xlpm.shName="تجهیزات آب و فاضلاب",_xlpm.shName="آب و فاضلاب"),INDEX('تجهیزات آب و فاضلاب'!$C$4:$AL$50,MATCH(_xlpm.chapNum,'تجهیزات آب و فاضلاب'!$A$4:$A$50,0),_xlpm.abCol),NA()),IFERROR(_xlpm.abnie,IFERROR(_xlpm.mech,IFERROR(_xlpm.elec,IFERROR(_xlpm.rah,IFERROR(_xlpm.ab,"یافت نشد")))))))} -> 6186.2 | K14: نرخ ارز | L14: {=_xlfn.LET(_xlpm.dateTxt,SUBSTITUTE(SUBSTITUTE(SUBSTITUTE(SUBSTITUTE(SUBSTITUTE(SUBSTITUTE(SUBSTITUTE(SUBSTITUTE(SUBSTITUTE(SUBSTITUTE(K14,"۰","0"),"۱","1"),"۲","2"),"۳","3"),"۴","4"),"۵","5"),"۶","6"),"۷","7"),"۸","8"),"۹","9"),_xlpm.rate,VLOOKUP(_xlpm.dateTxt,'Arz '!A:B,2,FALSE),IFERROR(IF(_xlpm.rate=0,"تعطیل رسمی",IF(_xlpm.rate="","تعطیل رسمی",_xlpm.rate)),"یافت نشد"))} -> یافت نشد | M14: =1-(E14+I14) -> 0 | N14: =IFERROR(IF(ISNUMBER(L14),(L14/$Q$2)-1,L14),"یافت نشد") -> یافت نشد
A15: 13 | B15: آشغالگیر مکانیکی فولاد ضد زنگ | C15: ابنیه | D15: 16 | E15: 0.25 | F15: {=_xlfn.LET(_xlpm.yr,VALUE(RIGHT($R$2,4)),_xlpm.qName,TRIM(SUBSTITUTE(SUBSTITUTE($R$2,RIGHT($R$2,4),""),"سه ماهه","")),_xlpm.chapNum,D15,_xlpm.shName,C15,_xlpm.abnieYr,_xlfn.SCAN(0,ابنیه!$C$2:$AL$2,_xlfn.LAMBDA(_xlpm.a,_xlpm.b,IF(_xlpm.b<>"",_xlpm.b,_xlpm.a))),_xlpm.abnieCol,MATCH(1,(_xlpm.abnieYr=_xlpm.yr)*(ISNUMBER(SEARCH(_xlpm.qName,ابنیه!$C$3:$AL$3))),0),_xlpm.abnie,IF(_xlpm.shName="ابنیه",INDEX(ابنیه!$C$4:$AL$50,MATCH(_xlpm.chapNum,ابنیه!$A$4:$A$50,0),_xlpm.abnieCol),NA()),_xlpm.mechYr,_xlfn.SCAN(0,مکانیک!$C$2:$AL$2,_xlfn.LAMBDA(_xlpm.a,_xlpm.b,IF(_xlpm.b<>"",_xlpm.b,_xlpm.a))),_xlpm.mechCol,MATCH(1,(_xlpm.mechYr=_xlpm.yr)*(ISNUMBER(SEARCH(_xlpm.qName,مکانیک!$C$3:$AL$3))),0),_xlpm.mech,IF(_xlpm.shName="مکانیک",INDEX(مکانیک!$C$4:$AL$50,MATCH(_xlpm.chapNum,مکانیک!$A$4:$A$50,0),_xlpm.mechCol),NA()),_xlpm.elecYr,_xlfn.SCAN(0,'تاسیسات برقی'!$C$2:$AL$2,_xlfn.LAMBDA(_xlpm.a,_xlpm.b,IF(_xlpm.b<>"",_xlpm.b,_xlpm.a))),_xlpm.elecCol,MATCH(1,(_xlpm.elecYr=_xlpm.yr)*(ISNUMBER(SEARCH(_xlpm.qName,'تاسیسات برقی'!$C$3:$AL$3))),0),_xlpm.elec,IF(_xlpm.shName="تاسیسات برقی",INDEX('تاسیسات برقی'!$C$4:$AL$50,MATCH(_xlpm.chapNum,'تاسیسات برقی'!$A$4:$A$50,0),_xlpm.elecCol),NA()),_xlpm.rahYr,_xlfn.SCAN(0,'[1]راه, راه آهن و باند فرودگاه'!$C$2:$AL$2,_xlfn.LAMBDA(_xlpm.a,_xlpm.b,IF(_xlpm.b<>"",_xlpm.b,_xlpm.a))),_xlpm.rahCol,MATCH(1,(_xlpm.rahYr=_xlpm.yr)*(ISNUMBER(SEARCH(_xlpm.qName,'[1]راه, راه آهن و باند فرودگاه'!$C$3:$AL$3))),0),_xlpm.rah,IF(OR(_xlpm.shName="راه",_xlpm.shName="راه، راه آهن و باند فرودگاه"),INDEX('[1]راه, راه آهن و باند فرودگاه'!$C$4:$AL$50,MATCH(_xlpm.chapNum,'[1]راه, راه آهن و باند فرودگاه'!$A$4:$A$50,0),_xlpm.rahCol),NA()),_xlpm.abYr,_xlfn.SCAN(0,'تجهیزات آب و فاضلاب'!$C$2:$AL$2,_xlfn.LAMBDA(_xlpm.a,_xlpm.b,IF(_xlpm.b<>"",_xlpm.b,_xlpm.a))),_xlpm.abCol,MATCH(1,(_xlpm.abYr=_xlpm.yr)*(ISNUMBER(SEARCH(_xlpm.qName,'تجهیزات آب و فاضلاب'!$C$3:$AL$3))),0),_xlpm.ab,IF(OR(_xlpm.shName="تجهیزات آب و فاضلاب",_xlpm.shName="آب و فاضلاب"),INDEX('تجهیزات آب و فاضلاب'!$C$4:$AL$50,MATCH(_xlpm.chapNum,'تجهیزات آب و فاضلاب'!$A$4:$A$50,0),_xlpm.abCol),NA()),IFERROR(_xlpm.abnie,IFERROR(_xlpm.mech,IFERROR(_xlpm.elec,IFERROR(_xlpm.rah,IFERROR(_xlpm.ab,"یافت نشد"))))))} -> 7848.6 | G15: مکانیک | H15: 24 | I15: 0.25 | J15: {=IF(G15="","",_xlfn.LET(_xlpm.yr,VALUE(RIGHT($R$2,4)),_xlpm.qName,TRIM(SUBSTITUTE(SUBSTITUTE($R$2,RIGHT($R$2,4),""),"سه ماهه","")),_xlpm.chapNum,H15,_xlpm.shName,G15,_xlpm.abnieYr,_xlfn.SCAN(0,ابنیه!$C$2:$AL$2,_xlfn.LAMBDA(_xlpm.a,_xlpm.b,IF(_xlpm.b<>"",_xlpm.b,_xlpm.a))),_xlpm.abnieCol,MATCH(1,(_xlpm.abnieYr=_xlpm.yr)*(ISNUMBER(SEARCH(_xlpm.qName,ابنیه!$C$3:$AL$3))),0),_xlpm.abnie,IF(_xlpm.shName="ابنیه",INDEX(ابنیه!$C$4:$AL$50,MATCH(_xlpm.chapNum,ابنیه!$A$4:$A$50,0),_xlpm.abnieCol),NA()),_xlpm.mechYr,_xlfn.SCAN(0,مکانیک!$C$2:$AL$2,_xlfn.LAMBDA(_xlpm.a,_xlpm.b,IF(_xlpm.b<>"",_xlpm.b,_xlpm.a))),_xlpm.mechCol,MATCH(1,(_xlpm.mechYr=_xlpm.yr)*(ISNUMBER(SEARCH(_xlpm.qName,مکانیک!$C$3:$AL$3))),0),_xlpm.mech,IF(_xlpm.shName="مکانیک",INDEX(مکانیک!$C$4:$AL$50,MATCH(_xlpm.chapNum,مکانیک!$A$4:$A$50,0),_xlpm.mechCol),NA()),_xlpm.elecYr,_xlfn.SCAN(0,'تاسیسات برقی'!$C$2:$AL$2,_xlfn.LAMBDA(_xlpm.a,_xlpm.b,IF(_xlpm.b<>"",_xlpm.b,_xlpm.a))),_xlpm.elecCol,MATCH(1,(_xlpm.elecYr=_xlpm.yr)*(ISNUMBER(SEARCH(_xlpm.qName,'تاسیسات برقی'!$C$3:$AL$3))),0),_xlpm.elec,IF(_xlpm.shName="تاسیسات برقی",INDEX('تاسیسات برقی'!$C$4:$AL$50,MATCH(_xlpm.chapNum,'تاسیسات برقی'!$A$4:$A$50,0),_xlpm.elecCol),NA()),_xlpm.rahYr,_xlfn.SCAN(0,'[1]راه, راه آهن و باند فرودگاه'!$C$2:$AL$2,_xlfn.LAMBDA(_xlpm.a,_xlpm.b,IF(_xlpm.b<>"",_xlpm.b,_xlpm.a))),_xlpm.rahCol,MATCH(1,(_xlpm.rahYr=_xlpm.yr)*(ISNUMBER(SEARCH(_xlpm.qName,'[1]راه, راه آهن و باند فرودگاه'!$C$3:$AL$3))),0),_xlpm.rah,IF(OR(_xlpm.shName="راه",_xlpm.shName="راه، راه آهن و باند فرودگاه"),INDEX('[1]راه, راه آهن و باند فرودگاه'!$C$4:$AL$50,MATCH(_xlpm.chapNum,'[1]راه, راه آهن و باند فرودگاه'!$A$4:$A$50,0),_xlpm.rahCol),NA()),_xlpm.abYr,_xlfn.SCAN(0,'تجهیزات آب و فاضلاب'!$C$2:$AL$2,_xlfn.LAMBDA(_xlpm.a,_xlpm.b,IF(_xlpm.b<>"",_xlpm.b,_xlpm.a))),_xlpm.abCol,MATCH(1,(_xlpm.abYr=_xlpm.yr)*(ISNUMBER(SEARCH(_xlpm.qName,'تجهیزات آب و فاضلاب'!$C$3:$AL$3))),0),_xlpm.ab,IF(OR(_xlpm.shName="تجهیزات آب و فاضلاب",_xlpm.shName="آب و فاضلاب"),INDEX('تجهیزات آب و فاضلاب'!$C$4:$AL$50,MATCH(_xlpm.chapNum,'تجهیزات آب و فاضلاب'!$A$4:$A$50,0),_xlpm.abCol),NA()),IFERROR(_xlpm.abnie,IFERROR(_xlpm.mech,IFERROR(_xlpm.elec,IFERROR(_xlpm.rah,IFERROR(_xlpm.ab,"یافت نشد")))))))} -> 6186.2 | K15: نرخ ارز | L15: {=_xlfn.LET(_xlpm.dateTxt,SUBSTITUTE(SUBSTITUTE(SUBSTITUTE(SUBSTITUTE(SUBSTITUTE(SUBSTITUTE(SUBSTITUTE(SUBSTITUTE(SUBSTITUTE(SUBSTITUTE(K15,"۰","0"),"۱","1"),"۲","2"),"۳","3"),"۴","4"),"۵","5"),"۶","6"),"۷","7"),"۸","8"),"۹","9"),_xlpm.rate,VLOOKUP(_xlpm.dateTxt,'Arz '!A:B,2,FALSE),IFERROR(IF(_xlpm.rate=0,"تعطیل رسمی",IF(_xlpm.rate="","تعطیل رسمی",_xlpm.rate)),"یافت نشد"))} -> یافت نشد | M15: =1-(E15+I15) -> 0.5 | N15: =IFERROR(IF(ISNUMBER(L15),(L15/$Q$2)-1,L15),"یافت نشد") -> یافت نشد
A16: 14 | B16: نقاله های حلزونی، فشرده سازی آشغال، کلاسیفایر- فولاد گالوانیزه | C16: ابنیه | D16: 16 | E16: 0.5 | F16: {=_xlfn.LET(_xlpm.yr,VALUE(RIGHT($R$2,4)),_xlpm.qName,TRIM(SUBSTITUTE(SUBSTITUTE($R$2,RIGHT($R$2,4),""),"سه ماهه","")),_xlpm.chapNum,D16,_xlpm.shName,C16,_xlpm.abnieYr,_xlfn.SCAN(0,ابنیه!$C$2:$AL$2,_xlfn.LAMBDA(_xlpm.a,_xlpm.b,IF(_xlpm.b<>"",_xlpm.b,_xlpm.a))),_xlpm.abnieCol,MATCH(1,(_xlpm.abnieYr=_xlpm.yr)*(ISNUMBER(SEARCH(_xlpm.qName,ابنیه!$C$3:$AL$3))),0),_xlpm.abnie,IF(_xlpm.shName="ابنیه",INDEX(ابنیه!$C$4:$AL$50,MATCH(_xlpm.chapNum,ابنیه!$A$4:$A$50,0),_xlpm.abnieCol),NA()),_xlpm.mechYr,_xlfn.SCAN(0,مکانیک!$C$2:$AL$2,_xlfn.LAMBDA(_xlpm.a,_xlpm.b,IF(_xlpm.b<>"",_xlpm.b,_xlpm.a))),_xlpm.mechCol,MATCH(1,(_xlpm.mechYr=_xlpm.yr)*(ISNUMBER(SEARCH(_xlpm.qName,مکانیک!$C$3:$AL$3))),0),_xlpm.mech,IF(_xlpm.shName="مکانیک",INDEX(مکانیک!$C$4:$AL$50,MATCH(_xlpm.chapNum,مکانیک!$A$4:$A$50,0),_xlpm.mechCol),NA()),_xlpm.elecYr,_xlfn.SCAN(0,'تاسیسات برقی'!$C$2:$AL$2,_xlfn.LAMBDA(_xlpm.a,_xlpm.b,IF(_xlpm.b<>"",_xlpm.b,_xlpm.a))),_xlpm.elecCol,MATCH(1,(_xlpm.elecYr=_xlpm.yr)*(ISNUMBER(SEARCH(_xlpm.qName,'تاسیسات برقی'!$C$3:$AL$3))),0),_xlpm.elec,IF(_xlpm.shName="تاسیسات برقی",INDEX('تاسیسات برقی'!$C$4:$AL$50,MATCH(_xlpm.chapNum,'تاسیسات برقی'!$A$4:$A$50,0),_xlpm.elecCol),NA()),_xlpm.rahYr,_xlfn.SCAN(0,'[1]راه, راه آهن و باند فرودگاه'!$C$2:$AL$2,_xlfn.LAMBDA(_xlpm.a,_xlpm.b,IF(_xlpm.b<>"",_xlpm.b,_xlpm.a))),_xlpm.rahCol,MATCH(1,(_xlpm.rahYr=_xlpm.yr)*(ISNUMBER(SEARCH(_xlpm.qName,'[1]راه, راه آهن و باند فرودگاه'!$C$3:$AL$3))),0),_xlpm.rah,IF(OR(_xlpm.shName="راه",_xlpm.shName="راه، راه آهن و باند فرودگاه"),INDEX('[1]راه, راه آهن و باند فرودگاه'!$C$4:$AL$50,MATCH(_xlpm.chapNum,'[1]راه, راه آهن و باند فرودگاه'!$A$4:$A$50,0),_xlpm.rahCol),NA()),_xlpm.abYr,_xlfn.SCAN(0,'تجهیزات آب و فاضلاب'!$C$2:$AL$2,_xlfn.LAMBDA(_xlpm.a,_xlpm.b,IF(_xlpm.b<>"",_xlpm.b,_xlpm.a))),_xlpm.abCol,MATCH(1,(_xlpm.abYr=_xlpm.yr)*(ISNUMBER(SEARCH(_xlpm.qName,'تجهیزات آب و فاضلاب'!$C$3:$AL$3))),0),_xlpm.ab,IF(OR(_xlpm.shName="تجهیزات آب و فاضلاب",_xlpm.shName="آب و فاضلاب"),INDEX('تجهیزات آب و فاضلاب'!$C$4:$AL$50,MATCH(_xlpm.chapNum,'تجهیزات آب و فاضلاب'!$A$4:$A$50,0),_xlpm.abCol),NA()),IFERROR(_xlpm.abnie,IFERROR(_xlpm.mech,IFERROR(_xlpm.elec,IFERROR(_xlpm.rah,IFERROR(_xlpm.ab,"یافت نشد"))))))} -> 7848.6 | G16: مکانیک | H16: 24 | I16: 0.5 | J16: {=IF(G16="","",_xlfn.LET(_xlpm.yr,VALUE(RIGHT($R$2,4)),_xlpm.qName,TRIM(SUBSTITUTE(SUBSTITUTE($R$2,RIGHT($R$2,4),""),"سه ماهه","")),_xlpm.chapNum,H16,_xlpm.shName,G16,_xlpm.abnieYr,_xlfn.SCAN(0,ابنیه!$C$2:$AL$2,_xlfn.LAMBDA(_xlpm.a,_xlpm.b,IF(_xlpm.b<>"",_xlpm.b,_xlpm.a))),_xlpm.abnieCol,MATCH(1,(_xlpm.abnieYr=_xlpm.yr)*(ISNUMBER(SEARCH(_xlpm.qName,ابنیه!$C$3:$AL$3))),0),_xlpm.abnie,IF(_xlpm.shName="ابنیه",INDEX(ابنیه!$C$4:$AL$50,MATCH(_xlpm.chapNum,ابنیه!$A$4:$A$50,0),_xlpm.abnieCol),NA()),_xlpm.mechYr,_xlfn.SCAN(0,مکانیک!$C$2:$AL$2,_xlfn.LAMBDA(_xlpm.a,_xlpm.b,IF(_xlpm.b<>"",_xlpm.b,_xlpm.a))),_xlpm.mechCol,MATCH(1,(_xlpm.mechYr=_xlpm.yr)*(ISNUMBER(SEARCH(_xlpm.qName,مکانیک!$C$3:$AL$3))),0),_xlpm.mech,IF(_xlpm.shName="مکانیک",INDEX(مکانیک!$C$4:$AL$50,MATCH(_xlpm.chapNum,مکانیک!$A$4:$A$50,0),_xlpm.mechCol),NA()),_xlpm.elecYr,_xlfn.SCAN(0,'تاسیسات برقی'!$C$2:$AL$2,_xlfn.LAMBDA(_xlpm.a,_xlpm.b,IF(_xlpm.b<>"",_xlpm.b,_xlpm.a))),_xlpm.elecCol,MATCH(1,(_xlpm.elecYr=_xlpm.yr)*(ISNUMBER(SEARCH(_xlpm.qName,'تاسیسات برقی'!$C$3:$AL$3))),0),_xlpm.elec,IF(_xlpm.shName="تاسیسات برقی",INDEX('تاسیسات برقی'!$C$4:$AL$50,MATCH(_xlpm.chapNum,'تاسیسات برقی'!$A$4:$A$50,0),_xlpm.elecCol),NA()),_xlpm.rahYr,_xlfn.SCAN(0,'[1]راه, راه آهن و باند فرودگاه'!$C$2:$AL$2,_xlfn.LAMBDA(_xlpm.a,_xlpm.b,IF(_xlpm.b<>"",_xlpm.b,_xlpm.a))),_xlpm.rahCol,MATCH(1,(_xlpm.rahYr=_xlpm.yr)*(ISNUMBER(SEARCH(_xlpm.qName,'[1]راه, راه آهن و باند فرودگاه'!$C$3:$AL$3))),0),_xlpm.rah,IF(OR(_xlpm.shName="راه",_xlpm.shName="راه، راه آهن و باند فرودگاه"),INDEX('[1]راه, راه آهن و باند فرودگاه'!$C$4:$AL$50,MATCH(_xlpm.chapNum,'[1]راه, راه آهن و باند فرودگاه'!$A$4:$A$50,0),_xlpm.rahCol),NA()),_xlpm.abYr,_xlfn.SCAN(0,'تجهیزات آب و فاضلاب'!$C$2:$AL$2,_xlfn.LAMBDA(_xlpm.a,_xlpm.b,IF(_xlpm.b<>"",_xlpm.b,_xlpm.a))),_xlpm.abCol,MATCH(1,(_xlpm.abYr=_xlpm.yr)*(ISNUMBER(SEARCH(_xlpm.qName,'تجهیزات آب و فاضلاب'!$C$3:$AL$3))),0),_xlpm.ab,IF(OR(_xlpm.shName="تجهیزات آب و فاضلاب",_xlpm.shName="آب و فاضلاب"),INDEX('تجهیزات آب و فاضلاب'!$C$4:$AL$50,MATCH(_xlpm.chapNum,'تجهیزات آب و فاضلاب'!$A$4:$A$50,0),_xlpm.abCol),NA()),IFERROR(_xlpm.abnie,IFERROR(_xlpm.mech,IFERROR(_xlpm.elec,IFERROR(_xlpm.rah,IFERROR(_xlpm.ab,"یافت نشد")))))))} -> 6186.2 | K16: نرخ ارز | L16: {=_xlfn.LET(_xlpm.dateTxt,SUBSTITUTE(SUBSTITUTE(SUBSTITUTE(SUBSTITUTE(SUBSTITUTE(SUBSTITUTE(SUBSTITUTE(SUBSTITUTE(SUBSTITUTE(SUBSTITUTE(K16,"۰","0"),"۱","1"),"۲","2"),"۳","3"),"۴","4"),"۵","5"),"۶","6"),"۷","7"),"۸","8"),"۹","9"),_xlpm.rate,VLOOKUP(_xlpm.dateTxt,'Arz '!A:B,2,FALSE),IFERROR(IF(_xlpm.rate=0,"تعطیل رسمی",IF(_xlpm.rate="","تعطیل رسمی",_xlpm.rate)),"یافت نشد"))} -> یافت نشد | M16: =1-(E16+I16) -> 0 | N16: =IFERROR(IF(ISNUMBER(L16),(L16/$Q$2)-1,L16),"یافت نشد") -> یافت نشد
A17: 15 | B17: نقاله های حلزونی، فشرده سازی آشغال، کلاسیفایر- فولاد ضد زنگ | C17: ابنیه | D17: 16 | E17: 0.25 | F17: {=_xlfn.LET(_xlpm.yr,VALUE(RIGHT($R$2,4)),_xlpm.qName,TRIM(SUBSTITUTE(SUBSTITUTE($R$2,RIGHT($R$2,4),""),"سه ماهه","")),_xlpm.chapNum,D17,_xlpm.shName,C17,_xlpm.abnieYr,_xlfn.SCAN(0,ابنیه!$C$2:$AL$2,_xlfn.LAMBDA(_xlpm.a,_xlpm.b,IF(_xlpm.b<>"",_xlpm.b,_xlpm.a))),_xlpm.abnieCol,MATCH(1,(_xlpm.abnieYr=_xlpm.yr)*(ISNUMBER(SEARCH(_xlpm.qName,ابنیه!$C$3:$AL$3))),0),_xlpm.abnie,IF(_xlpm.shName="ابنیه",INDEX(ابنیه!$C$4:$AL$50,MATCH(_xlpm.chapNum,ابنیه!$A$4:$A$50,0),_xlpm.abnieCol),NA()),_xlpm.mechYr,_xlfn.SCAN(0,مکانیک!$C$2:$AL$2,_xlfn.LAMBDA(_xlpm.a,_xlpm.b,IF(_xlpm.b<>"",_xlpm.b,_xlpm.a))),_xlpm.mechCol,MATCH(1,(_xlpm.mechYr=_xlpm.yr)*(ISNUMBER(SEARCH(_xlpm.qName,مکانیک!$C$3:$AL$3))),0),_xlpm.mech,IF(_xlpm.shName="مکانیک",INDEX(مکانیک!$C$4:$AL$50,MATCH(_xlpm.chapNum,مکانیک!$A$4:$A$50,0),_xlpm.mechCol),NA()),_xlpm.elecYr,_xlfn.SCAN(0,'تاسیسات برقی'!$C$2:$AL$2,_xlfn.LAMBDA(_xlpm.a,_xlpm.b,IF(_xlpm.b<>"",_xlpm.b,_xlpm.a))),_xlpm.elecCol,MATCH(1,(_xlpm.elecYr=_xlpm.yr)*(ISNUMBER(SEARCH(_xlpm.qName,'تاسیسات برقی'!$C$3:$AL$3))),0),_xlpm.elec,IF(_xlpm.shName="تاسیسات برقی",INDEX('تاسیسات برقی'!$C$4:$AL$50,MATCH(_xlpm.chapNum,'تاسیسات برقی'!$A$4:$A$50,0),_xlpm.elecCol),NA()),_xlpm.rahYr,_xlfn.SCAN(0,'[1]راه, راه آهن و باند فرودگاه'!$C$2:$AL$2,_xlfn.LAMBDA(_xlpm.a,_xlpm.b,IF(_xlpm.b<>"",_xlpm.b,_xlpm.a))),_xlpm.rahCol,MATCH(1,(_xlpm.rahYr=_xlpm.yr)*(ISNUMBER(SEARCH(_xlpm.qName,'[1]راه, راه آهن و باند فرودگاه'!$C$3:$AL$3))),0),_xlpm.rah,IF(OR(_xlpm.shName="راه",_xlpm.shName="راه، راه آهن و باند فرودگاه"),INDEX('[1]راه, راه آهن و باند فرودگاه'!$C$4:$AL$50,MATCH(_xlpm.chapNum,'[1]راه, راه آهن و باند فرودگاه'!$A$4:$A$50,0),_xlpm.rahCol),NA()),_xlpm.abYr,_xlfn.SCAN(0,'تجهیزات آب و فاضلاب'!$C$2:$AL$2,_xlfn.LAMBDA(_xlpm.a,_xlpm.b,IF(_xlpm.b<>"",_xlpm.b,_xlpm.a))),_xlpm.abCol,MATCH(1,(_xlpm.abYr=_xlpm.yr)*(ISNUMBER(SEARCH(_xlpm.qName,'تجهیزات آب و فاضلاب'!$C$3:$AL$3))),0),_xlpm.ab,IF(OR(_xlpm.shName="تجهیزات آب و فاضلاب",_xlpm.shName="آب و فاضلاب"),INDEX('تجهیزات آب و فاضلاب'!$C$4:$AL$50,MATCH(_xlpm.chapNum,'تجهیزات آب و فاضلاب'!$A$4:$A$50,0),_xlpm.abCol),NA()),IFERROR(_xlpm.abnie,IFERROR(_xlpm.mech,IFERROR(_xlpm.elec,IFERROR(_xlpm.rah,IFERROR(_xlpm.ab,"یافت نشد"))))))} -> 7848.6 | G17: مکانیک | H17: 24 | I17: 0.25 | J17: {=IF(G17="","",_xlfn.LET(_xlpm.yr,VALUE(RIGHT($R$2,4)),_xlpm.qName,TRIM(SUBSTITUTE(SUBSTITUTE($R$2,RIGHT($R$2,4),""),"سه ماهه","")),_xlpm.chapNum,H17,_xlpm.shName,G17,_xlpm.abnieYr,_xlfn.SCAN(0,ابنیه!$C$2:$AL$2,_xlfn.LAMBDA(_xlpm.a,_xlpm.b,IF(_xlpm.b<>"",_xlpm.b,_xlpm.a))),_xlpm.abnieCol,MATCH(1,(_xlpm.abnieYr=_xlpm.yr)*(ISNUMBER(SEARCH(_xlpm.qName,ابنیه!$C$3:$AL$3))),0),_xlpm.abnie,IF(_xlpm.shName="ابنیه",INDEX(ابنیه!$C$4:$AL$50,MATCH(_xlpm.chapNum,ابنیه!$A$4:$A$50,0),_xlpm.abnieCol),NA()),_xlpm.mechYr,_xlfn.SCAN(0,مکانیک!$C$2:$AL$2,_xlfn.LAMBDA(_xlpm.a,_xlpm.b,IF(_xlpm.b<>"",_xlpm.b,_xlpm.a))),_xlpm.mechCol,MATCH(1,(_xlpm.mechYr=_xlpm.yr)*(ISNUMBER(SEARCH(_xlpm.qName,مکانیک!$C$3:$AL$3))),0),_xlpm.mech,IF(_xlpm.shName="مکانیک",INDEX(مکانیک!$C$4:$AL$50,MATCH(_xlpm.chapNum,مکانیک!$A$4:$A$50,0),_xlpm.mechCol),NA()),_xlpm.elecYr,_xlfn.SCAN(0,'تاسیسات برقی'!$C$2:$AL$2,_xlfn.LAMBDA(_xlpm.a,_xlpm.b,IF(_xlpm.b<>"",_xlpm.b,_xlpm.a))),_xlpm.elecCol,MATCH(1,(_xlpm.elecYr=_xlpm.yr)*(ISNUMBER(SEARCH(_xlpm.qName,'تاسیسات برقی'!$C$3:$AL$3))),0),_xlpm.elec,IF(_xlpm.shName="تاسیسات برقی",INDEX('تاسیسات برقی'!$C$4:$AL$50,MATCH(_xlpm.chapNum,'تاسیسات برقی'!$A$4:$A$50,0),_xlpm.elecCol),NA()),_xlpm.rahYr,_xlfn.SCAN(0,'[1]راه, راه آهن و باند فرودگاه'!$C$2:$AL$2,_xlfn.LAMBDA(_xlpm.a,_xlpm.b,IF(_xlpm.b<>"",_xlpm.b,_xlpm.a))),_xlpm.rahCol,MATCH(1,(_xlpm.rahYr=_xlpm.yr)*(ISNUMBER(SEARCH(_xlpm.qName,'[1]راه, راه آهن و باند فرودگاه'!$C$3:$AL$3))),0),_xlpm.rah,IF(OR(_xlpm.shName="راه",_xlpm.shName="راه، راه آهن و باند فرودگاه"),INDEX('[1]راه, راه آهن و باند فرودگاه'!$C$4:$AL$50,MATCH(_xlpm.chapNum,'[1]راه, راه آهن و باند فرودگاه'!$A$4:$A$50,0),_xlpm.rahCol),NA()),_xlpm.abYr,_xlfn.SCAN(0,'تجهیزات آب و فاضلاب'!$C$2:$AL$2,_xlfn.LAMBDA(_xlpm.a,_xlpm.b,IF(_xlpm.b<>"",_xlpm.b,_xlpm.a))),_xlpm.abCol,MATCH(1,(_xlpm.abYr=_xlpm.yr)*(ISNUMBER(SEARCH(_xlpm.qName,'تجهیزات آب و فاضلاب'!$C$3:$AL$3))),0),_xlpm.ab,IF(OR(_xlpm.shName="تجهیزات آب و فاضلاب",_xlpm.shName="آب و فاضلاب"),INDEX('تجهیزات آب و فاضلاب'!$C$4:$AL$50,MATCH(_xlpm.chapNum,'تجهیزات آب و فاضلاب'!$A$4:$A$50,0),_xlpm.abCol),NA()),IFERROR(_xlpm.abnie,IFERROR(_xlpm.mech,IFERROR(_xlpm.elec,IFERROR(_xlpm.rah,IFERROR(_xlpm.ab,"یافت نشد")))))))} -> 6186.2 | K17: نرخ ارز | L17: {=_xlfn.LET(_xlpm.dateTxt,SUBSTITUTE(SUBSTITUTE(SUBSTITUTE(SUBSTITUTE(SUBSTITUTE(SUBSTITUTE(SUBSTITUTE(SUBSTITUTE(SUBSTITUTE(SUBSTITUTE(K17,"۰","0"),"۱","1"),"۲","2"),"۳","3"),"۴","4"),"۵","5"),"۶","6"),"۷","7"),"۸","8"),"۹","9"),_xlpm.rate,VLOOKUP(_xlpm.dateTxt,'Arz '!A:B,2,FALSE),IFERROR(IF(_xlpm.rate=0,"تعطیل رسمی",IF(_xlpm.rate="","تعطیل رسمی",_xlpm.rate)),"یافت نشد"))} -> یافت نشد | M17: =1-(E17+I17) -> 0.5 | N17: =IFERROR(IF(ISNUMBER(L17),(L17/$Q$2)-1,L17),"یافت نشد") -> یافت نشد
A18: 16 | B18: تسمه نقاله، سازه فولادی، تسمه نقاله با سازه فولاد پوشش دار | C18: ابنیه | D18: 16 | E18: 0.25 | F18: {=_xlfn.LET(_xlpm.yr,VALUE(RIGHT($R$2,4)),_xlpm.qName,TRIM(SUBSTITUTE(SUBSTITUTE($R$2,RIGHT($R$2,4),""),"سه ماهه","")),_xlpm.chapNum,D18,_xlpm.shName,C18,_xlpm.abnieYr,_xlfn.SCAN(0,ابنیه!$C$2:$AL$2,_xlfn.LAMBDA(_xlpm.a,_xlpm.b,IF(_xlpm.b<>"",_xlpm.b,_xlpm.a))),_xlpm.abnieCol,MATCH(1,(_xlpm.abnieYr=_xlpm.yr)*(ISNUMBER(SEARCH(_xlpm.qName,ابنیه!$C$3:$AL$3))),0),_xlpm.abnie,IF(_xlpm.shName="ابنیه",INDEX(ابنیه!$C$4:$AL$50,MATCH(_xlpm.chapNum,ابنیه!$A$4:$A$50,0),_xlpm.abnieCol),NA()),_xlpm.mechYr,_xlfn.SCAN(0,مکانیک!$C$2:$AL$2,_xlfn.LAMBDA(_xlpm.a,_xlpm.b,IF(_xlpm.b<>"",_xlpm.b,_xlpm.a))),_xlpm.mechCol,MATCH(1,(_xlpm.mechYr=_xlpm.yr)*(ISNUMBER(SEARCH(_xlpm.qName,مکانیک!$C$3:$AL$3))),0),_xlpm.mech,IF(_xlpm.shName="مکانیک",INDEX(مکانیک!$C$4:$AL$50,MATCH(_xlpm.chapNum,مکانیک!$A$4:$A$50,0),_xlpm.mechCol),NA()),_xlpm.elecYr,_xlfn.SCAN(0,'تاسیسات برقی'!$C$2:$AL$2,_xlfn.LAMBDA(_xlpm.a,_xlpm.b,IF(_xlpm.b<>"",_xlpm.b,_xlpm.a))),_xlpm.elecCol,MATCH(1,(_xlpm.elecYr=_xlpm.yr)*(ISNUMBER(SEARCH(_xlpm.qName,'تاسیسات برقی'!$C$3:$AL$3))),0),_xlpm.elec,IF(_xlpm.shName="تاسیسات برقی",INDEX('تاسیسات برقی'!$C$4:$AL$50,MATCH(_xlpm.chapNum,'تاسیسات برقی'!$A$4:$A$50,0),_xlpm.elecCol),NA()),_xlpm.rahYr,_xlfn.SCAN(0,'[1]راه, راه آهن و باند فرودگاه'!$C$2:$AL$2,_xlfn.LAMBDA(_xlpm.a,_xlpm.b,IF(_xlpm.b<>"",_xlpm.b,_xlpm.a))),_xlpm.rahCol,MATCH(1,(_xlpm.rahYr=_xlpm.yr)*(ISNUMBER(SEARCH(_xlpm.qName,'[1]راه, راه آهن و باند فرودگاه'!$C$3:$AL$3))),0),_xlpm.rah,IF(OR(_xlpm.shName="راه",_xlpm.shName="راه، راه آهن و باند فرودگاه"),INDEX('[1]راه, راه آهن و باند فرودگاه'!$C$4:$AL$50,MATCH(_xlpm.chapNum,'[1]راه, راه آهن و باند فرودگاه'!$A$4:$A$50,0),_xlpm.rahCol),NA()),_xlpm.abYr,_xlfn.SCAN(0,'تجهیزات آب و فاضلاب'!$C$2:$AL$2,_xlfn.LAMBDA(_xlpm.a,_xlpm.b,IF(_xlpm.b<>"",_xlpm.b,_xlpm.a))),_xlpm.abCol,MATCH(1,(_xlpm.abYr=_xlpm.yr)*(ISNUMBER(SEARCH(_xlpm.qName,'تجهیزات آب و فاضلاب'!$C$3:$AL$3))),0),_xlpm.ab,IF(OR(_xlpm.shName="تجهیزات آب و فاضلاب",_xlpm.shName="آب و فاضلاب"),INDEX('تجهیزات آب و فاضلاب'!$C$4:$AL$50,MATCH(_xlpm.chapNum,'تجهیزات آب و فاضلاب'!$A$4:$A$50,0),_xlpm.abCol),NA()),IFERROR(_xlpm.abnie,IFERROR(_xlpm.mech,IFERROR(_xlpm.elec,IFERROR(_xlpm.rah,IFERROR(_xlpm.ab,"یافت نشد"))))))} -> 7848.6 | G18: مکانیک | H18: 24 | I18: 0.25 | J18: {=IF(G18="","",_xlfn.LET(_xlpm.yr,VALUE(RIGHT($R$2,4)),_xlpm.qName,TRIM(SUBSTITUTE(SUBSTITUTE($R$2,RIGHT($R$2,4),""),"سه ماهه","")),_xlpm.chapNum,H18,_xlpm.shName,G18,_xlpm.abnieYr,_xlfn.SCAN(0,ابنیه!$C$2:$AL$2,_xlfn.LAMBDA(_xlpm.a,_xlpm.b,IF(_xlpm.b<>"",_xlpm.b,_xlpm.a))),_xlpm.abnieCol,MATCH(1,(_xlpm.abnieYr=_xlpm.yr)*(ISNUMBER(SEARCH(_xlpm.qName,ابنیه!$C$3:$AL$3))),0),_xlpm.abnie,IF(_xlpm.shName="ابنیه",INDEX(ابنیه!$C$4:$AL$50,MATCH(_xlpm.chapNum,ابنیه!$A$4:$A$50,0),_xlpm.abnieCol),NA()),_xlpm.mechYr,_xlfn.SCAN(0,مکانیک!$C$2:$AL$2,_xlfn.LAMBDA(_xlpm.a,_xlpm.b,IF(_xlpm.b<>"",_xlpm.b,_xlpm.a))),_xlpm.mechCol,MATCH(1,(_xlpm.mechYr=_xlpm.yr)*(ISNUMBER(SEARCH(_xlpm.qName,مکانیک!$C$3:$AL$3))),0),_xlpm.mech,IF(_xlpm.shName="مکانیک",INDEX(مکانیک!$C$4:$AL$50,MATCH(_xlpm.chapNum,مکانیک!$A$4:$A$50,0),_xlpm.mechCol),NA()),_xlpm.elecYr,_xlfn.SCAN(0,'تاسیسات برقی'!$C$2:$AL$2,_xlfn.LAMBDA(_xlpm.a,_xlpm.b,IF(_xlpm.b<>"",_xlpm.b,_xlpm.a))),_xlpm.elecCol,MATCH(1,(_xlpm.elecYr=_xlpm.yr)*(ISNUMBER(SEARCH(_xlpm.qName,'تاسیسات برقی'!$C$3:$AL$3))),0),_xlpm.elec,IF(_xlpm.shName="تاسیسات برقی",INDEX('تاسیسات برقی'!$C$4:$AL$50,MATCH(_xlpm.chapNum,'تاسیسات برقی'!$A$4:$A$50,0),_xlpm.elecCol),NA()),_xlpm.rahYr,_xlfn.SCAN(0,'[1]راه, راه آهن و باند فرودگاه'!$C$2:$AL$2,_xlfn.LAMBDA(_xlpm.a,_xlpm.b,IF(_xlpm.b<>"",_xlpm.b,_xlpm.a))),_xlpm.rahCol,MATCH(1,(_xlpm.rahYr=_xlpm.yr)*(ISNUMBER(SEARCH(_xlpm.qName,'[1]راه, راه آهن و باند فرودگاه'!$C$3:$AL$3))),0),_xlpm.rah,IF(OR(_xlpm.shName="راه",_xlpm.shName="راه، راه آهن و باند فرودگاه"),INDEX('[1]راه, راه آهن و باند فرودگاه'!$C$4:$AL$50,MATCH(_xlpm.chapNum,'[1]راه, راه آهن و باند فرودگاه'!$A$4:$A$50,0),_xlpm.rahCol),NA()),_xlpm.abYr,_xlfn.SCAN(0,'تجهیزات آب و فاضلاب'!$C$2:$AL$2,_xlfn.LAMBDA(_xlpm.a,_xlpm.b,IF(_xlpm.b<>"",_xlpm.b,_xlpm.a))),_xlpm.abCol,MATCH(1,(_xlpm.abYr=_xlpm.yr)*(ISNUMBER(SEARCH(_xlpm.qName,'تجهیزات آب و فاضلاب'!$C$3:$AL$3))),0),_xlpm.ab,IF(OR(_xlpm.shName="تجهیزات آب و فاضلاب",_xlpm.shName="آب و فاضلاب"),INDEX('تجهیزات آب و فاضلاب'!$C$4:$AL$50,MATCH(_xlpm.chapNum,'تجهیزات آب و فاضلاب'!$A$4:$A$50,0),_xlpm.abCol),NA()),IFERROR(_xlpm.abnie,IFERROR(_xlpm.mech,IFERROR(_xlpm.elec,IFERROR(_xlpm.rah,IFERROR(_xlpm.ab,"یافت نشد")))))))} -> 6186.2 | K18: نرخ ارز | L18: {=_xlfn.LET(_xlpm.dateTxt,SUBSTITUTE(SUBSTITUTE(SUBSTITUTE(SUBSTITUTE(SUBSTITUTE(SUBSTITUTE(SUBSTITUTE(SUBSTITUTE(SUBSTITUTE(SUBSTITUTE(K18,"۰","0"),"۱","1"),"۲","2"),"۳","3"),"۴","4"),"۵","5"),"۶","6"),"۷","7"),"۸","8"),"۹","9"),_xlpm.rate,VLOOKUP(_xlpm.dateTxt,'Arz '!A:B,2,FALSE),IFERROR(IF(_xlpm.rate=0,"تعطیل رسمی",IF(_xlpm.rate="","تعطیل رسمی",_xlpm.rate)),"یافت نشد"))} -> یافت نشد | M18: =1-(E18+I18) -> 0.5 | N18: =IFERROR(IF(ISNUMBER(L18),(L18/$Q$2)-1,L18),"یافت نشد") -> یافت نشد
A19: 17 | B19: تسمه نقاله، سازه فولادی، تسمه نقاله با سازه فولاد ضد زنگ | C19: ابنیه | D19: 16 | E19: 0.15 | F19: {=_xlfn.LET(_xlpm.yr,VALUE(RIGHT($R$2,4)),_xlpm.qName,TRIM(SUBSTITUTE(SUBSTITUTE($R$2,RIGHT($R$2,4),""),"سه ماهه","")),_xlpm.chapNum,D19,_xlpm.shName,C19,_xlpm.abnieYr,_xlfn.SCAN(0,ابنیه!$C$2:$AL$2,_xlfn.LAMBDA(_xlpm.a,_xlpm.b,IF(_xlpm.b<>"",_xlpm.b,_xlpm.a))),_xlpm.abnieCol,MATCH(1,(_xlpm.abnieYr=_xlpm.yr)*(ISNUMBER(SEARCH(_xlpm.qName,ابنیه!$C$3:$AL$3))),0),_xlpm.abnie,IF(_xlpm.shName="ابنیه",INDEX(ابنیه!$C$4:$AL$50,MATCH(_xlpm.chapNum,ابنیه!$A$4:$A$50,0),_xlpm.abnieCol),NA()),_xlpm.mechYr,_xlfn.SCAN(0,مکانیک!$C$2:$AL$2,_xlfn.LAMBDA(_xlpm.a,_xlpm.b,IF(_xlpm.b<>"",_xlpm.b,_xlpm.a))),_xlpm.mechCol,MATCH(1,(_xlpm.mechYr=_xlpm.yr)*(ISNUMBER(SEARCH(_xlpm.qName,مکانیک!$C$3:$AL$3))),0),_xlpm.mech,IF(_xlpm.shName="مکانیک",INDEX(مکانیک!$C$4:$AL$50,MATCH(_xlpm.chapNum,مکانیک!$A$4:$A$50,0),_xlpm.mechCol),NA()),_xlpm.elecYr,_xlfn.SCAN(0,'تاسیسات برقی'!$C$2:$AL$2,_xlfn.LAMBDA(_xlpm.a,_xlpm.b,IF(_xlpm.b<>"",_xlpm.b,_xlpm.a))),_xlpm.elecCol,MATCH(1,(_xlpm.elecYr=_xlpm.yr)*(ISNUMBER(SEARCH(_xlpm.qName,'تاسیسات برقی'!$C$3:$AL$3))),0),_xlpm.elec,IF(_xlpm.shName="تاسیسات برقی",INDEX('تاسیسات برقی'!$C$4:$AL$50,MATCH(_xlpm.chapNum,'تاسیسات برقی'!$A$4:$A$50,0),_xlpm.elecCol),NA()),_xlpm.rahYr,_xlfn.SCAN(0,'[1]راه, راه آهن و باند فرودگاه'!$C$2:$AL$2,_xlfn.LAMBDA(_xlpm.a,_xlpm.b,IF(_xlpm.b<>"",_xlpm.b,_xlpm.a))),_xlpm.rahCol,MATCH(1,(_xlpm.rahYr=_xlpm.yr)*(ISNUMBER(SEARCH(_xlpm.qName,'[1]راه, راه آهن و باند فرودگاه'!$C$3:$AL$3))),0),_xlpm.rah,IF(OR(_xlpm.shName="راه",_xlpm.shName="راه، راه آهن و باند فرودگاه"),INDEX('[1]راه, راه آهن و باند فرودگاه'!$C$4:$AL$50,MATCH(_xlpm.chapNum,'[1]راه, راه آهن و باند فرودگاه'!$A$4:$A$50,0),_xlpm.rahCol),NA()),_xlpm.abYr,_xlfn.SCAN(0,'تجهیزات آب و فاضلاب'!$C$2:$AL$2,_xlfn.LAMBDA(_xlpm.a,_xlpm.b,IF(_xlpm.b<>"",_xlpm.b,_xlpm.a))),_xlpm.abCol,MATCH(1,(_xlpm.abYr=_xlpm.yr)*(ISNUMBER(SEARCH(_xlpm.qName,'تجهیزات آب و فاضلاب'!$C$3:$AL$3))),0),_xlpm.ab,IF(OR(_xlpm.shName="تجهیزات آب و فاضلاب",_xlpm.shName="آب و فاضلاب"),INDEX('تجهیزات آب و فاضلاب'!$C$4:$AL$50,MATCH(_xlpm.chapNum,'تجهیزات آب و فاضلاب'!$A$4:$A$50,0),_xlpm.abCol),NA()),IFERROR(_xlpm.abnie,IFERROR(_xlpm.mech,IFERROR(_xlpm.elec,IFERROR(_xlpm.rah,IFERROR(_xlpm.ab,"یافت نشد"))))))} -> 7848.6 | G19: مکانیک | H19: 24 | I19: 0.15 | J19: {=IF(G19="","",_xlfn.LET(_xlpm.yr,VALUE(RIGHT($R$2,4)),_xlpm.qName,TRIM(SUBSTITUTE(SUBSTITUTE($R$2,RIGHT($R$2,4),""),"سه ماهه","")),_xlpm.chapNum,H19,_xlpm.shName,G19,_xlpm.abnieYr,_xlfn.SCAN(0,ابنیه!$C$2:$AL$2,_xlfn.LAMBDA(_xlpm.a,_xlpm.b,IF(_xlpm.b<>"",_xlpm.b,_xlpm.a))),_xlpm.abnieCol,MATCH(1,(_xlpm.abnieYr=_xlpm.yr)*(ISNUMBER(SEARCH(_xlpm.qName,ابنیه!$C$3:$AL$3))),0),_xlpm.abnie,IF(_xlpm.shName="ابنیه",INDEX(ابنیه!$C$4:$AL$50,MATCH(_xlpm.chapNum,ابنیه!$A$4:$A$50,0),_xlpm.abnieCol),NA()),_xlpm.mechYr,_xlfn.SCAN(0,مکانیک!$C$2:$AL$2,_xlfn.LAMBDA(_xlpm.a,_xlpm.b,IF(_xlpm.b<>"",_xlpm.b,_xlpm.a))),_xlpm.mechCol,MATCH(1,(_xlpm.mechYr=_xlpm.yr)*(ISNUMBER(SEARCH(_xlpm.qName,مکانیک!$C$3:$AL$3))),0),_xlpm.mech,IF(_xlpm.shName="مکانیک",INDEX(مکانیک!$C$4:$AL$50,MATCH(_xlpm.chapNum,مکانیک!$A$4:$A$50,0),_xlpm.mechCol),NA()),_xlpm.elecYr,_xlfn.SCAN(0,'تاسیسات برقی'!$C$2:$AL$2,_xlfn.LAMBDA(_xlpm.a,_xlpm.b,IF(_xlpm.b<>"",_xlpm.b,_xlpm.a))),_xlpm.elecCol,MATCH(1,(_xlpm.elecYr=_xlpm.yr)*(ISNUMBER(SEARCH(_xlpm.qName,'تاسیسات برقی'!$C$3:$AL$3))),0),_xlpm.elec,IF(_xlpm.shName="تاسیسات برقی",INDEX('تاسیسات برقی'!$C$4:$AL$50,MATCH(_xlpm.chapNum,'تاسیسات برقی'!$A$4:$A$50,0),_xlpm.elecCol),NA()),_xlpm.rahYr,_xlfn.SCAN(0,'[1]راه, راه آهن و باند فرودگاه'!$C$2:$AL$2,_xlfn.LAMBDA(_xlpm.a,_xlpm.b,IF(_xlpm.b<>"",_xlpm.b,_xlpm.a))),_xlpm.rahCol,MATCH(1,(_xlpm.rahYr=_xlpm.yr)*(ISNUMBER(SEARCH(_xlpm.qName,'[1]راه, راه آهن و باند فرودگاه'!$C$3:$AL$3))),0),_xlpm.rah,IF(OR(_xlpm.shName="راه",_xlpm.shName="راه، راه آهن و باند فرودگاه"),INDEX('[1]راه, راه آهن و باند فرودگاه'!$C$4:$AL$50,MATCH(_xlpm.chapNum,'[1]راه, راه آهن و باند فرودگاه'!$A$4:$A$50,0),_xlpm.rahCol),NA()),_xlpm.abYr,_xlfn.SCAN(0,'تجهیزات آب و فاضلاب'!$C$2:$AL$2,_xlfn.LAMBDA(_xlpm.a,_xlpm.b,IF(_xlpm.b<>"",_xlpm.b,_xlpm.a))),_xlpm.abCol,MATCH(1,(_xlpm.abYr=_xlpm.yr)*(ISNUMBER(SEARCH(_xlpm.qName,'تجهیزات آب و فاضلاب'!$C$3:$AL$3))),0),_xlpm.ab,IF(OR(_xlpm.shName="تجهیزات آب و فاضلاب",_xlpm.shName="آب و فاضلاب"),INDEX('تجهیزات آب و فاضلاب'!$C$4:$AL$50,MATCH(_xlpm.chapNum,'تجهیزات آب و فاضلاب'!$A$4:$A$50,0),_xlpm.abCol),NA()),IFERROR(_xlpm.abnie,IFERROR(_xlpm.mech,IFERROR(_xlpm.elec,IFERROR(_xlpm.rah,IFERROR(_xlpm.ab,"یافت نشد")))))))} -> 6186.2 | K19: نرخ ارز | L19: {=_xlfn.LET(_xlpm.dateTxt,SUBSTITUTE(SUBSTITUTE(SUBSTITUTE(SUBSTITUTE(SUBSTITUTE(SUBSTITUTE(SUBSTITUTE(SUBSTITUTE(SUBSTITUTE(SUBSTITUTE(K19,"۰","0"),"۱","1"),"۲","2"),"۳","3"),"۴","4"),"۵","5"),"۶","6"),"۷","7"),"۸","8"),"۹","9"),_xlpm.rate,VLOOKUP(_xlpm.dateTxt,'Arz '!A:B,2,FALSE),IFERROR(IF(_xlpm.rate=0,"تعطیل رسمی",IF(_xlpm.rate="","تعطیل رسمی",_xlpm.rate)),"یافت نشد"))} -> یافت نشد | M19: =1-(E19+I19) -> 0.7 | N19: =IFERROR(IF(ISNUMBER(L19),(L19/$Q$2)-1,L19),"یافت نشد") -> یافت نشد
A20: 18 | B20: کانتینر و ترولی حمل دانه و آشغال - فولادی با پوشش | C20: ابنیه | D20: 16 | E20: 1 | F20: {=_xlfn.LET(_xlpm.yr,VALUE(RIGHT($R$2,4)),_xlpm.qName,TRIM(SUBSTITUTE(SUBSTITUTE($R$2,RIGHT($R$2,4),""),"سه ماهه","")),_xlpm.chapNum,D20,_xlpm.shName,C20,_xlpm.abnieYr,_xlfn.SCAN(0,ابنیه!$C$2:$AL$2,_xlfn.LAMBDA(_xlpm.a,_xlpm.b,IF(_xlpm.b<>"",_xlpm.b,_xlpm.a))),_xlpm.abnieCol,MATCH(1,(_xlpm.abnieYr=_xlpm.yr)*(ISNUMBER(SEARCH(_xlpm.qName,ابنیه!$C$3:$AL$3))),0),_xlpm.abnie,IF(_xlpm.shName="ابنیه",INDEX(ابنیه!$C$4:$AL$50,MATCH(_xlpm.chapNum,ابنیه!$A$4:$A$50,0),_xlpm.abnieCol),NA()),_xlpm.mechYr,_xlfn.SCAN(0,مکانیک!$C$2:$AL$2,_xlfn.LAMBDA(_xlpm.a,_xlpm.b,IF(_xlpm.b<>"",_xlpm.b,_xlpm.a))),_xlpm.mechCol,MATCH(1,(_xlpm.mechYr=_xlpm.yr)*(ISNUMBER(SEARCH(_xlpm.qName,مکانیک!$C$3:$AL$3))),0),_xlpm.mech,IF(_xlpm.shName="مکانیک",INDEX(مکانیک!$C$4:$AL$50,MATCH(_xlpm.chapNum,مکانیک!$A$4:$A$50,0),_xlpm.mechCol),NA()),_xlpm.elecYr,_xlfn.SCAN(0,'تاسیسات برقی'!$C$2:$AL$2,_xlfn.LAMBDA(_xlpm.a,_xlpm.b,IF(_xlpm.b<>"",_xlpm.b,_xlpm.a))),_xlpm.elecCol,MATCH(1,(_xlpm.elecYr=_xlpm.yr)*(ISNUMBER(SEARCH(_xlpm.qName,'تاسیسات برقی'!$C$3:$AL$3))),0),_xlpm.elec,IF(_xlpm.shName="تاسیسات برقی",INDEX('تاسیسات برقی'!$C$4:$AL$50,MATCH(_xlpm.chapNum,'تاسیسات برقی'!$A$4:$A$50,0),_xlpm.elecCol),NA()),_xlpm.rahYr,_xlfn.SCAN(0,'[1]راه, راه آهن و باند فرودگاه'!$C$2:$AL$2,_xlfn.LAMBDA(_xlpm.a,_xlpm.b,IF(_xlpm.b<>"",_xlpm.b,_xlpm.a))),_xlpm.rahCol,MATCH(1,(_xlpm.rahYr=_xlpm.yr)*(ISNUMBER(SEARCH(_xlpm.qName,'[1]راه, راه آهن و باند فرودگاه'!$C$3:$AL$3))),0),_xlpm.rah,IF(OR(_xlpm.shName="راه",_xlpm.shName="راه، راه آهن و باند فرودگاه"),INDEX('[1]راه, راه آهن و باند فرودگاه'!$C$4:$AL$50,MATCH(_xlpm.chapNum,'[1]راه, راه آهن و باند فرودگاه'!$A$4:$A$50,0),_xlpm.rahCol),NA()),_xlpm.abYr,_xlfn.SCAN(0,'تجهیزات آب و فاضلاب'!$C$2:$AL$2,_xlfn.LAMBDA(_xlpm.a,_xlpm.b,IF(_xlpm.b<>"",_xlpm.b,_xlpm.a))),_xlpm.abCol,MATCH(1,(_xlpm.abYr=_xlpm.yr)*(ISNUMBER(SEARCH(_xlpm.qName,'تجهیزات آب و فاضلاب'!$C$3:$AL$3))),0),_xlpm.ab,IF(OR(_xlpm.shName="تجهیزات آب و فاضلاب",_xlpm.shName="آب و فاضلاب"),INDEX('تجهیزات آب و فاضلاب'!$C$4:$AL$50,MATCH(_xlpm.chapNum,'تجهیزات آب و فاضلاب'!$A$4:$A$50,0),_xlpm.abCol),NA()),IFERROR(_xlpm.abnie,IFERROR(_xlpm.mech,IFERROR(_xlpm.elec,IFERROR(_xlpm.rah,IFERROR(_xlpm.ab,"یافت نشد"))))))} -> 7848.6 | J20: {=IF(G20="","",_xlfn.LET(_xlpm.yr,VALUE(RIGHT($R$2,4)),_xlpm.qName,TRIM(SUBSTITUTE(SUBSTITUTE($R$2,RIGHT($R$2,4),""),"سه ماهه","")),_xlpm.chapNum,H20,_xlpm.shName,G20,_xlpm.abnieYr,_xlfn.SCAN(0,ابنیه!$C$2:$AL$2,_xlfn.LAMBDA(_xlpm.a,_xlpm.b,IF(_xlpm.b<>"",_xlpm.b,_xlpm.a))),_xlpm.abnieCol,MATCH(1,(_xlpm.abnieYr=_xlpm.yr)*(ISNUMBER(SEARCH(_xlpm.qName,ابنیه!$C$3:$AL$3))),0),_xlpm.abnie,IF(_xlpm.shName="ابنیه",INDEX(ابنیه!$C$4:$AL$50,MATCH(_xlpm.chapNum,ابنیه!$A$4:$A$50,0),_xlpm.abnieCol),NA()),_xlpm.mechYr,_xlfn.SCAN(0,مکانیک!$C$2:$AL$2,_xlfn.LAMBDA(_xlpm.a,_xlpm.b,IF(_xlpm.b<>"",_xlpm.b,_xlpm.a))),_xlpm.mechCol,MATCH(1,(_xlpm.mechYr=_xlpm.yr)*(ISNUMBER(SEARCH(_xlpm.qName,مکانیک!$C$3:$AL$3))),0),_xlpm.mech,IF(_xlpm.shName="مکانیک",INDEX(مکانیک!$C$4:$AL$50,MATCH(_xlpm.chapNum,مکانیک!$A$4:$A$50,0),_xlpm.mechCol),NA()),_xlpm.elecYr,_xlfn.SCAN(0,'تاسیسات برقی'!$C$2:$AL$2,_xlfn.LAMBDA(_xlpm.a,_xlpm.b,IF(_xlpm.b<>"",_xlpm.b,_xlpm.a))),_xlpm.elecCol,MATCH(1,(_xlpm.elecYr=_xlpm.yr)*(ISNUMBER(SEARCH(_xlpm.qName,'تاسیسات برقی'!$C$3:$AL$3))),0),_xlpm.elec,IF(_xlpm.shName="تاسیسات برقی",INDEX('تاسیسات برقی'!$C$4:$AL$50,MATCH(_xlpm.chapNum,'تاسیسات برقی'!$A$4:$A$50,0),_xlpm.elecCol),NA()),_xlpm.rahYr,_xlfn.SCAN(0,'[1]راه, راه آهن و باند فرودگاه'!$C$2:$AL$2,_xlfn.LAMBDA(_xlpm.a,_xlpm.b,IF(_xlpm.b<>"",_xlpm.b,_xlpm.a))),_xlpm.rahCol,MATCH(1,(_xlpm.rahYr=_xlpm.yr)*(ISNUMBER(SEARCH(_xlpm.qName,'[1]راه, راه آهن و باند فرودگاه'!$C$3:$AL$3))),0),_xlpm.rah,IF(OR(_xlpm.shName="راه",_xlpm.shName="راه، راه آهن و باند فرودگاه"),INDEX('[1]راه, راه آهن و باند فرودگاه'!$C$4:$AL$50,MATCH(_xlpm.chapNum,'[1]راه, راه آهن و باند فرودگاه'!$A$4:$A$50,0),_xlpm.rahCol),NA()),_xlpm.abYr,_xlfn.SCAN(0,'تجهیزات آب و فاضلاب'!$C$2:$AL$2,_xlfn.LAMBDA(_xlpm.a,_xlpm.b,IF(_xlpm.b<>"",_xlpm.b,_xlpm.a))),_xlpm.abCol,MATCH(1,(_xlpm.abYr=_xlpm.yr)*(ISNUMBER(SEARCH(_xlpm.qName,'تجهیزات آب و فاضلاب'!$C$3:$AL$3))),0),_xlpm.ab,IF(OR(_xlpm.shName="تجهیزات آب و فاضلاب",_xlpm.shName="آب و فاضلاب"),INDEX('تجهیزات آب و فاضلاب'!$C$4:$AL$50,MATCH(_xlpm.chapNum,'تجهیزات آب و فاضلاب'!$A$4:$A$50,0),_xlpm.abCol),NA()),IFERROR(_xlpm.abnie,IFERROR(_xlpm.mech,IFERROR(_xlpm.elec,IFERROR(_xlpm.rah,IFERROR(_xlpm.ab,"یافت نشد")))))))} | K20: نرخ ارز | L20: {=_xlfn.LET(_xlpm.dateTxt,SUBSTITUTE(SUBSTITUTE(SUBSTITUTE(SUBSTITUTE(SUBSTITUTE(SUBSTITUTE(SUBSTITUTE(SUBSTITUTE(SUBSTITUTE(SUBSTITUTE(K20,"۰","0"),"۱","1"),"۲","2"),"۳","3"),"۴","4"),"۵","5"),"۶","6"),"۷","7"),"۸","8"),"۹","9"),_xlpm.rate,VLOOKUP(_xlpm.dateTxt,'Arz '!A:B,2,FALSE),IFERROR(IF(_xlpm.rate=0,"تعطیل رسمی",IF(_xlpm.rate="","تعطیل رسمی",_xlpm.rate)),"یافت نشد"))} -> یافت نشد | M20: =1-(E20+I20) -> 0 | N20: =IFERROR(IF(ISNUMBER(L20),(L20/$Q$2)-1,L20),"یافت نشد") -> یافت نشد
A21: 19 | B21: کانیتر و ترولی حمل دانه و آشغال - فولاد ضد زنگ | C21: ابنیه | D21: 16 | E21: 0.3 | F21: سال یافت نشد | K21: نرخ ارز | L21: یافت نشد | M21: =1-(E21+I21) -> 0.7 | N21: یافت نشد
A22: 20 | B22: ترولی آشغال - پلی اتیلن | C22: ابنیه | D22: 23 | E22: 1 | F22: سال یافت نشد | K22: نرخ ارز | L22: یافت نشد | M22: =1-(E22+I22) -> 0 | N22: یافت نشد
A23: 21 | B23: جرثقیل دستی 4 حرکته مونوریل | C23: ابنیه | D23: 16 | E23: 0.7 | F23: سال یافت نشد | K23: نرخ ارز | L23: یافت نشد | M23: =1-(E23+I23) -> 0.3 | N23: یافت نشد
A24: 22 | B24: جرثقیل برقی 4 حرکته مونوریل | C24: ابنیه | D24: 16 | E24: 0.3 | F24: سال یافت نشد | K24: نرخ ارز | L24: یافت نشد | M24: =1-(E24+I24) -> 0.7 | N24: یافت نشد
A25: 23 | B25: جرثقیل برقی 6 حرکته | C25: ابنیه | D25: 16 | E25: 0.65 | F25: سال یافت نشد | K25: نرخ ارز | L25: یافت نشد | M25: =1-(E25+I25) -> 0.35 | N25: یافت نشد
A26: 24 | B26: لجن روب ها، دانه روب تمام فولادی پوشش دار | C26: ابنیه | D26: 16 | E26: 0.75 | F26: سال یافت نشد | G26: مکانیک | H26: 24 | I26: 0.25 | J26: سال یافت نشد | K26: نرخ ارز | L26: یافت نشد | M26: =1-(E26+I26) -> 0 | N26: یافت نشد
A27: 25 | B27: لجن روب ها، دانه روب ها بخش مستغرق از فولاد ضد زنگ | C27: ابنیه | D27: 16 | E27: 0.45 | F27: سال یافت نشد | G27: مکانیک | H27: 24 | I27: 0.25 | J27: سال یافت نشد | K27: نرخ ارز | L27: یافت نشد | M27: =1-(E27+I27) -> 0.3 | N27: یافت نشد
A28: 26 | B28: لجن روب چرخ زنجیری | C28: مکانیک | D28: 24 | E28: 0.25 | F28: سال یافت نشد | K28: نرخ ارز | L28: یافت نشد | M28: =1-(E28+I28) -> 0.75 | N28: یافت نشد
A29: 27 | B29: کانال پارشال فلوم فولادی پوشش دار | C29: ابنیه | D29: 16 | E29: 1 | F29: سال یافت نشد | K29: نرخ ارز | L29: یافت نشد | M29: =1-(E29+I29) -> 0 | N29: یافت نشد
A30: 28 | B30: کانال پارشال فلوم فایبرگلاس | C30: ابنیه | D30: 23 | E30: 1 | F30: سال یافت نشد | K30: نرخ ارز | L30: یافت نشد | M30: =1-(E30+I30) -> 0 | N30: یافت نشد
A31: 29 | B31: کانال پارشال فلوم فولاد ضد زنگ | C31: ابنیه | D31: 16 | E31: 0.3 | F31: سال یافت نشد | K31: نرخ ارز | L31: یافت نشد | M31: =1-(E31+I31) -> 0.7 | N31: یافت نشد
A32: 30 | B32: صفحات سرریز و مانع کف، سبد جمع آوری کف فولادی پوشش دار | C32: ابنیه | D32: 16 | E32: 1 | F32: سال یافت نشد | K32: نرخ ارز | L32: یافت نشد | M32: =1-(E32+I32) -> 0 | N32: یافت نشد
A33: 31 | B33: صفحات سرریز و مانع کف، سبد جمع آوری کف فولاد ضد زنگ | C33: ابنیه | D33: 16 | E33: 0.25 | F33: سال یافت نشد | K33: نرخ ارز | L33: یافت نشد | M33: =1-(E33+I33) -> 0.75 | N33: یافت نشد
A34: 32 | B34: صفحات سرریز و مانع کف آلومینیوم | C34: ابنیه | D34: 17 | E34: 1 | F34: سال یافت نشد | K34: نرخ ارز | L34: یافت نشد | M34: =1-(E34+I34) -> 0 | N34: یافت نشد
A35: 33 | B35: صفحات سرریز و مانع کف پلیمری | C35: ابنیه | D35: 23 | E35: 1 | F35: سال یافت نشد | K35: نرخ ارز | L35: یافت نشد | M35: =1-(E35+I35) -> 0 | N35: یافت نشد
A36: 34 | B36: پمپ ایرلیفت فولادی پوشش دار | C36: مکانیک | D36: 1 | E36: 1 | F36: فصل ناموجود | K36: نرخ ارز | L36: یافت نشد | M36: =1-(E36+I36) -> 0 | N36: یافت نشد
A37: 35 | B37: پمپ ایرلیفت فولاد ضد زنگ | C37: مکانیک | D37: 1 | E37: 0.3 | F37: فصل ناموجود | K37: نرخ ارز | L37: یافت نشد | M37: =1-(E37+I37) -> 0.7 | N37: یافت نشد
A38: 36 | B38: شیر تلسکوپی دستی - فولادی پوشش دار | C38: مکانیک | D38: 1 | E38: 0.5 | F38: فصل ناموجود | G38: مکانیک | H38: 7 | I38: 0.5 | J38: سال یافت نشد | K38: نرخ ارز | L38: یافت نشد | M38: =1-(E38+I38) -> 0 | N38: یافت نشد
A39: 37 | B39: شیر تلسکوپی با محرک برقی - فولادی پوشش دار | C39: مکانیک | D39: 1 | E39: 0.1 | F39: فصل ناموجود | G39: مکانیک | H39: 7 | I39: 0.1 | J39: سال یافت نشد | K39: نرخ ارز | L39: یافت نشد | M39: =1-(E39+I39) -> 0.8 | N39: یافت نشد
A40: 38 | B40: شیر تلسکوپی دستی - فولاد ضد زنگ | C40: مکانیک | D40: 7 | E40: 0.3 | F40: سال یافت نشد | K40: نرخ ارز | L40: یافت نشد | M40: =1-(E40+I40) -> 0.7 | N40: یافت نشد
A41: 39 | B41: شیر تلسکوپی با محرک برقی - فولاد ضد زنگ | C41: مکانیک | D41: 7 | E41: 0.1 | F41: سال یافت نشد | K41: نرخ ارز | L41: یافت نشد | M41: =1-(E41+I41) -> 0.9 | N41: یافت نشد
A42: 40 | B42: دکانتر اس بی آر از جنس فولاد ضد زنگ | C42: مکانیک | D42: 7 | E42: 0.15 | F42: سال یافت نشد | G42: ابنیه | H42: 16 | I42: 0.15 | J42: سال یافت نشد | K42: نرخ ارز | L42: یافت نشد | M42: =1-(E42+I42) -> 0.7 | N42: یافت نشد
A43: 41 | B43: همزن استاتیکی فولادی پوشش دار | C43: مکانیک | D43: 1 | E43: 1 | F43: فصل ناموجود | K43: نرخ ارز | L43: یافت نشد | M43: =1-(E43+I43) -> 0 | N43: یافت نشد
A44: 42 | B44: همزن استاتیکی پلیمری | C44: ابنیه | D44: 23 | E44: 1 | F44: سال یافت نشد | K44: نرخ ارز | L44: یافت نشد | M44: =1-(E44+I44) -> 0 | N44: یافت نشد
A45: 43 | B45: همزن استاتیکی فولاد ضد زنگ | C45: مکانیک | D45: 1 | E45: 0.3 | F45: فصل ناموجود | K45: نرخ ارز | L45: یافت نشد | M45: =1-(E45+I45) -> 0.7 | N45: یافت نشد
A46: 44 | B46: همزن پروانه ای فولادی با پوشش | C46: مکانیک | D46: 24 | E46: 1 | F46: سال یافت نشد | K46: نرخ ارز | L46: یافت نشد | M46: =1-(E46+I46) -> 0 | N46: یافت نشد
A47: 45 | B47: همزن پروانه ای فولاد ضد زنگ | C47: مکانیک | D47: 24 | E47: 0.25 | F47: سال یافت نشد | K47: نرخ ارز | L47: یافت نشد | M47: =1-(E47+I47) -> 0.75 | N47: یافت نشد
A48: 46 | B48: همزن پارویی فولادی با پوشش | C48: مکانیک | D48: 24 | E48: 1 | F48: سال یافت نشد | K48: نرخ ارز | L48: یافت نشد | M48: =1-(E48+I48) -> 0 | N48: یافت نشد
A49: 47 | B49: همزن پارویی فولاد ضد زنگ | C49: مکانیک | D49: 24 | E49: 0.1 | F49: سال یافت نشد | K49: نرخ ارز | L49: یافت نشد | M49: =1-(E49+I49) -> 0.9 | N49: یافت نشد
A50: 48 | B50: همزن پارویی شفت فولاد ضد زنگ و پره های پلیمری و یا چوبی | C50: مکانیک | D50: 24 | E50: 0.1 | F50: سال یافت نشد | G50: ابنیه | H50: 23 | I50: 0.4 | J50: سال یافت نشد | K50: نرخ ارز | L50: یافت نشد | M50: =1-(E50+I50) -> 0.5 | N50: یافت نشد
A51: 49 | B51: همزن های مستغرق با پروانه فولاد ضد زنگ | C51: مکانیک | D51: 24 | E51: 0.5 | F51: سال یافت نشد | K51: نرخ ارز | L51: یافت نشد | M51: =1-(E51+I51) -> 0.5 | N51: یافت نشد
A52: 50 | B52: پکیج آماده سازی مواد شیمیایی با سازه فولادی - مخزن پلیمری - همزن فولاد ضد زنگ | C52: مکانیک | D52: 24 | E52: 0.25 | F52: سال یافت نشد | G52: ابنیه | H52: 23 | I52: 0.25 | J52: سال یافت نشد | K52: نرخ ارز | L52: یافت نشد | M52: =1-(E52+I52) -> 0.5 | N52: یافت نشد
A53: 51 | B53: پکیج آماده سازی مواد شیمیایی - تمام فولاد ضد زنگ | C53: مکانیک | D53: 24 | E53: 0.25 | F53: سال یافت نشد | K53: نرخ ارز | L53: یافت نشد | M53: =1-(E53+I53) -> 0.75 | N53: یافت نشد
A54: 52 | B54: سیلوها و مخازن و برجهای فولادی پوشش دار | C54: مکانیک | D54: 33 | E54: 1 | F54: سال یافت نشد | K54: نرخ ارز | L54: یافت نشد | M54: =1-(E54+I54) -> 0 | N54: یافت نشد
A55: 53 | B55: سیلوها و مخازن و برجهای پلیمری | C55: ابنیه | D55: 23 | E55: 0.8 | F55: سال یافت نشد | G55: مکانیک | H55: 28 | I55: 0.2 | J55: سال یافت نشد | K55: نرخ ارز | L55: یافت نشد | M55: =1-(E55+I55) -> 0 | N55: یافت نشد
A56: 54 | B56: سیلوها و مخازن و برجهای فولاد ضد زنگ | C56: مکانیک | D56: 33 | E56: 0.2 | F56: سال یافت نشد | K56: نرخ ارز | L56: یافت نشد | M56: =1-(E56+I56) -> 0.8 | N56: یافت نشد
A57: 55 | B57: هواده سطحی دور کند، نصب ثابت فولادی پوشش دار | C57: مکانیک | D57: 24 | E57: 1 | F57: سال یافت نشد | K57: نرخ ارز | L57: یافت نشد | M57: =1-(E57+I57) -> 0 | N57: یافت نشد
A58: 56 | B58: هواده سطحی دور کند نصب شناور - فولادی پوشش دار | C58: مکانیک | D58: 24 | E58: 0.7 | F58: سال یافت نشد | G58: مکانیک | H58: 33 | I58: 0.3 | J58: سال یافت نشد | K58: نرخ ارز | L58: یافت نشد | M58: =1-(E58+I58) -> 0 | N58: یافت نشد
A59: 57 | B59: هواده سطحی دور تند نصب ثابت | C59: مکانیک | D59: 24 | E59: 1 | F59: سال یافت نشد | K59: نرخ ارز | L59: یافت نشد | M59: =1-(E59+I59) -> 0 | N59: یافت نشد
A60: 58 | B60: هواده سطحی دور تند با شناور فولاد ضد زنگ | C60: مکانیک | D60: 24 | E60: 0.6 | F60: سال یافت نشد | K60: نرخ ارز | L60: یافت نشد | M60: =1-(E60+I60) -> 0.4 | N60: یافت نشد
A61: 59 | B61: بلوئرهای جابجایی مثبت بدون پوشش اکوستیک | C61: مکانیک | D61: 24 | E61: 0.45 | F61: سال یافت نشد | G61: ابنیه | H61: 16 | I61: 0.1 | J61: سال یافت نشد | K61: نرخ ارز | L61: یافت نشد | M61: =1-(E61+I61) -> 0.45 | N61: یافت نشد
A62: 60 | B62: بلوئرهای جابجایی مثبت با پوشش اکوستیک | C62: مکانیک | D62: 24 | E62: 0.4 | F62: سال یافت نشد | G62: ابنیه | H62: 16 | I62: 0.2 | J62: سال یافت نشد | K62: نرخ ارز | L62: یافت نشد | M62: =1-(E62+I62) -> 0.4 | N62: یافت نشد
A63: 61 | B63: بلوئرهای توربو با بیرینگ هوایی یا مگنتی | C63: ابنیه | D63: 16 | E63: 0.1 | F63: سال یافت نشد | K63: نرخ ارز | L63: یافت نشد | M63: =1-(E63+I63) -> 0.9 | N63: یافت نشد
A64: 62 | B64: بلوئرهای توربو سانتریفوژ | C64: ابنیه | D64: 16 | E64: 0.1 | F64: سال یافت نشد | K64: نرخ ارز | L64: یافت نشد | M64: =1-(E64+I64) -> 0.9 | N64: یافت نشد
A65: 63 | B65: کمپرسور همراه با مخزن ذخیره | C65: مکانیک | D65: 24 | E65: 0.8 | F65: سال یافت نشد | G65: ابنیه | H65: 16 | I65: 0.2 | J65: سال یافت نشد | K65: نرخ ارز | L65: یافت نشد | M65: =1-(E65+I65) -> 0 | N65: یافت نشد
A66: 64 | B66: دیفیوزر حباب درشت - پلیمری | C66: ابنیه | D66: 23 | E66: 1 | F66: سال یافت نشد | K66: نرخ ارز | L66: یافت نشد | M66: =1-(E66+I66) -> 0 | N66: یافت نشد
A67: 65 | B67: دیفیوزر حباب درشت فولاد ضد زنگ | C67: ابنیه | D67: 16 | E67: 0.3 | F67: سال یافت نشد | K67: نرخ ارز | L67: یافت نشد | M67: =1-(E67+I67) -> 0.7 | N67: یافت نشد
A68: 66 | B68: دیفیوزر حباب ریز | C68: ابنیه | D68: 23 | E68: 0.2 | F68: سال یافت نشد | K68: نرخ ارز | L68: یافت نشد | M68: =1-(E68+I68) -> 0.8 | N68: یافت نشد
A69: 67 | B69: لوله های فولاد ضد زنگ | C69: مکانیک | D69: 1 | E69: 0.2 | F69: فصل ناموجود | K69: نرخ ارز | L69: یافت نشد | M69: =1-(E69+I69) -> 0.8 | N69: یافت نشد
A70: 68 | B70: لوله های فولادی با پوشش | C70: مکانیک | D70: 1 | E70: 1 | F70: فصل ناموجود | K70: نرخ ارز | L70: یافت نشد | M70: =1-(E70+I70) -> 0 | N70: یافت نشد
A71: 69 | B71: لوله های پلیمری | C71: مکانیک | D71: 3 | E71: 1 | F71: سال یافت نشد | K71: نرخ ارز | L71: یافت نشد | M71: =1-(E71+I71) -> 0 | N71: یافت نشد
A72: 70 | B72: لوله های فایبرگلاس | C72: تجهیزات آب و فاضلاب | D72: 13 | E72: 1 | F72: سال یافت نشد | K72: نرخ ارز | L72: یافت نشد | M72: =1-(E72+I72) -> 0 | N72: یافت نشد
A73: 71 | B73: لوله های مسی | C73: مکانیک | D73: 6 | E73: 1 | F73: سال یافت نشد | K73: نرخ ارز | L73: یافت نشد | M73: =1-(E73+I73) -> 0 | N73: یافت نشد
A74: 72 | B74: فیدرهای تزریق مواد شیمیایی از نوع دیافراگمی | C74: مکانیک | D74: 24 | E74: 0.5 | F74: سال یافت نشد | G74: ابنیه | H74: 23 | I74: 0.5 | J74: سال یافت نشد | K74: نرخ ارز | L74: یافت نشد | M74: =1-(E74+I74) -> 0 | N74: یافت نشد
A75: 73 | B75: فیدرهای تزریق مواد شیمیایی از نوع سانتریفوژ | C75: مکانیک | D75: 24 | E75: 0.5 | F75: سال یافت نشد | G75: ابنیه | H75: 23 | I75: 0.5 | J75: سال یافت نشد | K75: نرخ ارز | L75: یافت نشد | M75: =1-(E75+I75) -> 0 | N75: یافت نشد
A76: 74 | B76: شیرآلات و اتصالات پلیمری | C76: مکانیک | D76: 7 | E76: 0.5 | F76: سال یافت نشد | G76: مکانیک | H76: 3 | I76: 0.5 | J76: سال یافت نشد | K76: نرخ ارز | L76: یافت نشد | M76: =1-(E76+I76) -> 0 | N76: یافت نشد
A77: 75 | B77: شیرآلات چدنی و فولادی با عملگر دستی | C77: مکانیک | D77: 7 | E77: 1 | F77: سال یافت نشد | K77: نرخ ارز | L77: یافت نشد | M77: =1-(E77+I77) -> 0 | N77: یافت نشد
A78: 76 | B78: شیرآلات چدنی و فولادی با عملگر برقی یا بادی | C78: مکانیک | D78: 7 | E78: 0.35 | F78: سال یافت نشد | K78: نرخ ارز | L78: یافت نشد | M78: =1-(E78+I78) -> 0.65 | N78: یافت نشد
A79: 77 | B79: روتامتر - منبع انبساط - شیراطمینان و دمپرهای نوسان گیر فیدرهای تزریق | C79: مکانیک | D79: 3 | E79: 1 | F79: سال یافت نشد | K79: نرخ ارز | L79: یافت نشد | M79: =1-(E79+I79) -> 0 | N79: یافت نشد
A80: 78 | B80: پمپ های تزریق از نوع جابجایی مثبت | C80: مکانیک | D80: 24 | E80: 0.15 | F80: سال یافت نشد | K80: نرخ ارز | L80: یافت نشد | M80: =1-(E80+I80) -> 0.85 | N80: یافت نشد
A81: 79 | B81: مدیا پلاستیکی و صفحات و ورقهای پلیمری | C81: ابنیه | D81: 23 | E81: 1 | F81: سال یافت نشد | K81: نرخ ارز | L81: یافت نشد | M81: =1-(E81+I81) -> 0 | N81: یافت نشد
A82: 80 | B82: تجهیزات کلرزنی، تزریق کننده گاز، رگولاتور خلاء، انژکتور، انژکتور ، تراپ مایع، تعویض کننده | C82: مکانیک | D82: 3 | E82: 0.3 | F82: سال یافت نشد | K82: نرخ ارز | L82: یافت نشد | M82: =1-(E82+I82) -> 0.7 | N82: یافت نشد
A83: 81 | B83: مخازن کلر و نیتروژن | C83: مکانیک | D83: 33 | E83: 1 | F83: سال یافت نشد | K83: نرخ ارز | L83: یافت نشد | M83: =1-(E83+I83) -> 0 | N83: یافت نشد
A84: 82 | B84: اسکرابر خنثی سازی گاز کلر | C84: مکانیک | D84: 28 | E84: 0.5 | F84: سال یافت نشد | G84: مکانیک | H84: 4 | I84: 0.5 | J84: سال یافت نشد | K84: نرخ ارز | L84: یافت نشد | M84: =1-(E84+I84) -> 0 | N84: یافت نشد
A85: 83 | B85: اواپراتور کلر | C85: مکانیک | D85: 13 | E85: 1 | F85: سال یافت نشد | K85: نرخ ارز | L85: یافت نشد | M85: =1-(E85+I85) -> 0 | N85: یافت نشد
A86: 84 | B86: ژنراتور الکترولیز نمک طعام | C86: ابنیه | D86: 23 | E86: 0.1 | F86: سال یافت نشد | G86: تاسیسات برقی | H86: 18 | I86: 0.2 | J86: سال یافت نشد | K86: نرخ ارز | L86: یافت نشد | M86: =1-(E86+I86) -> 0.7 | N86: یافت نشد
A87: 85 | B87: ژنراتور ازن | C87: مکانیک | D87: 24 | E87: 0.15 | F87: سال یافت نشد | G87: ابنیه | H87: 16 | I87: 0.15 | J87: سال یافت نشد | K87: نرخ ارز | L87: یافت نشد | M87: =1-(E87+I87) -> 0.7 | N87: یافت نشد
A88: 86 | B88: پکیج ضد عفونی توسط اشعه ماوراء بنفش | C88: ابنیه | D88: 16 | E88: 0.15 | F88: سال یافت نشد | K88: نرخ ارز | L88: یافت نشد | M88: =1-(E88+I88) -> 0.85 | N88: یافت نشد
A89: 87 | B89: دوش و چشم شور | C89: مکانیک | D89: 30 | E89: 1 | F89: سال یافت نشد | K89: نرخ ارز | L89: یافت نشد | M89: =1-(E89+I89) -> 0 | N89: یافت نشد
A90: 88 | B90: لوازم حفاظت فردی | C90: رشته ای | D90: 1 | E90: 1 | F90: فصل ناموجود | K90: نرخ ارز | L90: یافت نشد | M90: =1-(E90+I90) -> 0 | N90: یافت نشد
A91: 89 | B91: آبگیری لجن نوع فیلترپرس | C91: راه، راه آهن و باند فرودگاه | D91: 24 | E91: 0.2 | F91: سال یافت نشد | G91: ابنیه | H91: 16 | I91: 0.2 | J91: سال یافت نشد | K91: نرخ ارز | L91: یافت نشد | M91: =1-(E91+I91) -> 0.6 | N91: یافت نشد
A92: 90 | B92: آبگیری لجن نوع بلت فیلتر پرس | C92: ابنیه | D92: 16 | E92: 0.2 | F92: سال یافت نشد | K92: نرخ ارز | L92: یافت نشد | M92: =1-(E92+I92) -> 0.8 | N92: یافت نشد
A93: 91 | B93: آبگیری لجن نوع سانتریفوژ | K93: نرخ ارز | L93: یافت نشد | M93: =1-(E93+I93) -> 1 | N93: یافت نشد
A94: 92 | B94: آبگیری لجن نوع اسکروپرس | C94: تو پرامت بعدی که "و یا عربی" با یکی و یا "فارسی" یکی | D94: 24 | E94: 0.2 | F94: شیت ناموجود | G94: ابنیه | H94: 16 | I94: 0.2 | J94: سال یافت نشد | K94: نرخ ارز | L94: یافت نشد | M94: =1-(E94+I94) -> 0.6 | N94: یافت نشد
A95: 93 | B95: تغلیظ لجن نوع بلت | C95: ابنیه | D95: 16 | E95: 0.2 | F95: سال یافت نشد | K95: نرخ ارز | L95: یافت نشد | M95: =1-(E95+I95) -> 0.8 | N95: یافت نشد
A96: 94 | B96: نازل فیلتر | C96: ابنیه | D96: 23 | E96: 1 | F96: سال یافت نشد | K96: نرخ ارز | L96: یافت نشد | M96: =1-(E96+I96) -> 0 | N96: یافت نشد
A97: 95 | B97: شن سیلیسی | C97: ابنیه | D97: 4 | E97: 1 | F97: سال یافت نشد | K97: نرخ ارز | L97: یافت نشد | M97: =1-(E97+I97) -> 0 | N97: یافت نشد
A98: 96 | B98: آنتراسیت | C98: ابنیه | D98: 4 | E98: 1 | F98: سال یافت نشد | K98: نرخ ارز | L98: یافت نشد | M98: =1-(E98+I98) -> 0 | N98: یافت نشد
A99: 97 | B99: رزین آنیونی ، کاتیونی | K99: نرخ ارز | L99: یافت نشد | M99: =1-(E99+I99) -> 1 | N99: یافت نشد
A100: 98 | B100: سیفون و پارشالیزیشن باکس | C100: مکانیک | D100: 33 | E100: 1 | F100: سال یافت نشد | K100: نرخ ارز | L100: یافت نشد | M100: =1-(E100+I100) -> 0 | N100: یافت نشد
...

Sheet رشته ای
A2: شماره فصل | B2: شرح | C2: 1399 | I2: 1400 | M2: 1401 | S2: 1402 | W2: 1403
C3: سه ماهه اول | D3: تیر | E3: مرداد | F3: شهریور | G3: سه ماهه سوم | H3: سه ماهه چهارم | I3: سه ماهه اول | J3: سه ماهه دوم | K3: سه ماهه سوم | L3: سه ماهه چهارم | M3: سه ماهه اول | N3: سه ماهه دوم | O3: سه ماهه سوم | P3: دی | Q3: بهمن | R3: اسفند | S3: سه ماهه اول | T3: سه ماهه دوم | U3: سه ماهه سوم | V3: سه ماهه چهارم | W3: سه ماهه اول | X3: سه ماهه دوم | Y3: سه ماهه سوم | Z3: دی | AA3: بهمن | AB3: اسفند
A4: 1 | B4: ابنیه | C4: 1770.9 | D4: 2276.5 | E4: 2425.8 | F4: 2553.3 | G4: 2801.6 | H4: 2977.6 | I4: 3538.3 | J4: 3968.8 | K4: 3959.9 | L4: 3936.3 | M4: 4600.9 | N4: 4515.8 | O4: 4705.9 | P4: 5297.4 | Q4: 5625.9 | R4: 6197.6 | S4: 6608.7 | T4: 6535.8 | U4: 6665.9 | V4: 6970.7 | W4: 7917.3 | X4: 8239 | Y4: 8463.5 | Z4: 8913.6 | AA4: 9278.5 | AB4: 9744.7
A5: 2 | B5: مکانیک | C5: 2127.3 | D5: 2500.6 | E5: 2714.8 | F5: 2909.3 | G5: 3242.9 | H5: 3337.5 | I5: 3870.8 | J5: 4102.4 | K5: 4195.8 | L5: 4260.3 | M5: 4937.3 | N5: 4966.2 | O5: 5272.9 | P5: 5963.6 | Q5: 6095.9 | R5: 6386.4 | S5: 6957.5 | T5: 6990.6 | U5: 7359.3 | V5: 7585.5 | W5: 8523.1 | X5: 8636.1 | Y5: 9351.9 | Z5: 10073.4 | AA5: 10309.5 | AB5: 10544.5
A6: 3 | B6: برق | C6: 2252.9 | D6: 2698.6 | E6: 2968.5 | F6: 3307.6 | G6: 3686.8 | H6: 3772.1 | I6: 4190.7 | J6: 4298.9 | K6: 4598 | L6: 4710.4 | M6: 5151.9 | N6: 5281.6 | O6: 5758.7 | P6: 6227.9 | Q6: 6884.9 | R6: 6992.7 | S6: 7317.8 | T6: 7362.8 | U6: 7796.2 | V6: 8194.1 | W6: 9365.6 | X6: 9648.3 | Y6: 10094.3 | Z6: 11047 | AA6: 11289.5 | AB6: 12516.6
A7: 4 | B7: شاخص رشته شبكه جمع آوري و انتقال فاضلاب | C7: 2066.3 | D7: 2422.6 | E7: 2526.7 | F7: 2724.8 | G7: 2928.2 | H7: 3074.3 | I7: 3926.6 | J7: 4227.3 | K7: 4278.1 | L7: 4389.9 | M7: 5416.9 | N7: 5539.1 | O7: 5906.9 | P7: 6309.4 | Q7: 6399.1 | R7: 6592.1 | S7: 7742.5 | T7: 8032.6 | U7: 8193.1 | V7: 8459.5 | W7: 10100.3 | X7: 10641.6 | Y7: 10746.4 | Z7: 11373.7 | AA7: 11594.8 | AB7: 11833.5
A8: 5 | B8: تجهیزات آب و فاضلاب | L8: 3830.1 | O8: 4653.9 | P8: 4983.9 | Q8: 5307.6 | R8: 5813.2 | S8: 6225.9 | T8: 6255 | U8: 7018.9 | V8: 7248.5 | W8: 8531.5 | X8: 8633 | Y8: 9350.6 | Z8: 9865 | AA8: 10292.9 | AB8: 10640.8
A9: 6 | B9: بهره‌برداری و نگهداشت تجهیزات برقی، کنترلی و ابزار دقیق تاسیسات | L9: 3578.8 | M9: 4708 | N9: 4829.7 | O9: 4986.2 | P9: 5180.2 | Q9: 5180.2 | R9: 5180.2 | S9: 6355.1 | T9: 6604.5 | U9: 6763.9 | V9: 6961.4 | W9: 8569.5 | X9: 8952.4 | Y9: 8951.4 | Z9: 9380.2 | AA9: 9470.4 | AB9: 9574
A10: 7 | B10: بهره‌برداری و نگهداری از شبکه جمع‌آوری و انتقال فاضلاب | L10: 3000 | M10: 3858 | N10: 3961.8 | O10: 4150.7 | P10: 4321.2 | Q10: 4321.2 | R10: 4321.2 | S10: 5261.5 | T10: 5472.4 | U10: 5577 | V10: 5741.4 | W10: 7033.2 | X10: 7354.7 | Y10: 7356.4 | Z10: 7759.6 | AA10: 7853.1 | AB10: 7953.9

Sheet مکانیک
A2: شماره فصل | B2: شرح | C2: 1397 | I2: 1398 | M2: 1399 | S2: 1400 | W2: 1401 | AC2: 1402 | AG2: 1403
C3: اول | D3: تیر | E3: مرداد | F3: شهریور | G3: سوم | H3: چهارم | I3: اول | J3: دوم | K3: سوم | L3: چهارم | M3: اول | N3: تیر | O3: مرداد | P3: شهریور | Q3: سوم | R3: چهارم | S3: اول | T3: دوم | U3: سوم | V3: چهارم | W3: اول | X3: دوم | Y3: سوم | Z3: دی | AA3: بهمن | AB3: اسفند | AC3: اول | AD3: دوم | AE3: سوم | AF3: چهارم | AG3: اول | AH3: دوم | AI3: سوم | AJ3: دی | AK3: بهمن | AL3: اسفند
A4: 1 | B4: لوله های فولادی | C4: 973.3 | D4: 1058.4 | E4: 1208.2 | F4: 1331.9 | G4: 1532.1 | H4: 1520.4 | I4: 1784.6 | J4: 1730.5 | K4: 1740.3 | L4: 1982 | M4: 2307.8 | N4: 2791.7 | O4: 3093.4 | P4: 3356.8 | Q4: 3582.4 | R4: 3757 | S4: 4306.3 | T4: 4535 | U4: 4424.1 | V4: 4321.9 | W4: 4896.4 | X4: 4813.9 | Y4: 4990.6 | Z4: 5527.3 | AA4: 5727 | AB4: 6041.1 | AC4: 6652.6 | AD4: 6598.7 | AE4: 6906.1 | AF4: 7274.2 | AG4: 7962 | AH4: 7906.2 | AI4: 7930.2 | AJ4: 8238.5 | AK4: 8621.6 | AL4: 8957.6
A5: 2 | B5: لوله های چدنی | C5: 1049.9 | D5: 1164.4 | E5: 1188 | F5: 1224.7 | G5: 1243 | H5: 1252.5 | I5: 1418.2 | J5: 1431.5 | K5: 1518.7 | L5: 1547.5 | M5: 1916.3 | N5: 2310.1 | O5: 2392.3 | P5: 2478.5 | Q5: 2525.2 | R5: 2665.3 | S5: 2929.9 | T5: 3171.3 | U5: 3641.9 | V5: 3875.3 | W5: 4424.5 | X5: 4436.9 | Y5: 5060.1 | Z5: 5216.5 | AA5: 5207.8 | AB5: 5362.9 | AC5: 5860.1 | AD5: 6144.7 | AE5: 6250.7 | AF5: 6279.9 | AG5: 7055 | AH5: 7123.1 | AI5: 7330.6 | AJ5: 7399.6 | AK5: 7415.4 | AL5: 7432.6
A6: 3 | B6: لوله های پی.وی.سی | C6: 988.5 | D6: 1027.7 | E6: 1180.8 | F6: 1355 | G6: 1351.6 | H6: 1361.2 | I6: 1590.5 | J6: 1565.4 | K6: 1594.5 | L6: 1625.3 | M6: 1823.4 | N6: 1994 | O6: 2124.1 | P6: 2396.1 | Q6: 3008.9 | R6: 3336 | S6: 3691.1 | T6: 3977.4 | U6: 4212.7 | V6: 4371.2 | W6: 4832.5 | X6: 4560.9 | Y6: 4444.6 | Z6: 4668.6 | AA6: 4668.8 | AB6: 4943.5 | AC6: 5303.2 | AD6: 5380.5 | AE6: 5456.2 | AF6: 5504.8 | AG6: 6192.5 | AH6: 6386.1 | AI6: 6525.8 | AJ6: 7230.3 | AK6: 7368.6 | AL6: 7812.5
A7: 4 | B7: لوله های پلی اتیلن | C7: 451.7 | D7: 516.4 | E7: 544.5 | F7: 574.2 | G7: 693 | H7: 644.2 | I7: 675.5 | J7: 685.1 | K7: 690 | L7: 696.4 | M7: 767.7 | N7: 930.7 | O7: 935.4 | P7: 998.5 | Q7: 1246.7 | R7: 1263.7 | S7: 1409.9 | T7: 1440 | U7: 1546.4 | V7: 1553.3 | W7: 1811.7 | X7: 1826.8 | Y7: 2000.1 | Z7: 2145.2 | AA7: 2305.8 | AB7: 2466.4 | AC7: 2918.8 | AD7: 2989.2 | AE7: 3168.8 | AF7: 3195.5 | AG7: 3800.6 | AH7: 3852.6 | AI7: 4188.5 | AJ7: 4247.6 | AK7: 4260.3 | AL7: 4375.8
A8: 5 | B8: لوله های آزبست سیمان | C8: 403 | D8: 404 | E8: 405 | F8: 406 | G8: 406 | H8: 407 | I8: 408 | J8: 409 | K8: 410 | L8: 411 | M8: 412 | N8: 413 | O8: 114 | P8: 115 | Q8: 416 | R8: 417 | S8: 418 | T8: 419 | U8: 420 | V8: 421 | W8: 422 | X8: 423 | Y8: 424 | Z8: 425 | AA8: 425 | AB8: 425 | AC8: 426 | AD8: 427 | AE8: 428 | AF8: 429 | AG8: 430 | AH8: 431 | AI8: 432 | AJ8: 433 | AK8: 433 | AL8: 433
A9: 6 | B9: لوله های مسی | C9: 1131.2 | D9: 1270.1 | E9: 1360.1 | F9: 1449.9 | G9: 1874.1 | H9: 1768.7 | I9: 2242.1 | J9: 2273.1 | K9: 2112.1 | L9: 2197.8 | M9: 2516.7 | N9: 2793.2 | O9: 3164.7 | P9: 3735.3 | Q9: 4798.2 | R9: 5559.2 | S9: 6073.9 | T9: 6200 | U9: 6521.4 | V9: 6809.8 | W9: 7388.8 | X9: 7247.4 | Y9: 8068.4 | Z9: 9094.7 | AA9: 10244.1 | AB9: 11244 | AC9: 10801.1 | AD9: 10580.8 | AE9: 10446.7 | AF9: 10657.7 | AG9: 23860.6 | AH9: 13523.2 | AI9: 13911.8 | AJ9: 15192.3 | AK9: 17364.4 | AL9: 19294.5
A10: 7 | B10: شیرها | C10: 1159.8 | D10: 1466.6 | E10: 1700.4 | F10: 1825.5 | G10: 1913.4 | H10: 1917.4 | I10: 2158.1 | J10: 2163.7 | K10: 2325.8 | L10: 2334.7 | M10: 2685.2 | N10: 2772.8 | O10: 3274 | P10: 3303.4 | Q10: 3654 | R10: 3666.1 | S10: 4384.4 | T10: 4512 | U10: 4540.3 | V10: 5066.4 | W10: 5855.5 | X10: 5962.3 | Y10: 6252.1 | Z10: 6970.6 | AA10: 6973.3 | AB10: 6976.7 | AC10: 7087.5 | AD10: 7111.4 | AE10: 7945 | AF10: 7958.2 | AG10: 9736.3 | AH10: 9705.5 | AI10: 10020.9 | AJ10: 10159.5 | AK10: 10347.6 | AL10: 10444.1
A11: 8 | B11: مفضل انبساط | C11: 1453.6 | D11: 1805.8 | E11: 2151.1 | F11: 2381.2 | G11: 2385.8 | H11: 2389.3 | I11: 3085.6 | J11: 3091 | K11: 3005.6 | L11: 3013.2 | M11: 3980.4 | N11: 4116.3 | O11: 4285.5 | P11: 5390 | Q11: 5571 | R11: 5583.1 | S11: 6884.1 | T11: 6907 | U11: 7168.4 | V11: 8121.1 | W11: 9253.5 | X11: 9285.2 | Y11: 10572 | Z11: 11181.4 | AA11: 11185.3 | AB11: 11191.7 | AC11: 11299 | AD11: 11321.3 | AE11: 12306.7 | AF11: 12321.9 | AG11: 12492.1 | AH11: 12545.2 | AI11: 14552 | AJ11: 14585.4 | AK11: 14595.1 | AL11: 14603.9
A12: 9 | B12: لرزه گیر | C12: 1282.2 | D12: 1527.5 | E12: 1787.9 | F12: 1960.2 | G12: 2234.3 | H12: 2240.2 | I12: 2792.7 | J12: 2797.9 | K12: 2827.4 | L12: 2840.5 | M12: 3599.4 | N12: 3642.1 | O12: 4364.9 | P12: 4397.3 | Q12: 4774 | R12: 4788.5 | S12: 6351.4 | T12: 6386.5 | U12: 6529.4 | V12: 7097.6 | W12: 8249.7 | X12: 8275.1 | Y12: 9301.7 | Z12: 9370.1 | AA12: 9379.1 | AB12: 9389.9 | AC12: 9528.3 | AD12: 9557.7 | AE12: 10749.8 | AF12: 10768.6 | AG12: 11017 | AH12: 11109.8 | AI12: 12341.1 | AJ12: 12386.8 | AK12: 12402.6 | AL12: 12416.1
A13: 10 | B13: - | C13: - | D13: - | E13: - | F13: - | G13: - | H13: - | I13: - | J13: - | K13: - | L13: - | M13: - | N13: - | O13: - | P13: - | Q13: - | R13: - | S13: - | T13: - | U13: - | V13: - | W13: - | X13: - | Y13: - | Z13: - | AA13: - | AB13: - | AC13: - | AD13: - | AE13: - | AF13: - | AG13: - | AH13: - | AI13: - | AJ13: - | AK13: - | AL13: -
A14: 11 | B14: صافی | C14: 1085.7 | D14: 1361.3 | E14: 1585.1 | F14: 1735.1 | G14: 1880.9 | H14: 1884.7 | I14: 2340.3 | J14: 2344.5 | K14: 2436.5 | L14: 2445.3 | M14: 2996 | N14: 3139.1 | O14: 3655.5 | P14: 3679.2 | Q14: 4455.3 | R14: 4555.3 | S14: 5137.9 | T14: 5247.5 | U14: 5360.5 | V14: 5955.2 | W14: 6929.1 | X14: 6953.5 | Y14: 7761 | Z14: 7896.9 | AA14: 7900.6 | AB14: 7905.3 | AC14: 7993.4 | AD14: 8013.4 | AE14: 9028.4 | AF14: 9041.7 | AG14: 10218.7 | AH14: 10271.9 | AI14: 11096.4 | AJ14: 11633.7 | AK14: 12366.6 | AL14: 13164.3
A15: 12 | B15: دیگهای حرارتی آب گرم | C15: 1031.5 | D15: 1312.1 | E15: 1406.8 | F15: 1487.5 | G15: 1495.6 | H15: 1574.5 | I15: 1728.6 | J15: 1752.5 | K15: 1851.5 | L15: 1857.7 | M15: 2346 | N15: 2550.7 | O15: 2746.2 | P15: 3034 | Q15: 3349.1 | R15: 3427.2 | S15: 4236.3 | T15: 4287.8 | U15: 4503.1 | V15: 4736.9 | W15: 5452.6 | X15: 6953.5 | Y15: 6098.3 | Z15: 6763.7 | AA15: 6965.2 | AB15: 7397.2 | AC15: 8301.7 | AD15: 8331.6 | AE15: 8923 | AF15: 9106.1 | AG15: 10228 | AH15: 10270.8 | AI15: 11976.7 | AJ15: 12857.8 | AK15: 13072.3 | AL15: 13455.5
A16: 13 | B16: دیگهای بخار | C16: 1732.9 | D16: 2223.5 | E16: 2463.3 | F16: 2582 | G16: 2583.9 | H16: 2588.7 | I16: 3104.8 | J16: 3113.1 | K16: 3285.4 | L16: 3291.8 | M16: 4357.6 | N16: 4926.3 | O16: 5282.5 | P16: 5931.7 | Q16: 6364.7 | R16: 6379.5 | S16: 8041.8 | T16: 8075.5 | U16: 8111.6 | V16: 8120.3 | W16: 9995.7 | X16: 10405.6 | Y16: 10442.6 | Z16: 11917.8 | AA16: 12406.1 | AB16: 13431.2 | AC16: 14974.9 | AD16: 15004 | AE16: 16462.8 | AF16: 16485.9 | AG16: 18233.2 | AH16: 18278.7 | AI16: 18282.7 | AJ16: 21436.4 | AK16: 21449.8 | AL16: 21500.5
A17: 14 | B17: مشعل | C17: 443.7 | D17: 482.3 | E17: 519.2 | F17: 555.9 | G17: 629 | H17: 666.8 | I17: 738.8 | J17: 772.6 | K17: 774.3 | L17: 837.6 | M17: 1077.4 | N17: 1147.8 | O17: 1240.1 | P17: 1315.1 | Q17: 1522.1 | R17: 1527.6 | S17: 1589.9 | T17: 1598.7 | U17: 1586 | V17: 1743.1 | W17: 1989.1 | X17: 1994 | Y17: 2035.5 | Z17: 2258.8 | AA17: 2258.9 | AB17: 2258.9 | AC17: 2311.3 | AD17: 2322.6 | AE17: 2330.3 | AF17: 2647.5 | AG17: 3187.1 | AH17: 3199.1 | AI17: 3623.8 | AJ17: 4234.2 | AK17: 4238.7 | AL17: 4243.3
A18: 15 | B18: دستگاههای کنترل و اندازه گیری | C18: 554.5 | D18: 622.6 | E18: 800.1 | F18: 977.6 | G18: 982.1 | H18: 983.1 | I18: 1133.6 | J18: 996 | K18: 1185.4 | L18: 1288.7 | M18: 1510.3 | N18: 1798.5 | O18: 2019.4 | P18: 2424.4 | Q18: 2630.2 | R18: 2634.8 | S18: 2715.4 | T18: 2772.7 | U18: 2798.3 | V18: 2824.3 | W18: 3137.1 | X18: 3275.3 | Y18: 3775.8 | Z18: 4387.4 | AA18: 4387.4 | AB18: 4387.4 | AC18: 4727.2 | AD18: 4568.2 | AE18: 5078.9 | AF18: 5567.9 | AG18: 6064.8 | AH18: 6078.5 | AI18: 6421.7 | AJ18: 7213.6 | AK18: 7216.7 | AL18: 7219.8
A19: 16 | B19: آب گرم کن ( نفتی و گازی ) | C19: 594.4 | D19: 624.4 | E19: 651.2 | F19: 676.9 | G19: 726.8 | H19: 779.1 | I19: 832.9 | J19: 872.9 | K19: 945.9 | L19: 1084.8 | M19: 1181.7 | N19: 1542.4 | O19: 1668.3 | P19: 1705.4 | Q19: 1922.5 | R19: 1934.2 | S19: 2258.7 | T19: 2366.2 | U19: 2491 | V19: 2579.9 | W19: 2787 | X19: 2799.4 | Y19: 2870.2 | Z19: 3854.9 | AA19: 3855.3 | AB19: 3855.6 | AC19: 4468.2 | AD19: 4864.5 | AE19: 4897.7 | AF19: 5106 | AG19: 6535.1 | AH19: 6572 | AI19: 6576.6 | AJ19: 6616.7 | AK19: 6630.4 | AL19: 6642
A20: 17 | B20: رادیاتور | C20: 864.8 | D20: 965.3 | E20: 1219.8 | F20: 1466.4 | G20: 1405.6 | H20: 1412 | I20: 1450.3 | J20: 1455.3 | K20: 1654.1 | L20: 1724.1 | M20: 1855.5 | N20: 2460.6 | O20: 2692.5 | P20: 3052 | Q20: 3187.1 | R20: 3401.7 | S20: 3931.7 | T20: 4540.3 | U20: 4567.3 | V20: 4730.2 | W20: 5511.1 | X20: 5410.5 | Y20: 5896.6 | Z20: 6193.4 | AA20: 6388.7 | AB20: 6987.7 | AC20: 7144.2 | AD20: 7169.1 | AE20: 8642.6 | AF20: 8662.5 | AG20: 8863.7 | AH20: 8893.5 | AI20: 11229.2 | AJ20: 12814 | AK20: 12823.1 | AL20: 12832.6
A21: 18 | B21: آب سرد کن | C21: 414.7 | D21: 463.8 | E21: 555.4 | F21: 574.1 | G21: 611 | H21: 612.5 | I21: 734.3 | J21: 707.2 | K21: 783.3 | L21: 797.8 | M21: 946.3 | N21: 1197.2 | O21: 1263.5 | P21: 1364 | Q21: 1382.8 | R21: 1582.4 | S21: 1784.5 | T21: 1988.1 | U21: 2087.4 | V21: 2090.1 | W21: 2402 | X21: 2420.2 | Y21: 2722.2 | Z21: 3245.2 | AA21: 3245.3 | AB21: 3245.5 | AC21: 3464 | AD21: 3473 | AE21: 3478.9 | AF21: 3484.1 | AG21: 4091.9 | AH21: 4115.1 | AI21: 4546.5 | AJ21: 4604.6 | AK21: 4854.9 | AL21: 4953.4
A22: 19 | B22: کانال هوا ، درچه هوا | C22: 771.4 | D22: 859.7 | E22: 995.7 | F22: 1057.3 | G22: 1149.9 | H22: 1167.4 | I22: 1380.5 | J22: 1304.7 | K22: 1351.6 | L22: 1599.1 | M22: 1880.7 | N22: 2499.4 | O22: 2613.9 | P22: 2642.9 | Q22: 3187.2 | R22: 3229.6 | S22: 3777.6 | T22: 4051.8 | U22: 4101.8 | V22: 4062.3 | W22: 4642.7 | X22: 4634.3 | Y22: 4804 | Z22: 5618.2 | AA22: 5940.7 | AB22: 6621.1 | AC22: 6981.6 | AD22: 6967.3 | AE22: 7042.5 | AF22: 7168.1 | AG22: 7934.5 | AH22: 8030 | AI22: 8714.3 | AJ22: 9186.7 | AK22: 9482 | AL22: 9727.2
A23: 20 | B23: هواکش | C23: 576.2 | D23: 704.8 | E23: 716.1 | F23: 720 | G23: 734.6 | H23: 786 | I23: 826.3 | J23: 829.6 | K23: 951.3 | L23: 973.1 | M23: 1255.3 | N23: 1361.8 | O23: 1414.8 | P23: 1522.7 | Q23: 1633.2 | R23: 1639.3 | S23: 1888.5 | T23: 1920.9 | U23: 1828.8 | V23: 1882.7 | W23: 2346.1 | X23: 2352.6 | Y23: 2905.9 | Z23: 3022.2 | AA23: 3022.4 | AB23: 3022.7 | AC23: 3682 | AD23: 3740.8 | AE23: 4064.4 | AF23: 4239.6 | AG23: 4754.5 | AH23: 4774.7 | AI23: 4788.8 | AJ23: 4807 | AK23: 4814.1 | AL23: 4819.6
A24: 21 | B24: فن کویل ، یونیت هیتر | C24: 769.3 | D24: 890.3 | E24: 1068.2 | F24: 1186.8 | G24: 1188 | H24: 1190.1 | I24: 1457.5 | J24: 1461.4 | K24: 1562.5 | L24: 1564.9 | M24: 1997.6 | N24: 2112.5 | O24: 2290.5 | P24: 2411.4 | Q24: 2776.4 | R24: 2783.5 | S24: 2960.1 | T24: 3237.3 | U24: 3552.2 | V24: 3554.8 | W24: 4197.7 | X24: 4357.6 | Y24: 4446.7 | Z24: 5376.7 | AA24: 5376.8 | AB24: 5376.9 | AC24: 6257.9 | AD24: 6272.5 | AE24: 6282.9 | AF24: 6618.6 | AG24: 7732.8 | AH24: 8095.9 | AI24: 8676.1 | AJ24: 10079.5 | AK24: 10085.8 | AL24: 10242.3
A25: 22 | B25: کولر آبی | C25: 506.9 | D25: 551.6 | E25: 553.6 | F25: 554.4 | G25: 720.2 | H25: 764.1 | I25: 845.8 | J25: 884.4 | K25: 888.5 | L25: 891.4 | M25: 1087.5 | N25: 1101.9 | O25: 1168.4 | P25: 1173.9 | Q25: 1379.1 | R25: 1559.4 | S25: 1805.1 | T25: 1820.1 | U25: 1830.5 | V25: 1850.2 | W25: 2034.3 | X25: 2042.4 | Y25: 2062.7 | Z25: 2077.9 | AA25: 2078.3 | AB25: 2078.7 | AC25: 2463.5 | AD25: 2481.8 | AE25: 2489.6 | AF25: 2834.3 | AG25: 2928.4 | AH25: 2952.3 | AI25: 3222.5 | AJ25: 3533.9 | AK25: 3623.6 | AL25: 3988.2
... A28: 25 | B28: عایق | C28: 489.1 | D28: 513.4 | E28: 531.2 | F28: 538.5 | G28: 543.9 | H28: 549.4 | I28: 603.7 | J28: 612.8 | K28: 623.4 | L28: 632.7 | M28: 697.2 | N28: 758.4 | O28: 761.9 | P28: 778.6 | Q28: 1090 | R28: 1159.9 | S28: 1651.9 | T28: 1731.4 | U28: 1730.7 | V28: 1758.8 | W28: 2159.8 | X28: 2248.7 | Y28: 2715.7 | Z28: 2840.7 | AA28: 2848 | AB28: 3389.7 | AC28: 3762.9 | AD28: 3927.5 | AE28: 4335.2 | AF28: 4384.9 | AG28: 4902.5 | AH28: 5085.2 | AI28: 5525.3 | AJ28: 5777.5 | AK28: 5810.2 | AL28: 6086
A29: 26 | B29: - | C29: - | D29: - | E29: - | F29: - | G29: - | H29: - | I29: - | J29: - | K29: - | L29: - | M29: - | N29: - | O29: - | P29: - | Q29: - | R29: - | S29: - | T29: - | U29: - | V29: - | W29: - | X29: - | Y29: - | Z29: - | AA29: - | AB29: - | AC29: - | AD29: - | AE29: - | AF29: - | AG29: - | AH29: - | AI29: - | AJ29: - | AK29: - | AL29: -
A30: 27 | B30: دستگاههای مبرد | C30: 803.5 | D30: 851.3 | E30: 897.2 | F30: 1071.6 | G30: 1072.4 | H30: 1074.1 | I30: 1186.4 | J30: 1189.6 | K30: 1293.5 | L30: 1397.9 | M30: 1803.3 | N30: 1915.4 | O30: 2076.4 | P30: 2205.6 | Q30: 2432.4 | R30: 2438 | S30: 2774.3 | T30: 3016.1 | U30: 3109.8 | V30: 3112.3 | W30: 3661.3 | X30: 3666.4 | Y30: 3673.7 | Z30: 4315.3 | AA30: 4315.3 | AB30: 4315.3 | AC30: 5020.6 | AD30: 5031.7 | AE30: 5035.3 | AF30: 5293 | AG30: 6253 | AH30: 6611.2 | AI30: 7331.7 | AJ30: 8404.3 | AK30: 8408.7 | AL30: 8541.1
A31: 28 | B31: برجهای خنک کننده | C31: 764 | D31: 862.6 | E31: 895.7 | F31: 1021.1 | G31: 1022.6 | H31: 1026.3 | I31: 1137.9 | J31: 1144.1 | K31: 1240.9 | L31: 1338.1 | M31: 1702.6 | N31: 1806.3 | O31: 1954.6 | P31: 2059 | Q31: 2318.9 | R31: 2330 | S31: 2818 | T31: 2837.3 | U31: 2986.7 | V31: 2992.7 | W31: 3536.7 | X31: 3547.2 | Y31: 3860.9 | Z31: 4474.8 | AA31: 4474.9 | AB31: 4474.9 | AC31: 5379 | AD31: 5602.2 | AE31: 5616.7 | AF31: 5634 | AG31: 6273.2 | AH31: 6859.4 | AI31: 7572.7 | AJ31: 8534.9 | AK31: 8544.4 | AL31: 9507.4
A32: 29 | B32: لوازم بهداشتی ، شیرآلات بهداشتی | C32: 889 | D32: 959.7 | E32: 1083 | F32: 1084.3 | G32: 1038.8 | H32: 1099 | I32: 1318.8 | J32: 1332.7 | K32: 1378.9 | L32: 1406.9 | M32: 1640.9 | N32: 1862.3 | O32: 1949.8 | P32: 2085.3 | Q32: 2212.5 | R32: 2286.2 | S32: 2855.8 | T32: 3057.6 | U32: 3101.4 | V32: 3187.2 | W32: 3842.5 | X32: 3901.5 | Y32: 4038.6 | Z32: 4797.9 | AA32: 4798.3 | AB32: 4799.1 | AC32: 5371.7 | AD32: 5701.9 | AE32: 6106.9 | AF32: 6243.4 | AG32: 7058.8 | AH32: 7154 | AI32: 7870.8 | AJ32: 8356.2 | AK32: 9017.5 | AL32: 9037.5
A33: 30 | B33: وسایل آتش نشانی | C33: 1301.9 | D33: 1695.1 | E33: 1696.7 | F33: 1897.9 | G33: 1864.1 | H33: 1953.7 | I33: 2214.2 | J33: 2294.6 | K33: 2234.9 | L33: 2396.8 | M33: 2724.3 | N33: 3407.3 | O33: 3759.1 | P33: 5150.9 | Q33: 4673 | R33: 4925.8 | S33: 4984.4 | T33: 5316.7 | U33: 5443 | V33: 5473 | W33: 6406.3 | X33: 6415.1 | Y33: 6979.7 | Z33: 8039.6 | AA33: 8039.7 | AB33: 8039.8 | AC33: 8897.5 | AD33: 8917.7 | AE33: 9369.4 | AF33: 9871.2 | AG33: 11818.3 | AH33: 11848.5 | AI33: 11923.3 | AJ33: 14752.6 | AK33: 14760.8 | AL33: 14768.4
A34: 31 | B34: لوازم آشپزخانه | C34: 535.9 | D34: 539.2 | E34: 575.5 | F34: 592.1 | G34: 595.4 | H34: 597.6 | I34: 688.5 | J34: 693.3 | K34: 652.8 | L34: 655.4 | M34: 713.5 | N34: 856.6 | O34: 997.6 | P34: 1097.4 | Q34: 1108.6 | R34: 1115 | S34: 1321.3 | T34: 1339.7 | U34: 1449.3 | V34: 1471.4 | W34: 1792.2 | X34: 1798.4 | Y34: 1965.7 | Z34: 2152.3 | AA34: 2152.4 | AB34: 2152.5 | AC34: 2588.3 | AD34: 2602.5 | AE34: 2626 | AF34: 2635.8 | AG34: 3172.4 | AH34: 3192.7 | AI34: 3633.9 | AJ34: 3657.1 | AK34: 3663.1 | AL34: 3669.2
A35: 32 | B35: سختی گیر | C35: 808.5 | D35: 839.6 | E35: 843.1 | F35: 845.9 | G35: 1068.2 | H35: 1107.2 | I35: 1275.1 | J35: 1318.3 | K35: 1408.5 | L35: 1417 | M35: 1677.6 | N35: 1792 | O35: 1956.2 | P35: 2349.9 | Q35: 2326.2 | R35: 2472.8 | S35: 2849.7 | T35: 3032.9 | U35: 3180.9 | V35: 3263 | W35: 4090.6 | X35: 4415 | Y35: 4805.6 | Z35: 5834.3 | AA35: 5834.5 | AB35: 5834.7 | AC35: 6673.4 | AD35: 6724.6 | AE35: 6880.9 | AF35: 7061.4 | AG35: 7399.1 | AH35: 7476.8 | AI35: 8388.4 | AJ35: 8523.1 | AK35: 9229 | AL35: 9662.8
A36: 33 | B36: منابع و مبدلها | C36: 1215.5 | D36: 1373 | E36: 1571.6 | F36: 1633.7 | G36: 1882.5 | H36: 1924.9 | I36: 2344.8 | J36: 2168.2 | K36: 2182.6 | L36: 2667.9 | M36: 3081.2 | N36: 3879.3 | O36: 4273.4 | P36: 4318.9 | Q36: 5591.8 | R36: 6005.9 | S36: 7020.1 | T36: 7433.1 | U36: 7667.1 | V36: 7585.9 | W36: 8467.8 | X36: 8152.2 | Y36: 9062 | Z36: 11156 | AA36: 11399.8 | AB36: 11730.5 | AC36: 11946.5 | AD36: 11902.7 | AE36: 12091.9 | AF36: 12616.6 | AG36: 14782.4 | AH36: 14335.4 | AI36: 14657.5 | AJ36: 15638.2 | AK36: 16842.7 | AL36: 17395.7
A37: 34 | B37: بستها ، تکیه گاهها ، دودکش | C37: 708.2 | D37: 786.7 | E37: 863.1 | F37: 882.7 | G37: 892.7 | H37: 907.7 | I37: 1067.5 | J37: 974.7 | K37: 1000.3 | L37: 1149.6 | M37: 1318.2 | N37: 1688.8 | O37: 1834.6 | P37: 1917.9 | Q37: 1990.9 | R37: 2090 | S37: 2501.9 | T37: 2644.9 | U37: 2760.4 | V37: 2774.8 | W37: 3420.6 | X37: 3546.3 | Y37: 3450.9 | Z37: 4006.4 | AA37: 4028.9 | AB37: 4053.8 | AC37: 4447 | AD37: 4533.1 | AE37: 5041.9 | AF37: 5180.6 | AG37: 6274.5 | AH37: 6544.5 | AI37: 6608.1 | AJ37: 6875.1 | AK37: 7007.1 | AL37: 7178.2
A38: 35 | B38: کارهای دستمزدی | C38: 1029.1 | D38: 1075.7 | E38: 1085.5 | F38: 1095 | G38: 1112.3 | H38: 1141 | I38: 1390.2 | J38: 1452.4 | K38: 1479.2 | L38: 1514 | M38: 1848.6 | N38: 2019.7 | O38: 2033.3 | P38: 2063.6 | Q38: 2266.5 | R38: 2380 | S38: 3124.9 | T38: 3272.5 | U38: 3279.6 | V38: 3296.3 | W38: 4285.2 | X38: 4367.6 | Y38: 4641.2 | Z38: 4812.6 | AA38: 4812.6 | AB38: 4812.6 | AC38: 5948.4 | AD38: 6150.5 | AE38: 6309.3 | AF38: 6472.9 | AG38: 8058.8 | AH38: 8375.9 | AI38: 8388.9 | AJ38: 8738.4 | AK38: 8816.1 | AL38: 8893.8
A39: شاخص رشته تاسیسات مکانیکی | C39: 942.2 | D39: 1059.8 | E39: 1190.6 | F39: 1300.8 | G39: 1372.3 | H39: 1389.8 | I39: 1599.7 | J39: 1567.1 | K39: 1648.3 | L39: 1780.5 | M39: 2127.3 | N39: 2500.6 | O39: 2714.8 | P39: 2909.3 | Q39: 3242.9 | R39: 3337.5 | S39: 3870.8 | T39: 4102.4 | U39: 4195.8 | V39: 4260.3 | W39: 4937.3 | X39: 4966.2 | Y39: 5272.9 | Z39: 5963.6 | AA39: 6095.9 | AB39: 6386.4 | AC39: 6957.5 | AD39: 6990.6 | AE39: 7359.3 | AF39: 7585.5 | AG39: 8523.1 | AH39: 8636.1 | AI39: 9351.9 | AJ39: 10073.4 | AK39: 10309.5 | AL39: 10544.5

Sheet ابنیه
A2: شماره فصل | B2: شرح | C2: 1397 | I2: 1398 | M2: 1399 | S2: 1400 | W2: 1401 | AC2: 1402 | AG2: 1403
C3: اول | D3: تیر | E3: مرداد | F3: شهریور | G3: سوم | H3: چهارم | I3: اول | J3: دوم | K3: سوم | L3: چهارم | M3: اول | N3: تیر | O3: مرداد | P3: شهریور | Q3: سوم | R3: چهارم | S3: اول | T3: دوم | U3: سوم | V3: چهارم | W3: اول | X3: دوم | Y3: سوم | Z3: دی | AA3: بهمن | AB3: اسفند | AC3: اول | AD3: دوم | AE3: سوم | AF3: چهارم | AG3: اول | AH3: دوم | AI3: سوم | AJ3: دی | AK3: بهمن | AL3: اسفند
A4: 1 | B4: عملیات تخریب و برچیدن | C4: 1120.3 | D4: 1157.5 | E4: 1159.5 | F4: 1161.4 | G4: 1180.8 | H4: 1211.8 | I4: 1508.8 | J4: 1572.1 | K4: 1598.3 | L4: 1636.7 | M4: 2056.8 | N4: 2241.8 | O4: 2245.4 | P4: 2253.1 | Q4: 2467.9 | R4: 2584.3 | S4: 3432.3 | T4: 3543.6 | U4: 3545.1 | V4: 3550.5 | W4: 4466.6 | X4: 4527.4 | Y4: 5119.6 | Z4: 5270.3 | AA4: 5270.3 | AB4: 5270.3 | AC4: 6536.2 | AD4: 6726.6 | AE4: 6861.5 | AF4: 7012.8 | AG4: 8830.5 | AH4: 9131.9 | AI4: 9158.5 | AJ4: 9541.6 | AK4: 9620.8 | AL4: 9714.8
A5: 2 | B5: عملیات خاکی با دست | C5: 986.4 | D5: 1031.4 | E5: 1044 | F5: 1051.6 | G5: 1075.6 | H5: 1105.4 | I5: 1355 | J5: 1416.8 | K5: 1457.5 | L5: 1498.7 | M5: 1852.2 | N5: 2948.6 | O5: 2083.1 | P5: 2132.1 | Q5: 2327 | R5: 2432.6 | S5: 3192.4 | T5: 3339.9 | U5: 3373.5 | V5: 3414.7 | W5: 4346.6 | X5: 4418.7 | Y5: 4791.3 | Z5: 5027.6 | AA5: 5029.4 | AB5: 5056.6 | AC5: 6198.3 | AD5: 6412.8 | AE5: 6620 | AF5: 6782.4 | AG5: 8399.3 | AH5: 8773.1 | AI5: 8803.4 | AJ5: 9167 | AK5: 9271.2 | AL5: 9379.3
A6: 3 | B6: عملیات خاکی با ماشین | C6: 1104.1 | D6: 1252.9 | E6: 1324.3 | F6: 1393.6 | G6: 1397.4 | H6: 1415.7 | I6: 1628.7 | J6: 1724.8 | K6: 1840.5 | L6: 1953.4 | M6: 2337 | N6: 2742.4 | O6: 2864.9 | P6: 3121.6 | Q6: 3396.7 | R6: 3591.7 | S6: 4633.9 | T6: 5028 | U6: 5078.1 | V6: 5257 | W6: 6534.9 | X6: 6744.8 | Y6: 7198.1 | Z6: 7659.8 | AA6: 7659.8 | AB6: 7659.8 | AC6: 9101 | AD6: 9651.9 | AE6: 9759.6 | AF6: 10088.5 | AG6: 11832 | AH6: 12353.7 | AI6: 12596.1 | AJ6: 13670.1 | AK6: 13851.4 | AL6: 14083.1
A7: 4 | B7: عملیات بنایی با سنگ | C7: 783.7 | D7: 831.7 | E7: 858 | F7: 866.7 | G7: 917.6 | H7: 945.4 | I7: 1098 | J7: 1177.7 | K7: 1268.7 | L7: 1312.9 | M7: 1632.9 | N7: 1844.4 | O7: 1907.1 | P7: 2019.2 | Q7: 2228.1 | R7: 2327.8 | S7: 2975.1 | T7: 3256.1 | U7: 3362.7 | V7: 3469.3 | W7: 4096.8 | X7: 4301.2 | Y7: 4798.2 | Z7: 5130.5 | AA7: 5139.8 | AB7: 5239 | AC7: 6128.2 | AD7: 6364.8 | AE7: 6865.6 | AF7: 6952.1 | AG7: 8325.3 | AH7: 8817.1 | AI7: 8980.5 | AJ7: 9238.8 | AK7: 9508.3 | AL7: 9656.7
A8: 5 | B8: قالب بندی چوبی | C8: 668.2 | D8: 746.8 | E8: 801 | F8: 841.3 | G8: 839.6 | H8: 849.2 | I8: 968.3 | J8: 988.2 | K8: 998.6 | L8: 1031 | M8: 1272.2 | N8: 1464 | O8: 1471 | P8: 1567.7 | Q8: 1700 | R8: 1818.4 | S8: 2304.6 | T8: 2581.1 | U8: 2772.5 | V8: 2804.2 | W8: 3465.2 | X8: 3567.8 | Y8: 3629.3 | Z8: 3939.8 | AA8: 3947.1 | AB8: 4058.5 | AC8: 4568.8 | AD8: 4663.5 | AE8: 4789.4 | AF8: 4852.2 | AG8: 5655.6 | AH8: 5893.3 | AI8: 6090.7 | AJ8: 6434.8 | AK8: 6633.8 | AL8: 6809.7
A9: 6 | B9: قالب بندی فلزی | C9: 865.2 | D9: 960.6 | E9: 970.5 | F9: 985.9 | G9: 1036 | H9: 1100 | I9: 1300.5 | J9: 1241.9 | K9: 1255.3 | L9: 1472.8 | M9: 1775.2 | N9: 2154.7 | O9: 2204.8 | P9: 2299 | Q9: 2715.8 | R9: 2842.6 | S9: 3210.6 | T9: 3560.6 | U9: 3524.1 | V9: 3426.5 | W9: 3910.3 | X9: 3693.9 | Y9: 4228.6 | Z9: 4523 | AA9: 4664.5 | AB9: 5200.4 | AC9: 5574.8 | AD9: 5413.6 | AE9: 5209.8 | AF9: 5578.1 | AG9: 6044.9 | AH9: 6090.1 | AI9: 6877.8 | AJ9: 7123.2 | AK9: 7184.6 | AL9: 7273.8
A10: 7 | B10: کارهای فولادی با میلگرد | C10: 886.3 | D10: 1039.3 | E10: 1317.2 | F10: 1366.6 | G10: 1267.2 | H10: 1246.5 | I10: 1470.6 | J10: 1295.6 | K10: 1349.6 | L10: 1702.4 | M10: 1921.6 | N10: 2928.5 | O10: 3160.6 | P10: 3346.4 | Q10: 3533.6 | R10: 3750.2 | S10: 4141.8 | T10: 4817.1 | U10: 4670 | V10: 4583 | W10: 5317 | X10: 4865 | Y10: 4876 | Z10: 5788.7 | AA10: 6480.6 | AB10: 7637.1 | AC10: 7689.3 | AD10: 7289.8 | AE10: 7008.5 | AF10: 7339.4 | AG10: 8204.4 | AH10: 8600.6 | AI10: 8879.4 | AJ10: 9325 | AK10: 9882.3 | AL10: 10794.8
A11: 8 | B11: بتن درجا | C11: 790.2 | D11: 825.4 | E11: 868.4 | F11: 874.6 | G11: 906.6 | H11: 925.8 | I11: 1055.5 | J11: 1189.6 | K11: 1247.8 | L11: 1281.7 | M11: 1500.5 | N11: 1707.2 | O11: 1751.4 | P11: 1840.6 | Q11: 2043.4 | R11: 2111.1 | S11: 2713.5 | T11: 3199.6 | U11: 3121.7 | V11: 3217.4 | W11: 3835.8 | X11: 4120.2 | Y11: 4353.6 | Z11: 4547.8 | AA11: 4569.9 | AB11: 4914.9 | AC11: 5709.3 | AD11: 6115 | AE11: 6441.6 | AF11: 6530.6 | AG11: 7718.9 | AH11: 8689.4 | AI11: 8781.5 | AJ11: 9147.8 | AK11: 9450.2 | AL11: 9787.4
A12: 9 | B12: کارهای فولادی سنگین | C12: 901.1 | D12: 1009.4 | E12: 1187.4 | F12: 1220.4 | G12: 1239.2 | H12: 1309.8 | I12: 1578.8 | J12: 1502.9 | K12: 1568.6 | L12: 1994.5 | M12: 2274.9 | N12: 3027.9 | O12: 3328.4 | P12: 3443.4 | Q12: 3812.4 | R12: 4157.5 | S12: 4941.6 | T12: 5521.4 | U12: 5466 | V12: 5272.7 | W12: 5873.6 | X12: 5567 | Y12: 5780.9 | Z12: 6830.6 | AA12: 7459.1 | AB12: 8307.6 | AC12: 8243.1 | AD12: 7906.6 | AE12: 7044 | AF12: 8776.9 | AG12: 9495.9 | AH12: 9370.1 | AI12: 9586.9 | AJ12: 10281.4 | AK12: 10873.3 | AL12: 11741.1
A13: 10 | B13: سقف سبک بتنی | C13: 743.3 | D13: 782.1 | E13: 813.6 | F13: 822.6 | G13: 845 | H13: 862.4 | I13: 999.7 | J13: 1096.8 | K13: 1140.4 | L13: 1174.2 | M13: 1399.4 | N13: 1578.7 | O13: 1609 | P13: 1669.5 | Q13: 1895.4 | R13: 1967.9 | S13: 2526.2 | T13: 2868.5 | U13: 2867.9 | V13: 2935.7 | W13: 3555.8 | X13: 3744.8 | Y13: 4020.7 | Z13: 4225.5 | AA13: 4241.2 | AB13: 4464 | AC13: 5217.3 | AD13: 5516.6 | AE13: 5764 | AF13: 5851.4 | AG13: 6978.2 | AH13: 7610.3 | AI13: 7704.5 | AJ13: 8050.7 | AK13: 8282 | AL13: 8507.9
A14: 11 | B14: آجرکاری و شفته ریزی | C14: 898.8 | D14: 949.7 | E14: 964 | F14: 969.9 | G14: 1007.3 | H14: 1033.9 | I14: 1201.1 | J14: 1288.7 | K14: 1403.4 | L14: 1446.4 | M14: 1763.3 | N14: 2001.9 | O14: 2028 | P14: 2123 | Q14: 2429.5 | R14: 2522.8 | S14: 3177.4 | T14: 3434.5 | U14: 3549.9 | V14: 3655.8 | W14: 4492.2 | X14: 4651.3 | Y14: 5166.4 | Z14: 5416.6 | AA14: 5426.7 | AB14: 5666.3 | AC14: 6528 | AD14: 6852.2 | AE14: 7413.1 | AF14: 7482.3 | AG14: 8858.4 | AH14: 9323.5 | AI14: 9644 | AJ14: 9919.4 | AK14: 10224.5 | AL14: 10350.4
A15: 12 | B15: بتن پیش ساخته و بلوک چینی | C15: 884.2 | D15: 951.4 | E15: 971.6 | F15: 984.8 | G15: 1012 | H15: 1031.2 | I15: 1170.2 | J15: 1276.5 | K15: 1315.1 | L15: 1345.6 | M15: 1574.1 | N15: 1770.9 | O15: 1800.4 | P15: 1923.8 | Q15: 2160.3 | R15: 2240.2 | S15: 2896.7 | T15: 3119.3 | U15: 3265.7 | V15: 3346.9 | W15: 4140.1 | X15: 4327.9 | Y15: 4587.3 | Z15: 4804.7 | AA15: 4821.4 | AB15: 5036 | AC15: 5941.9 | AD15: 6245.4 | AE15: 6552.5 | AF15: 6645.8 | AG15: 8035.6 | AH15: 8777.4 | AI15: 8835.7 | AJ15: 9066.4 | AK15: 9198.9 | AL15: 9314.7
... A32: 29 | B32: کارهای دستمزدی | C32: 1015.2 | D32: 1061.2 | E32: 1070.9 | F32: 1080.2 | G32: 1097.3 | H32: 1125.6 | I32: 1371.5 | J32: 1432.8 | K32: 1459.2 | L32: 1493.5 | M32: 1823.6 | N32: 1992.3 | O32: 2005.8 | P32: 2035.6 | Q32: 2235.8 | R32: 2347.8 | S32: 3082.7 | T32: 3228.2 | U32: 3235.3 | V32: 3251.7 | W32: 4227.2 | X32: 4308.5 | Y32: 4578.4 | Z32: 4747.5 | AA32: 4747.5 | AB32: 4747.5 | AC32: 5867.9 | AD32: 6067.3 | AE32: 6224 | AF32: 6385.4 | AG32: 7949.8 | AH32: 8262.7 | AI32: 8275.5 | AJ32: 8620.3 | AK32: 8696.9 | AL32: 8773.5
A33: شاخص رشته ابنیه | C33: 823.2 | D33: 918.5 | E33: 1054.8 | F33: 1088.3 | G33: 1089.9 | H33: 1105.5 | I33: 1294.3 | J33: 1272.8 | K33: 1327.5 | L33: 1521.5 | M33: 1770.9 | N33: 2276.5 | O33: 2425.8 | P33: 2553.3 | Q33: 2801.6 | R33: 2977.6 | S33: 3538.3 | T33: 3968.8 | U33: 3959.9 | V33: 3936.3 | W33: 4600.9 | X33: 4515.8 | Y33: 4705.9 | Z33: 5297.4 | AA33: 5625.9 | AB33: 6197.6 | AC33: 6608.7 | AD33: 6535.8 | AE33: 6665.9 | AF33: 6970.7 | AG33: 7917.3 | AH33: 8239 | AI33: 8463.5 | AJ33: 8913.6 | AK33: 9278.5 | AL33: 9744.7

Sheet تاسیسات برقی
A2: شماره فصل | B2: شرح | C2: 1397 | I2: 1398 | M2: 1399 | S2: 1400 | W2: 1401 | AC2: 1402 | AG2: 1403
C3: اول | D3: تیر | E3: مرداد | F3: شهریور | G3: سوم | H3: چهارم | I3: اول | J3: دوم | K3: سوم | L3: چهارم | M3: اول | N3: تیر | O3: مرداد | P3: شهریور | Q3: سوم | R3: چهارم | S3: اول | T3: دوم | U3: سوم | V3: چهارم | W3: اول | X3: دوم | Y3: سوم | Z3: دی | AA3: بهمن | AB3: اسفند | AC3: اول | AD3: دوم | AE3: سوم | AF3: چهارم | AG3: اول | AH3: دوم | AI3: سوم | AJ3: دی | AK3: بهمن | AL3: اسفند
A4: 1 | B4: چراغ های فلورسنت | C4: 733.7 | D4: 760.6 | E4: 887.1 | F4: 924.4 | G4: 936.9 | H4: 992.5 | I4: 1082.5 | J4: 1150.1 | K4: 1163 | L4: 1192.3 | M4: 1400.6 | N4: 1604.3 | O4: 1668.2 | P4: 1849.3 | Q4: 1998 | R4: 2108.9 | S4: 2392.7 | T4: 2505 | U4: 2526.8 | V4: 2607.9 | W4: 2812.4 | X4: 2951.3 | Y4: 3292.7 | Z4: 3546.4 | AA4: 3781.8 | AB4: 4017.1 | AC4: 4336.3 | AD4: 4356.5 | AE4: 4571.7 | AF4: 4582.8 | AG4: 5125.4 | AH4: 5153 | AI4: 5627.7 | AJ4: 6114.8 | AK4: 6125.4 | AL4: 6644.9
A5: 2 | B5: چراغ ها با لامپهای کم مصرف | C5: 948.3 | D5: 984.1 | E5: 1104.4 | F5: 1140.9 | G5: 1156.9 | H5: 1214.8 | I5: 1366.1 | J5: 1462.2 | K5: 1467.1 | L5: 1491.6 | M5: 1731.9 | N5: 2002.5 | O5: 2159.5 | P5: 2338.4 | Q5: 2394.3 | R5: 2566 | S5: 2995.4 | T5: 3132.9 | U5: 3153.4 | V5: 3232.1 | W5: 3630.9 | X5: 3729.3 | Y5: 4188.3 | Z5: 4468.8 | AA5: 4695.8 | AB5: 4908.3 | AC5: 5461 | AD5: 5516.7 | AE5: 5669.3 | AF5: 5713.6 | AG5: 6525.5 | AH5: 6614.7 | AI5: 7036.6 | AJ5: 7615.9 | AK5: 7636.4 | AL5: 8325
A6: 3 | B6: چراغ های صنعتی | C6: 849.3 | D6: 934.2 | E6: 1044.8 | F6: 1091 | G6: 1162.6 | H6: 1280.8 | I6: 1376.6 | J6: 1486.7 | K6: 1490.6 | L6: 1516.5 | M6: 1753.4 | N6: 1965.9 | O6: 2044.2 | P6: 2304.9 | Q6: 2544.2 | R6: 2335.2 | S6: 2702.7 | T6: 2826.5 | U6: 2828.7 | V6: 2977.4 | W6: 3208.4 | X6: 3377.1 | Y6: 3766.6 | Z6: 4055.2 | AA6: 4317.1 | AB6: 4585.6 | AC6: 5155.7 | AD6: 5184.8 | AE6: 5368.5 | AF6: 5385.2 | AG6: 6001.3 | AH6: 6038.8 | AI6: 6572.9 | AJ6: 7116.3 | AK6: 7128.1 | AL6: 7981.6
A7: 4 | B7: چراغ های فضای ازاد | C7: 862.2 | D7: 943.7 | E7: 1008 | F7: 1076.6 | G7: 1091.1 | H7: 1157.7 | I7: 1254.4 | J7: 1324.5 | K7: 1334.6 | L7: 1372.9 | M7: 1554.9 | N7: 1748.3 | O7: 1857.3 | P7: 2077.1 | Q7: 2040.1 | R7: 2050.8 | S7: 2373.8 | T7: 2496.3 | U7: 2502.2 | V7: 2635.2 | W7: 2859.6 | X7: 3028.9 | Y7: 3361.4 | Z7: 3620.2 | AA7: 3781.7 | AB7: 4035.2 | AC7: 4448.9 | AD7: 4494.3 | AE7: 4646.9 | AF7: 4674.7 | AG7: 5280.4 | AH7: 5341.5 | AI7: 5761.3 | AJ7: 6248 | AK7: 6269.5 | AL7: 6731.1
A8: 5 | B8: چراغ های مخصوص | C8: 886.3 | D8: 965.4 | E8: 1042.5 | F8: 1118.5 | G8: 1201.4 | H8: 1329.5 | I8: 1444 | J8: 1548.5 | K8: 1552.9 | L8: 1593.4 | M8: 1781.4 | N8: 2056.3 | O8: 2159.4 | P8: 2524.9 | Q8: 2452.1 | R8: 2513.3 | S8: 2866.3 | T8: 2976.8 | U8: 3143.7 | V8: 3219.6 | W8: 3492.2 | X8: 3718.3 | Y8: 4055.4 | Z8: 4371.3 | AA8: 4580 | AB8: 4967.2 | AC8: 5684.4 | AD8: 5705 | AE8: 5588.5 | AF8: 5599.9 | AG8: 6323.5 | AH8: 6351 | AI8: 6765.4 | AJ8: 7504.5 | AK8: 7515.2 | AL8: 8291.2
A9: 6 | B9: سیم ها | C9: 1388.9 | D9: 1424.9 | E9: 1656.3 | F9: 1882.5 | G9: 1806 | H9: 1633.4 | I9: 2102.2 | J9: 2084.2 | K9: 2066.3 | L9: 2142.6 | M9: 2417.8 | N9: 2997 | O9: 3231.6 | P9: 3529.2 | Q9: 3991.8 | R9: 4526.2 | S9: 4946.9 | T9: 4956.8 | U9: 5485.9 | V9: 5714.1 | W9: 6135.1 | X9: 6150.6 | Y9: 6752.8 | Z9: 7161.1 | AA9: 8384 | AB9: 8749.2 | AC9: 9033.4 | AD9: 9006.3 | AE9: 9382.7 | AF9: 10038.2 | AG9: 11925.1 | AH9: 12028.3 | AI9: 12657.6 | AJ9: 14259.7 | AK9: 14282.4 | AL9: 15445.1
A10: 7 | B10: کابلهای فشار ضعیف | C10: 1459.9 | D10: 1819 | E10: 1839.8 | F10: 2206.7 | G10: 2313 | H10: 2058.6 | I10: 2568 | J10: 2504.6 | K10: 2480.9 | L10: 2590.8 | M10: 2853.4 | N10: 3690.8 | O10: 4041.5 | P10: 4545.5 | Q10: 6138.6 | R10: 6841 | S10: 7216 | T10: 7227 | U10: 7898.9 | V10: 8505.4 | W10: 8719.7 | X10: 8773.4 | Y10: 9868.4 | Z10: 10109.9 | AA10: 12372.6 | AB10: 12481.5 | AC10: 12297.7 | AD10: 12145.4 | AE10: 12811.7 | AF10: 13798 | AG10: 16391.8 | AH10: 16412 | AI10: 17094.6 | AJ10: 19595 | AK10: 19652.6 | AL10: 21302.4
A11: 8 | B11: کابلشوها | C11: 1202.8 | D11: 1286.3 | E11: 1347.1 | F11: 1438.2 | G11: 1409.7 | H11: 1428.3 | I11: 1817.6 | J11: 1865.2 | K11: 1812.1 | L11: 1876.5 | M11: 2268.7 | N11: 2525.7 | O11: 2613.4 | P11: 2690 | Q11: 3255.2 | R11: 3385.8 | S11: 4025.1 | T11: 4155.6 | U11: 4413.9 | V11: 4485.1 | W11: 5416.2 | X11: 5489.7 | Y11: 5784.8 | Z11: 6110.5 | AA11: 6249 | AB11: 6441.7 | AC11: 7276.3 | AD11: 7396 | AE11: 8010.9 | AF11: 8347.6 | AG11: 10636.8 | AH11: 10716 | AI11: 10824.8 | AJ11: 11571.9 | AK11: 11766.4 | AL11: 12292.7
A12: 9 | B12: کابلهای فشار متوسط | C12: 1187.2 | D12: 1232.2 | E12: 1349.7 | F12: 1582.5 | G12: 1498.6 | H12: 1338.7 | I12: 1614.9 | J12: 1569.3 | K12: 1597.6 | L12: 1734.5 | M12: 1868.3 | N12: 2425.6 | O12: 2708.1 | P12: 2923.7 | Q12: 3573.9 | R12: 3872.4 | S12: 4160.1 | T12: 4363.2 | U12: 4724.5 | V12: 4835.6 | W12: 5165.3 | X12: 5031.3 | Y12: 5541.6 | Z12: 6424.4 | AA12: 7597.9 | AB12: 8049.3 | AC12: 8083.7 | AD12: 8104.6 | AE12: 8881.1 | AF12: 9580 | AG12: 11826.9 | AH12: 12042.9 | AI12: 12043.6 | AJ12: 13645 | AK12: 14279 | AL12: 15181.1
A13: 10 | B13: سرکابلها و مفصلها | C13: 606.4 | D13: 686.7 | E13: 784.5 | F13: 913.7 | G13: 909.8 | H13: 917.1 | I13: 1204.7 | J13: 1225.1 | K13: 1113.9 | L13: 1122.4 | M13: 1340.4 | N13: 1518.5 | O13: 1596.5 | P13: 1660.3 | Q13: 1549.2 | R13: 1596.7 | S13: 1875.7 | T13: 1927.5 | U13: 2063.4 | V13: 2097.7 | W13: 2615.9 | X13: 2708.3 | Y13: 2720.9 | Z13: 2842.6 | AA13: 2862.4 | AB13: 3056.3 | AC13: 3588 | AD13: 3642.7 | AE13: 3885.4 | AF13: 3940.4 | AG13: 4676.4 | AH13: 4909.9 | AI13: 5035.8 | AJ13: 5513.3 | AK13: 5608.9 | AL13: 5719.4
A14: 11 | B14: کلید پریز | C14: 1029.1 | D14: 1073.3 | E14: 1110.1 | F14: 1297.1 | G14: 1228.4 | H14: 1237.6 | I14: 1489.5 | J14: 1516.6 | K14: 1578.8 | L14: 1608.9 | M14: 1826.8 | N14: 2059.8 | O14: 2201.5 | P14: 2335.1 | Q14: 2382.4 | R14: 2741.2 | S14: 3236.9 | T14: 3336 | U14: 3488 | V14: 3506.2 | W14: 4121.1 | X14: 4158.3 | Y14: 4454.9 | Z14: 4765.6 | AA14: 4774.6 | AB14: 4875.3 | AC14: 5911.7 | AD14: 5999.9 | AE14: 6310.9 | AF14: 6417.4 | AG14: 7904.5 | AH14: 8048.7 | AI14: 7847.9 | AJ14: 8501.9 | AK14: 8640.5 | AL14: 8965.7
A15: 12 | B15: لوله های فولادی | C15: 873.7 | D15: 902 | E15: 1077.4 | F15: 1205.3 | G15: 1228 | H15: 1216.6 | I15: 1268.6 | J15: 1262.8 | K15: 1373.7 | L15: 1435.8 | M15: 1810.3 | N15: 2101.4 | O15: 2236.7 | P15: 2361.2 | Q15: 2369.5 | R15: 2662.6 | S15: 3208.3 | T15: 3294.7 | U15: 3399.8 | V15: 3322.4 | W15: 3847.9 | X15: 3899.5 | Y15: 4076.8 | Z15: 4326.9 | AA15: 4680.9 | AB15: 4837.8 | AC15: 5369.9 | AD15: 5441.8 | AE15: 5859.1 | AF15: 5943.1 | AG15: 6836.9 | AH15: 6967.6 | AI15: 7225.3 | AJ15: 7573.6 | AK15: 7670.9 | AL15: 7769.3
... A27: 24 | B27: سیستم آنتن تلوزیون | C27: 742.6 | D27: 797.8 | E27: 857.7 | F27: 947.5 | G27: 812.1 | H27: 816.5 | I27: 968.8 | J27: 984.5 | K27: 1008.7 | L27: 1038.7 | M27: 1223.2 | N27: 1393.6 | O27: 1471.1 | P27: 1578.7 | Q27: 1905 | R27: 2044.8 | S27: 2332 | T27: 2419.6 | U27: 2506.6 | V27: 2533.6 | W27: 2920.7 | X27: 2886.9 | Y27: 3214.5 | Z27: 3479.1 | AA27: 3861 | AB27: 3974 | AC27: 4284.5 | AD27: 4342 | AE27: 4483.5 | AF27: 4793.6 | AG27: 5576.7 | AH27: 5671.7 | AI27: 5857.9 | AJ27: 6237 | AK27: 6256.3 | AL27: 6478.4
A28: 25 | B28: سیستم مادر ساعت | C28: 2301 | D28: 2427 | E28: 2594.2 | F28: 3401.3 | G28: 2803.4 | H28: 2803.9 | I28: 3253.4 | J28: 3365.8 | K28: 3283 | L28: 3367 | M28: 3809.9 | N28: 4677.3 | O28: 5285.6 | P28: 6150.3 | Q28: 6121.7 | R28: 6123.6 | S28: 6318.5 | T28: 6443.6 | U28: 6869.7 | V28: 6566.4 | W28: 6910.4 | X28: 7055.5 | Y28: 7760 | Z28: 8024.7 | AA28: 8870.6 | AB28: 9065.9 | AC28: 9983.8 | AD28: 9988.3 | AE28: 9992.6 | AF28: 10444.3 | AG28: - | AH28: - | AI28: - | AJ28: - | AK28: - | AL28: -
A29: 26 | B29: وسایل اعلام و اطفای حریق | C29: 935 | D29: 1432.5 | E29: 1511.1 | F29: 1555.6 | G29: 1720.7 | H29: 1844.1 | I29: 2191.5 | J29: 1935.2 | K29: 2174.1 | L29: 2287.3 | M29: 2701.1 | N29: 3282.5 | O29: 3695.6 | P29: 4246.1 | Q29: 4260.8 | R29: 4273.9 | S29: 4480 | T29: 4578.4 | U29: 4738.8 | V29: 4740 | W29: 4935.9 | X29: 4946.3 | Y29: 5620.8 | Z29: 6022.9 | AA29: 6395.3 | AB29: 6395.4 | AC29: 6659.2 | AD29: 7109.8 | AE29: 7210.7 | AF29: 7487 | AG29: 8698.1 | AH29: 8470.7 | AI29: 8665.3 | AJ29: 9853 | AK29: 9862.3 | AL29: 11126.9
A30: 27 | B30: وسایل صوتی | C30: 872 | D30: 1134.1 | E30: 1444.1 | F30: 1491.6 | G30: 1373.3 | H30: 1380 | I30: 1607.6 | J30: 1618.8 | K30: 1625.5 | L30: 1656.7 | M30: 1918.4 | N30: 2341.6 | O30: 2638.6 | P30: 3037.6 | Q30: 3084.8 | R30: 3124.9 | S30: 3355.4 | T30: 3433.4 | U30: 3531.5 | V30: 3862.3 | W30: 4319 | X30: 4346.8 | Y30: 5165.3 | Z30: 5415.8 | AA30: 5735 | AB30: 5739.8 | AC30: 6300.3 | AD30: 6738.8 | AE30: 6749.8 | AF30: 6917.7 | AG30: 7304.7 | AH30: 7612.2 | AI30: 7584.2 | AJ30: 9665.2 | AK30: 9669.6 | AL30: 10331.3
A31: 28 | B31: وسایل متفرقه | C31: 615.6 | D31: 668.6 | E31: 770.7 | F31: 816.4 | G31: 866 | H31: 875.4 | I31: 992.8 | J31: 988.3 | K31: 1054 | L31: 1084.8 | M31: 1528.7 | N31: 1645.8 | O31: 1764.4 | P31: 1922.2 | Q31: 1983.9 | R31: 2165.3 | S31: 2673.8 | T31: 2743.5 | U31: 2821.2 | V31: 2706.3 | W31: 3045.5 | X31: 3067.5 | Y31: 3325.6 | Z31: 3541.9 | AA31: 3760.8 | AB31: 3809.3 | AC31: 4002 | AD31: 4059.4 | AE31: 4557.7 | AF31: 4599 | AG31: 5335.7 | AH31: 5284.5 | AI31: 5237.4 | AJ31: 5434.2 | AK31: 5542.5 | AL31: 5648.5
A32: 29 | B32: سیستم شبکه های اطلاع رسانی | C32: 849.1 | D32: 919.3 | E32: 986.1 | F32: 1052.5 | G32: 1187.4 | H32: 1189.8 | I32: 1490.3 | J32: 1462.5 | K32: 1438.5 | L32: 1473 | M32: 1734.4 | N32: 2092 | O32: 2357 | P32: 2682.9 | Q32: 2913.3 | R32: 3293.6 | S32: 3516.7 | T32: 3633 | U32: 3732.8 | V32: 3942.8 | W32: 4195.4 | X32: 4205 | Y32: 4526.4 | Z32: 4652.7 | AA32: 5335.4 | AB32: 5550.1 | AC32: 5784.6 | AD32: 5922.1 | AE32: 6248.5 | AF32: 6462.6 | AG32: 7619.5 | AH32: 7654.9 | AI32: 7987.1 | AJ32: 8659.3 | AK32: 8713.3 | AL32: 9283.7
A33: 30 | B33: سیستم نظارت تصویری | C33: - | D33: - | E33: - | F33: - | G33: - | H33: - | I33: - | J33: - | K33: - | L33: - | M33: - | N33: - | O33: - | P33: - | Q33: - | R33: - | S33: - | T33: - | U33: - | V33: - | W33: - | X33: - | Y33: - | Z33: - | AA33: - | AB33: - | AC33: - | AD33: - | AE33: - | AF33: - | AG33: 8320 | AH33: 9040 | AI33: 9016 | AJ33: 9064 | AK33: 9088 | AL33: 9232
A34: 34 | B34: اینورتر سامانه های تجدید پذیر | C34: - | D34: - | E34: - | F34: - | G34: - | H34: - | I34: - | J34: - | K34: - | L34: 2000 | M34: 2288 | N34: 2612 | O34: 2864 | P34: 3170 | Q34: 3800 | R34: 3560 | S34: 4343.2 | T34: 4343.2 | U34: 4378.8 | V34: 5340 | W34: 5425.4 | X34: 5799.2 | Y34: 6675 | Z34: 8597.4 | AA34: 8650.8 | AB34: 8490.6 | AC34: 9084.9 | AD34: 9254.8 | AE34: 10018.9 | AF34: 10443.4 | AG34: 12323.2 | AH34: 11487.7 | AI34: 12595 | AJ34: 12866 | AK34: 12981 | AL34: 13753
A35: 35 | B35: پنل خورشیدی | C35: - | D35: - | E35: - | F35: - | G35: - | H35: - | I35: - | J35: - | K35: - | L35: 2000 | M35: 2270 | N35: 2600 | O35: 2860 | P35: 3160 | Q35: 3840 | R35: 3700 | S35: 3774 | T35: 3811 | U35: 3885 | V35: 3885 | W35: 3947.2 | X35: 4219.1 | Y35: 4933.9 | Z35: 4895.1 | AA35: 4972.8 | AB35: 6060.6 | AC35: 6484.8 | AD35: 6181.8 | AE35: 6181.8 | AF35: 6242.4 | AG35: 6367.2 | AH35: 6679.4 | AI35: 7291.1 | AJ35: 7440.9 | AK35: 7097.6 | AL35: 7166.2
A36: 36 | B36: سازه های نگهدارنده پنل های خورشیدی | C36: - | D36: - | E36: - | F36: - | G36: - | H36: - | I36: - | J36: - | K36: - | L36: 2000 | M36: 2224 | N36: 3040 | O36: 3440 | P36: 3504 | Q36: 3960 | R36: 4100 | S36: 4756 | T36: 5002 | U36: 4797 | V36: 4715 | W36: 5092.2 | X36: 5233.7 | Y36: 5469.4 | Z36: 6176.7 | AA36: 6789.6 | AB36: 7355.4 | AC36: 7649.6 | AD36: 8164.5 | AE36: 9341.3 | AF36: 9341.3 | AG36: 10088.6 | AH36: 10462.3 | AI36: 12097 | AJ36: 12564 | AK36: 12611 | AL36: 12704.1
A37: 37 | B37: کنترل کننده شارژ سامانه های خورشیدی | C37: - | D37: - | E37: - | F37: - | G37: - | H37: - | I37: - | J37: - | K37: - | L37: 2000 | M37: 2288 | N37: 2600 | O37: 2860 | P37: 3160 | Q37: 3600 | R37: 3480 | S37: 4245.6 | T37: 4245.6 | U37: 4350 | V37: 4176 | W37: 4259.5 | X37: 4568.5 | Y37: 5470.6 | Z37: 5888.2 | AA37: 6013.4 | AB37: 5888.2 | AC37: 6889.2 | AD37: 6948.1 | AE37: 6948 | AF37: 7242.4 | AG37: 8111.5 | AH37: 8256.4 | AI37: 9400.6 | AJ37: 9407.8 | AK37: 9777.2 | AL37: 9849.6
A38: 38 | B38: باتری سامانه‌های تجدید پذیر | C38: - | D38: - | E38: - | F38: - | G38: - | H38: - | I38: - | J38: - | K38: - | L38: 2000 | M38: 2198 | N38: 2720 | O38: 3026 | P38: 3422 | Q38: 3600 | R38: 3500 | S38: 4025 | T38: 4270 | U38: 4445 | V38: 4235 | W38: 4658.5 | X38: 4870.3 | Y38: 5336.1 | Z38: 6733.6 | AA38: 6776 | AB38: 6776 | AC38: 8266.7 | AD38: 8334.5 | AE38: 7995.6 | AF38: 8334.4 | AG38: 8751.1 | AH38: 9251.2 | AI38: 10268 | AJ38: 9704.8 | AK38: 12377 | AL38: 12668
A39: 39 | B39: کارهای دستمزدی | C39: 1029.1 | D39: 1075.7 | E39: 1085.5 | F39: 1095 | G39: 1112.3 | H39: 1141 | I39: 1390.2 | J39: 1452.4 | K39: 1479.2 | L39: 1514 | M39: 1848.6 | N39: 2019.7 | O39: 2033.3 | P39: 2063.6 | Q39: 2266.5 | R39: 2380 | S39: 3124.9 | T39: 3272.5 | U39: 3279.6 | V39: 3296.3 | W39: 4285.2 | X39: 4367.6 | Y39: 4641.2 | Z39: 4812.6 | AA39: 4812.6 | AB39: 4812.6 | AC39: 5948.4 | AD39: 6150.5 | AE39: 6309.3 | AF39: 6472.9 | AG39: 8058.8 | AH39: 8375.9 | AI39: 8388.9 | AJ39: 8738.4 | AK39: 8816.1 | AL39: 8893.8
A40: شاخص رشته برق | C40: 1065.2 | D40: 1216.6 | E40: 1378.1 | F40: 1544.4 | G40: 1570.6 | H40: 1555.5 | I40: 1776.1 | J40: 1741.5 | K40: 1833.8 | L40: 1898.7 | M40: 2252.9 | N40: 2698.6 | O40: 2968.5 | P40: 3307.6 | Q40: 3686.8 | R40: 3772.1 | S40: 4190.7 | T40: 4298.9 | U40: 4598 | V40: 4710.4 | W40: 5151.9 | X40: 5281.6 | Y40: 5758.7 | Z40: 6227.9 | AA40: 6884.9 | AB40: 6992.7 | AC40: 7317.8 | AD40: 7362.8 | AE40: 7796.2 | AF40: 8194.1 | AG40: 9365.6 | AH40: 9648.3 | AI40: 10094.3 | AJ40: 11047 | AK40: 11289.5 | AL40: 12516.6
AC42: 12323.2
AC43: 6367.2
AC44: 10088.6
AC45: 8111.5
AC46: 8751.1
AC47: 8058.8

Sheet راه، راه آهن و باند فرودگاه
A2: شماره فصل | B2: شرح | C2: 1397 | I2: 1398 | M2: 1399 | S2: 1400 | W2: 1401 | AC2: 1402 | AG2: 1403
C3: اول | D3: تیر | E3: مرداد | F3: شهریور | G3: سوم | H3: چهارم | I3: اول | J3: دوم | K3: سوم | L3: چهارم | M3: اول | N3: تیر | O3: مرداد | P3: شهریور | Q3: سوم | R3: چهارم | S3: اول | T3: دوم | U3: سوم | V3: چهارم | W3: اول | X3: دوم | Y3: سوم | Z3: دی | AA3: بهمن | AB3: اسفند | AC3: اول | AD3: دوم | AE3: سوم | AF3: چهارم | AG3: اول | AH3: دوم | AI3: سوم | AJ3: دی | AK3: بهمن | AL3: اسفند
A4: 1 | B4: عملیات تخریب | C4: 1036.5 | D4: 1103.1 | E4: 1125.4 | F4: 1146.4 | G4: 1164 | H4: 1205.5 | I4: 1449.1 | J4: 1522.7 | K4: 1567.5 | L4: 1622.4 | M4: 1971.2 | N4: 2198.1 | O4: 2237.7 | P4: 2321 | Q4: 2552 | R4: 2684.2 | S4: 3507.3 | T4: 3712.1 | U4: 3729.6 | V4: 3788.6 | W4: 4819.9 | X4: 4931.1 | Y4: 5270.8 | Z4: 5541.3 | AA4: 5541.5 | AB4: 5541.7 | AC4: 6776.2 | AD4: 7045.3 | AE4: 7184.7 | AF4: 7385.9 | AG4: 9083.3 | AH4: 9474.8 | AI4: 9493.2 | AJ4: 9995.4 | AK4: 10099.7 | AL4: 10222.4
A5: 2 | B5: عملیات خاکی با دست | C5: 1001.8 | D5: 1054.2 | E5: 1065.5 | F5: 1076.4 | G5: 1102.1 | H5: 1134.9 | I5: 1374.9 | J5: 1435.8 | K5: 1465.5 | L5: 1505.8 | M5: 1853.7 | N5: 2035.8 | O5: 2056.4 | P5: 2099.6 | Q5: 2296.9 | R5: 2462.5 | S5: 3227.1 | T5: 3410.3 | U5: 3431.2 | V5: 3492.7 | W5: 4398.5 | X5: 4479.4 | Y5: 4865.9 | Z5: 5071.6 | AA5: 5071.6 | AB5: 5071.7 | AC5: 6188.8 | AD5: 6393.5 | AE5: 6614 | AF5: 6774 | AG5: 8338.2 | AH5: 8677 | AI5: 8850.6 | AJ5: 9231.6 | AK5: 9310.9 | AL5: 9403.8
A6: 3 | B6: عملیات خاکی با ماشین | C6: 1068.8 | D6: 1210.3 | E6: 1276.9 | F6: 1341.7 | G6: 1348.5 | H6: 1364.8 | I6: 1570.9 | J6: 1661.8 | K6: 1769.7 | L6: 1875.3 | M6: 2247.1 | N6: 2628.9 | O6: 2743.1 | P6: 2982.5 | Q6: 3243.6 | R6: 3447.1 | S6: 4446.9 | T6: 4829.2 | U6: 4880.5 | V6: 5058.5 | W6: 6273.6 | X6: 6470.5 | Y6: 6919.2 | Z6: 7353.5 | AA6: 7353.5 | AB6: 7353.4 | AC6: 8729.6 | AD6: 9244.7 | AE6: 9380.9 | AF6: 9690.2 | AG6: 11364.7 | AH6: 11867.4 | AI6: 12146.7 | AJ6: 13150.1 | AK6: 13320.4 | AL6: 13537.5
A7: 4 | B7: حفاری تونل | C7: 886.4 | D7: 984.1 | E7: 1016.8 | F7: 1048.4 | G7: 1095.9 | H7: 1103.3 | I7: 1263.3 | J7: 1321.7 | K7: 1368.1 | L7: 1423.2 | M7: 1743.4 | N7: 1955.5 | O7: 1986.8 | P7: 2127.7 | Q7: 2297 | R7: 2658.5 | S7: 3428.9 | T7: 3798.2 | U7: 3870.8 | V7: 4110 | W7: 4866.2 | X7: 4969 | Y7: 5532.1 | Z7: 5762.2 | AA7: 5762.2 | AB7: 5762.2 | AC7: 6741.8 | AD7: 6972.2 | AE7: 7462 | AF7: 7629.2 | AG7: 8956.7 | AH7: 9391.5 | AI7: 10177.4 | AJ7: 10642.7 | AK7: 10726.7 | AL7: 10841.1
A8: 5 | B8: عملیات حفاری، شمع کوبی و سپرکوبی | C8: 1028.7 | D8: 1158.2 | E8: 1219 | F8: 1278.1 | G8: 1296.5 | H8: 1382.2 | I8: 1597.3 | J8: 1705 | K8: 1796 | L8: 1900.9 | M8: 2248.9 | N8: 2615.5 | O8: 2727 | P8: 2960.6 | Q8: 3269.7 | R8: 3455.9 | S8: 4463.2 | T8: 4832.2 | U8: 4877.8 | V8: 5040.7 | W8: 6284.9 | X8: 6481.7 | Y8: 6907 | Z8: 7344.7 | AA8: 7344.7 | AB8: 7344.8 | AC8: 8830.7 | AD8: 9263.1 | AE8: 9374.8 | AF8: 9686.6 | AG8: 11643.5 | AH8: 12245.5 | AI8: 12246.2 | AJ8: 13121.8 | AK8: 13292 | AL8: 13508.4
A9: 6 | B9: عملیات بنایی سنگ | C9: 905.4 | D9: 942.6 | E9: 968 | F9: 982.8 | G9: 1022.8 | H9: 1042 | I9: 1237 | J9: 1312.2 | K9: 1346.1 | L9: 1388.3 | M9: 1692 | N9: 1862.8 | O9: 1872.4 | P9: 1923.6 | Q9: 2120.5 | R9: 2256.5 | S9: 2897.1 | T9: 3192.8 | U9: 3150.6 | V9: 3203.7 | W9: 3983.3 | X9: 4099.1 | Y9: 4363.3 | Z9: 4596.4 | AA9: 4612.8 | AB9: 4835.6 | AC9: 5669.7 | AD9: 5908.8 | AE9: 6160.7 | AF9: 6274.4 | AG9: 7618.8 | AH9: 7895.1 | AI9: 8183 | AJ9: 8516.6 | AK9: 8722.7 | AL9: 8884.9
A10: 7 | B10: اندود و بندکشی | C10: 883.6 | D10: 914.9 | E10: 947.1 | F10: 954.5 | G10: 978.8 | H10: 995.1 | I10: 1153.1 | J10: 1263.9 | K10: 1306.3 | L10: 1331.6 | M10: 1552.3 | N10: 1723.8 | O10: 1733.2 | P10: 1766.7 | Q10: 1973.2 | R10: 2052 | S10: 2673.4 | T10: 3075.7 | U10: 2948.5 | V10: 3010.7 | W10: 3788.5 | X10: 3965 | Y10: 4057 | Z10: 4231.1 | AA10: 4246.7 | AB10: 4504.6 | AC10: 5327.7 | AD10: 5687.8 | AE10: 5929.6 | AF10: 6038.9 | AG10: 7224 | AH10: 8029.4 | AI10: 8106.8 | AJ10: 8427 | AK10: 8657.4 | AL10: 8909.4
A11: 8 | B11: قالب بندی و چوب بست | C11: 781.9 | D11: 852.3 | E11: 876.6 | F11: 893.1 | G11: 931.8 | H11: 989.2 | I11: 1139.8 | J11: 1128.1 | K11: 1147.3 | L11: 1277.8 | M11: 1549.4 | N11: 1869.4 | O11: 1912.9 | P11: 1994.6 | Q11: 2204.2 | R11: 2280.9 | S11: 2791.8 | T11: 2989.3 | U11: 3067 | V11: 3033.8 | W11: 3707.3 | X11: 3755.8 | Y11: 3931.8 | Z11: 4207.9 | AA11: 4277.7 | AB11: 4517.3 | AC11: 5149.7 | AD11: 5276.2 | AE11: 5140.7 | AF11: 5380.1 | AG11: 6278.6 | AH11: 6628.3 | AI11: 6633.7 | AJ11: 6870.4 | AK11: 6929.6 | AL11: 7015.7
A12: 9 | B12: کارهای فولادی با میلگرد | C12: 885.2 | D12: 1036.1 | E12: 1317.4 | F12: 1366 | G12: 1270.4 | H12: 1249.4 | I12: 1473.1 | J12: 1300.3 | K12: 1353 | L12: 1703.9 | M12: 1923.7 | N12: 2925 | O12: 3165.4 | P12: 3345.7 | Q12: 3533 | R12: 3753.3 | S12: 4145.7 | T12: 4809.5 | U12: 4670.8 | V12: 4586.7 | W12: 5317.8 | X12: 4872.3 | Y12: 4877 | Z12: 5789.1 | AA12: 6482.3 | AB12: 7640.8 | AC12: 7690.4 | AD12: 7289.7 | AE12: 7007.7 | AF12: 7340.6 | AG12: 8196.3 | AH12: 8590.1 | AI12: 8869.7 | AJ12: 9316.1 | AK12: 9868 | AL12: 10790.7
A13: 10 | B13: کارهای فولادی سنگین | C13: 873.6 | D13: 989.1 | E13: 1144.2 | F13: 1181.2 | G13: 1207 | H13: 1287.2 | I13: 1580.9 | J13: 1470.5 | K13: 1618.3 | L13: 2006.9 | M13: 2297.2 | N13: 3031.7 | O13: 3251.3 | P13: 3323.8 | Q13: 3853.2 | R13: 4214.5 | S13: 5173 | T13: 5764.1 | U13: 5884.5 | V13: 5829.5 | W13: 6665 | X13: 6328 | Y13: 6487 | Z13: 7559 | AA13: 7989.3 | AB13: 8919.1 | AC13: 8795.2 | AD13: 8459.1 | AE13: 8616.1 | AF13: 9520 | AG13: 10107.7 | AH13: 9809.3 | AI13: 10223 | AJ13: 10965.8 | AK13: 11638.9 | AL13: 12407.2
A14: 11 | B14: کارهای فولادی سبک | C14: 874.2 | D14: 951.6 | E14: 1201.1 | F14: 1238 | G14: 1405.5 | H14: 1402.6 | I14: 1637.5 | J14: 1502.9 | K14: 1469.2 | L14: 1890.9 | M14: 2318.6 | N14: 3204.9 | O14: 3324.8 | P14: 3422 | Q14: 3817.6 | R14: 3976.1 | S14: 4519.6 | T14: 5001.2 | U14: 4971.4 | V14: 4841.1 | W14: 5321.1 | X14: 5430.7 | Y14: 5545.1 | Z14: 6360.2 | AA14: 7508 | AB14: 8560.6 | AC14: 8790.9 | AD14: 8688.8 | AE14: 8319.6 | AF14: 9245.1 | AG14: 9813.1 | AH14: 9716.9 | AI14: 11077.9 | AJ14: 11981.5 | AK14: 12151.4 | AL14: 12394
A15: 12 | B15: بتن درجا | C15: 815.7 | D15: 870 | E15: 930.7 | F15: 952.3 | G15: 958.9 | H15: 977.5 | I15: 1071.2 | J15: 1227.7 | K15: 1292.8 | L15: 1334.2 | M15: 1518.8 | N15: 1735.3 | O15: 1759.9 | P15: 1848 | Q15: 2140.7 | R15: 2222.4 | S15: 2871.1 | T15: 3403.8 | U15: 3304.5 | V15: 3430.1 | W15: 4150.1 | X15: 4382.2 | Y15: 4627.9 | Z15: 4866.9 | AA15: 4882.6 | AB15: 5255.2 | AC15: 6008.8 | AD15: 6472.8 | AE15: 6714.3 | AF15: 6766 | AG15: 7833.9 | AH15: 8810.3 | AI15: 9018.1 | AJ15: 9442.3 | AK15: 9824 | AL15: 10330.9
... A17: 14 | B17: زیراساس، اساس و بالادست | C17: 946.2 | D17: 1060.1 | E17: 1113.9 | F17: 1166.3 | G17: 1176.6 | H17: 1225.3 | I17: 1405.1 | J17: 1492.1 | K17: 1597.6 | L17: 1692.6 | M17: 2019.7 | N17: 2262.9 | O17: 2308.8 | P17: 2508.1 | Q17: 3038.8 | R17: 3204.8 | S17: 4101 | T17: 4423 | U17: 4537.3 | V17: 4691 | W17: 5807.8 | X17: 5996.1 | Y17: 6509.4 | Z17: 6930 | AA17: 6930 | AB17: 6947.8 | AC17: 8303.1 | AD17: 8513.1 | AE17: 8764.7 | AF17: 8907.8 | AG17: 10827.7 | AH17: 11323 | AI17: 11357.2 | AJ17: 12022.2 | AK17: 12233.6 | AL17: 12382.3
A18: 15(1) | B18: اسفالت | C18: 420.1 | D18: 434.8 | E18: 441.7 | F18: 448.7 | G18: 449.1 | H18: 451.9 | I18: 470 | J18: 501.7 | K18: 506.1 | L18: 510.6 | M18: 537.2 | N18: 565.2 | O18: 573.9 | P18: 591.3 | Q18: 612.7 | R18: 628 | S18: 695.2 | T18: 737.9 | U18: 739.1 | V18: 741 | W18: 795.6 | X18: 804.2 | Y18: 807.7 | Z18: 822.5 | AA18: 822.5 | AB18: 822.5 | AC18: 867.7 | AD18: 880.1 | AE18: 884.5 | AF18: 893.9 | AG18: 955.9 | AH18: 973.4 | AI18: 974 | AJ18: 1004.7 | AK18: 1010.1 | AL18: 1017.2
A19: 16 | B19: عایقکاری | C19: 1202.3 | D19: 1379.9 | E19: 1469.2 | F19: 1882.9 | G19: 1942.4 | H19: 1729.9 | I19: 1957.8 | J19: 1752.9 | K19: 1682.3 | L19: 1691.1 | M19: 1730.9 | N19: 2211.7 | O19: 2359.7 | P19: 2508.3 | Q19: 2906.1 | R19: 3477.7 | S19: 3820.8 | T19: 4011.7 | U19: 4714.1 | V19: 5109.2 | W19: 6090.9 | X19: 5470.6 | Y19: 5913.3 | Z19: 6315.9 | AA19: 6780.3 | AB19: 7890 | AC19: 8062.6 | AD19: 8074.1 | AE19: 7862.8 | AF19: 7568.3 | AG19: 8669.4 | AH19: 9327.4 | AI19: 10565.6 | AJ19: 11837 | AK19: 12838.1 | AL19: 13428
A20: 17 | B20: تاسیسات تونلها پلها، نقاط مه گیر و سطوح پروازی | C20: 934 | D20: 1027.2 | E20: 1092.9 | F20: 1149.5 | G20: 1192.4 | H20: 1235 | I20: 1428.2 | J20: 1489.2 | K20: 1566.5 | L20: 1675.1 | M20: 1982.8 | N20: 2353.5 | O20: 2432.7 | P20: 2607 | Q20: 2839.8 | R20: 3035.5 | S20: 3776.9 | T20: 4035.4 | U20: 4080.8 | V20: 4180.6 | W20: 5221.5 | X20: 5357.9 | Y20: 5507.4 | Z20: 5955.2 | AA20: 6086.6 | AB20: 6236.4 | AC20: 7349.2 | AD20: 7565.8 | AE20: 7733.9 | AF20: 7962.8 | AG20: 9474.8 | AH20: 9854 | AI20: 9950.8 | AJ20: 10662.1 | AK20: 10800.7 | AL20: 10990.4
A21: 18 | B21: ساختمانها، علایم و تجهیزات ایمنی | C21: 620.6 | D21: 679.8 | E21: 750.8 | F21: 745.9 | G21: 746.8 | H21: 749.4 | I21: 891.5 | J21: 894.7 | K21: 857.3 | L21: 840 | M21: 973.7 | N21: 1025.2 | O21: 1028.3 | P21: 1177 | Q21: 1231.2 | R21: 1446.9 | S21: 1891 | T21: 2109.2 | U21: 2189.4 | V21: 2256.2 | W21: 2549.1 | X21: 2690.5 | Y21: 2862.6 | Z21: 2996.7 | AA21: 2996.7 | AB21: 3207.6 | AC21: 3258.9 | AD21: 3592.5 | AE21: 3883.2 | AF21: 4169.9 | AG21: 4589.1 | AH21: 4795.4 | AI21: 4937.2 | AJ21: 5629.4 | AK21: 5837.9 | AL21: 6046.4
A22: 19 | B22: کارهای متفرقه | C22: 745.3 | D22: 819.9 | E22: 890.3 | F22: 903.6 | G22: 925.5 | H22: 939.8 | I22: 1131.4 | J22: 1058.9 | K22: 1106.5 | L22: 1123.9 | M22: 1350.6 | N22: 1644.7 | O22: 1674.7 | P22: 1794.2 | Q22: 1873.9 | R22: 2031.8 | S22: 2340.9 | T22: 2498.9 | U22: 2792.2 | V22: 3030 | W22: 3432.1 | X22: 3476.2 | Y22: 3670.5 | Z22: 3914 | AA22: 4106 | AB22: 4593.3 | AC22: 4863.7 | AD22: 4915.1 | AE22: 4697.5 | AF22: 4597 | AG22: 4989.8 | AH22: 5083.6 | AI22: 5598.4 | AJ22: 6104.9 | AK22: 6189 | AL22: 6254.6
A23: 20 | B23: حمل و نقل | C23: 842.1 | D23: 924.2 | E23: 1026.2 | F23: 1055.2 | G23: 1109.8 | H23: 1222 | I23: 1400.4 | J23: 1503.1 | K23: 1746.4 | L23: 1874.6 | M23: 2367.6 | N23: 2949.4 | O23: 3032.2 | P23: 3265 | Q23: 3432.9 | R23: 3578.5 | S23: 4733.1 | T23: 4967.9 | U23: 5100.4 | V23: 5238.9 | W23: 6504.3 | X23: 6726 | Y23: 7229.6 | Z23: 7633.1 | AA23: 7755.2 | AB23: 7878.5 | AC23: 9375.4 | AD23: 10005.7 | AE23: 10714.7 | AF23: 10872.3 | AG23: 12677.1 | AH23: 13209.8 | AI23: 13590.4 | AJ23: 14732 | AK23: 14927.7 | AL23: 15188.6
A24: 21 | B24: کارهای دستمزدی | C24: 1015.2 | D24: 1061.2 | E24: 1070.9 | F24: 1080.2 | G24: 1097.3 | H24: 1125.6 | I24: 1371.5 | J24: 1432.8 | K24: 1459.2 | L24: 1493.5 | M24: 1823.6 | N24: 1992.3 | O24: 2005.8 | P24: 2035.6 | Q24: 2235.8 | R24: 2347.8 | S24: 3082.7 | T24: 3228.2 | U24: 3235.3 | V24: 3251.7 | W24: 4227.2 | X24: 4308.5 | Y24: 4578.4 | Z24: 4747.5 | AA24: 4747.5 | AB24: 4747.5 | AC24: 5867.9 | AD24: 6067.3 | AE24: 6224 | AF24: 6385.4 | AG24: 7949.8 | AH24: 8262.7 | AI24: 8275.5 | AJ24: 8620.3 | AK24: 8696.9 | AL24: 8773.5
A25: 22(1) | B25: ریل و سوزن | C25: 655.7 | D25: 853.9 | E25: 965.7 | F25: 1118.2 | G25: 1125.1 | H25: 1129.3 | I25: 1242.2 | J25: 1129.3 | K25: 1240 | L25: 1626.2 | M25: 1853.8 | N25: 2219.7 | O25: 2333.6 | P25: 2445.8 | Q25: 3252.4 | R25: 3171.1 | S25: 3361.4 | T25: 3615.1 | U25: 3821.2 | V25: 4027.3 | W25: 4031.3 | X25: 4067.6 | Y25: 4120 | Z25: 4269 | AA25: 4470.3 | AB25: 4712 | AC25: 5472.9 | AD25: 6465.8 | AE25: 6713.1 | AF25: 7055.1 | AG25: 7749.1 | AH25: 8050.8 | AI25: 8911.2 | AJ25: 9178.6 | AK25: 9256.2 | AL25: 9682.7
A26: 23 | B26: اجرای روسازی راه آهن | C26: 2140.3 | D26: 2242.2 | E26: 2283 | F26: 2323.8 | G26: 2335.5 | H26: 2347.1 | I26: 2628.8 | J26: 2757.1 | K26: 2905.2 | L26: 3053.3 | M26: 3486.8 | N26: 3923.1 | O26: 4047.8 | P26: 4309.2 | Q26: 4732.6 | R26: 6350 | S26: 7844.4 | T26: 8582.6 | U26: 8583.8 | V26: 8585 | W26: 11179.7 | X26: 11447.4 | Y26: 12019 | Z26: 12619 | AA26: 12619 | AB26: 12619 | AC26: 16404.7 | AD26: 16706.2 | AE26: 17192.8 | AF26: 17527.1 | AG26: 21933.4 | AH26: 23377.7 | AI26: 23836.9 | AJ26: 24283.8 | AK26: 24441.5 | AL26: 24643.1
A27: 24 | B27: ژئوسنتتیک ها | C27: 784.2 | D27: 969.5 | E27: 1133.5 | F27: 1247.6 | G27: 1247.6 | H27: 1247.6 | I27: 1397.3 | J27: 1447.2 | K27: 1497.1 | L27: 1659.3 | M27: 1841.8 | N27: 2190.3 | O27: 2240.1 | P27: 2505.5 | Q27: 2571.9 | R27: 2654.9 | S27: 2920.4 | T27: 3210.1 | U27: 3608 | V27: 4008.9 | W27: 4650.3 | X27: 4810.7 | Y27: 5012 | Z27: 5211.6 | AA27: 5412 | AB27: 6053.4 | AC27: 6658.7 | AD27: 6961.4 | AE27: 7264.1 | AF27: 7566.8 | AG27: 7721.3 | AH27: 7918.2 | AI27: 8155.7 | AJ27: 8235 | AK27: 8314.1 | AL27: 8393.3
A28: 15(2) | B28: آسفالت | C28: 513.7 | D28: 531.7 | E28: 540.2 | F28: 548.6 | G28: 549.1 | H28: 552.6 | I28: 574.7 | J28: 613.4 | K28: 618 | L28: 624.4 | M28: 657.5 | N28: 691.2 | O28: 701.8 | P28: 723.1 | Q28: 749.2 | R28: 768 | S28: 850.2 | T28: 902.4 | U28: 904.1 | V28: 906.2 | W28: 973 | X28: 983.5 | Y28: 987.7 | Z28: 1005.9 | AA28: 1005.9 | AB28: 1005.9 | AC28: 1061.2 | AD28: 1076.3 | AE28: 1081.8 | AF28: 1093.3 | AG28: 1169.2 | AH28: 1190.5 | AI28: 1191.3 | AJ28: 1229 | AK28: 1235.8 | AL28: 1244.3
A29: 22(2) | B29: ادوات روسازی راه آهن (به جز ریل و سوزن) | C29: - | D29: - | E29: - | F29: - | G29: - | H29: - | I29: - | J29: - | K29: - | L29: 1626.2 | M29: - | N29: - | O29: - | P29: - | Q29: 3415 | R29: 3658.9 | S29: 4233.4 | T29: 4766.8 | U29: 4767.9 | V29: 4769 | W29: 5460.5 | X29: 5800.6 | Y29: 6008.9 | Z29: 6137.7 | AA29: 6271.2 | AB29: 6485.8 | AC29: 7813.3 | AD29: 8547.9 | AE29: 8881.3 | AF29: 9315 | AG29: 10149.4 | AH29: 10785.2 | AI29: 11787.3 | AJ29: 12191.9 | AK29: 12533.9 | AL29: 12830.9
A30: شاخص رشته راه | C30: 837.9 | D30: 919.5 | E30: 980.6 | F30: 1016.5 | G30: 1077.1 | H30: 1092.3 | I30: 1255 | J30: 1309.9 | K30: 1382 | L30: 1486.5 | M30: 1763.7 | N30: 2104.5 | O30: 2189.5 | P30: 2348.3 | Q30: 2592.5 | R30: 2749.7 | S30: 3464.1 | T30: 3811.8 | U30: 3827.1 | V30: 3929.7 | W30: 4805.6 | X30: 4911.2 | Y30: 5209.7 | Z30: 5592.5 | AA30: 5685 | AB30: 5863.9 | AC30: 6786.3 | AD30: 7057.3 | AE30: 7174.8 | AF30: 7398.3 | AG30: 8657.3 | AH30: 9094.2 | AI30: 9320.2 | AJ30: 9966.5 | AK30: 10172.6 | AL30: 10432.4

Sheet تجهیزات آب و فاضلاب
A2: ببین، فقط در این صفحه که شعر کردم، یعنی شیط تجهیزات آب و فاضل‌ها | B2: شرح | C2: 1397 | I2: 1398 | M2: 1399 | S2: 1400 | W2: 1401 | AC2: 1402 | AG2: 1403
C3: اول | D3: تیر | E3: مرداد | F3: شهریور | G3: سوم | H3: چهارم | I3: اول | J3: دوم | K3: سوم | L3: چهارم | M3: اول | N3: تیر | O3: مرداد | P3: شهریور | Q3: سوم | R3: چهارم | S3: اول | T3: دوم | U3: سوم | V3: چهارم | W3: اول | X3: دوم | Y3: سوم | Z3: دی | AA3: بهمن | AB3: اسفند | AC3: اول | AD3: دوم | AE3: سوم | AF3: چهارم | AG3: اول | AH3: دوم | AI3: سوم | AJ3: دی | AK3: بهمن | AL3: اسفند
A4: 1 | B4: فصل پمپ ها | C4: 0 | D4: 0 | E4: 0 | F4: 0 | G4: 0 | H4: 0 | I4: 0 | J4: 0 | K4: 0 | L4: 0 | M4: 0 | N4: 0 | O4: 0 | P4: 0 | Q4: 0 | R4: 0 | S4: 0 | T4: 3977.9 | U4: 4675.3 | V4: 4649.3 | W4: 5153 | X4: 5177.9 | Y4: 6095.3 | Z4: 6095.3 | AA4: 6317.5 | AB4: 7061.4 | AC4: 7683.9 | AD4: 7707 | AE4: 7700.9 | AF4: 7716.9 | AG4: 8933 | AH4: 8955.5 | AI4: 9454.1 | AJ4: 9543.9 | AK4: 9759.4 | AL4: 9768.8
A5: 2 | B5: همزنها | C5: 0 | D5: 0 | E5: 0 | F5: 0 | G5: 0 | H5: 0 | I5: 0 | J5: 0 | K5: 0 | L5: 0 | M5: 0 | N5: 0 | O5: 0 | P5: 0 | Q5: 0 | R5: 0 | S5: 0 | T5: 3137.2 | U5: 3138.3 | V5: 3754.7 | W5: 3808.2 | X5: 4098.4 | Y5: 4969.6 | Z5: 5002.7 | AA5: 5453.3 | AB5: 6054 | AC5: 6341.6 | AD5: 6344.8 | AE5: 8465.9 | AF5: 8468.3 | AG5: 11321.1 | AH5: 11806.6 | AI5: 11806.6 | AJ5: 11806.4 | AK5: 12185.9 | AL5: 12985.2
A6: 3 | B6: آشغالگیر | C6: 0 | D6: 0 | E6: 0 | F6: 0 | G6: 0 | H6: 0 | I6: 0 | J6: 0 | K6: 0 | L6: 0 | M6: 0 | N6: 0 | O6: 0 | P6: 0 | Q6: 0 | R6: 0 | S6: 0 | T6: 3255.4 | U6: 3350.4 | V6: 4163.8 | W6: 4176.7 | X6: 4077.6 | Y6: 6139.7 | Z6: 6139.7 | AA6: 6403.5 | AB6: 7069.7 | AC6: 6737.9 | AD6: 7096.6 | AE6: 8643.4 | AF6: 8649.6 | AG6: 9802.5 | AH6: 10302.9 | AI6: 11719.3 | AJ6: 11727.1 | AK6: 12087.2 | AL6: 12560
A7: 4 | B7: بلوئرها و کمپرسورها | C7: 0 | D7: 0 | E7: 0 | F7: 0 | G7: 0 | H7: 0 | I7: 0 | J7: 0 | K7: 0 | L7: 0 | M7: 0 | N7: 0 | O7: 0 | P7: 0 | Q7: 0 | R7: 0 | S7: 0 | T7: 3161.8 | U7: 3255.6 | V7: 3321.3 | W7: 3671.4 | X7: 3674.5 | Y7: 4272.4 | Z7: 4272.4 | AA7: 4999.9 | AB7: 5531.3 | AC7: 5731.8 | AD7: 5374 | AE7: 6919.3 | AF7: 6920.4 | AG7: 8537.3 | AH7: 8539.2 | AI7: 9097.4 | AJ7: 10625 | AK7: 11128 | AL7: 11823.5
A8: 5 | B8: دیفیوزرها | C8: 0 | D8: 0 | E8: 0 | F8: 0 | G8: 0 | H8: 0 | I8: 0 | J8: 0 | K8: 0 | L8: 0 | M8: 0 | N8: 0 | O8: 0 | P8: 0 | Q8: 0 | R8: 0 | S8: 0 | T8: 3379.5 | U8: 3413.4 | V8: 3533.4 | W8: 3499.3 | X8: 3517.7 | Y8: 3840.4 | Z8: 3995.5 | AA8: 4419.5 | AB8: 4984.9 | AC8: 5868.1 | AD8: 5886.4 | AE8: 5822.6 | AF8: 5851.3 | AG8: 6711.4 | AH8: 6734.6 | AI8: 8347.2 | AJ8: 8429.5 | AK8: 8999.3 | AL8: 9111.1
A9: 6 | B9: آبگیری لجن | C9: 0 | D9: 0 | E9: 0 | F9: 0 | G9: 0 | H9: 0 | I9: 0 | J9: 0 | K9: 0 | L9: 0 | M9: 0 | N9: 0 | O9: 0 | P9: 0 | Q9: 0 | R9: 0 | S9: 0 | T9: 3152.9 | U9: 3243 | V9: 3302.5 | W9: 3296.7 | X9: 3298.3 | Y9: 3908.5 | Z9: 4351.1 | AA9: 4445.2 | AB9: 4770.5 | AC9: 4996.4 | AD9: 4997.2 | AE9: 5068 | AF9: 5068.5 | AG9: 5729.5 | AH9: 5478.1 | AI9: 6134.6 | AJ9: 7296.6 | AK9: 7852.3 | AL9: 8074.7
A10: 7 | B10: گندزدایی | C10: 0 | D10: 0 | E10: 0 | F10: 0 | G10: 0 | H10: 0 | I10: 0 | J10: 0 | K10: 0 | L10: 0 | M10: 0 | N10: 0 | O10: 0 | P10: 0 | Q10: 0 | R10: 0 | S10: 0 | T10: 3522 | U10: 3846 | V10: 3969 | W10: 4382.1 | X10: 4642.7 | Y10: 5100.2 | Z10: 5231.5 | AA10: 5707.8 | AB10: 6342.9 | AC10: 7123.1 | AD10: 7130.2 | AE10: 7384.5 | AF10: 8680.5 | AG10: 10049 | AH10: 10543.2 | AI10: 10546.8 | AJ10: 12487.2 | AK10: 13411.7 | AL10: 13786.4
A11: 8 | B11: تجهیزات فرآوری گاز | C11: 0 | D11: 0 | E11: 0 | F11: 0 | G11: 0 | H11: 0 | I11: 0 | J11: 0 | K11: 0 | L11: 0 | M11: 0 | N11: 0 | O11: 0 | P11: 0 | Q11: 0 | R11: 0 | S11: 0 | T11: 3600.4 | U11: 4050.2 | V11: 4199.4 | W11: 4123.3 | X11: 4037.3 | Y11: 4959.1 | Z11: 5504.6 | AA11: 6008.5 | AB11: 6680.5 | AC11: 6681.7 | AD11: 6681.9 | AE11: 6682.6 | AF11: 7864.1 | AG11: 9217.4 | AH11: 8957.5 | AI11: 9233.2 | AJ11: 9233.5 | AK11: 9830.8 | AL11: 9970.8
A12: 9 | B12: مبدل های حرارتی | C12: 0 | D12: 0 | E12: 0 | F12: 0 | G12: 0 | H12: 0 | I12: 0 | J12: 0 | K12: 0 | L12: 0 | M12: 0 | N12: 0 | O12: 0 | P12: 0 | Q12: 0 | R12: 0 | S12: 0 | T12: 3715.1 | U12: 4050.5 | V12: 4200.7 | W12: 4127.3 | X12: 4041.3 | Y12: 4982.4 | Z12: 5545.7 | AA12: 6049.8 | AB12: 6721.9 | AC12: 7463.4 | AD12: 7463.4 | AE12: 7543 | AF12: 7914.5 | AG12: 8708.6 | AH12: 8709.7 | AI12: 9294 | AJ12: 9295.2 | AK12: 9895.4 | AL12: 10036.2
A13: 10 | B13: دیگ حرارتی آب گرم | C13: 0 | D13: 0 | E13: 0 | F13: 0 | G13: 0 | H13: 0 | I13: 0 | J13: 0 | K13: 0 | L13: 0 | M13: 0 | N13: 0 | O13: 0 | P13: 0 | Q13: 0 | R13: 0 | S13: 0 | T13: 3106.1 | U13: 3935.1 | V13: 4449.4 | W13: 4582.9 | X13: 4399.4 | Y13: 5262.7 | Z13: 5648.9 | AA13: 6182.9 | AB13: 6894.8 | AC13: 7730.7 | AD13: 7765.9 | AE13: 8478.6 | AF13: 8508.2 | AG13: 9451.3 | AH13: 9491.1 | AI13: 10970.3 | AJ13: 12045.4 | AK13: 12304.9 | AL13: 12767.3
A14: 11 | B14: مشعلها | C14: 0 | D14: 0 | E14: 0 | F14: 0 | G14: 0 | H14: 0 | I14: 0 | J14: 0 | K14: 0 | L14: 0 | M14: 0 | N14: 0 | O14: 0 | P14: 0 | Q14: 0 | R14: 0 | S14: 0 | T14: 3307.7 | U14: 3315.5 | V14: 3438 | W14: 3651.2 | X14: 3670.7 | Y14: 4051.7 | Z14: 4287.2 | AA14: 4699.7 | AB14: 5249.8 | AC14: 5483.8 | AD14: 5530.9 | AE14: 5567.5 | AF14: 6352.6 | AG14: 7546.9 | AH14: 7457.4 | AI14: 8410 | AJ14: 9593.2 | AK14: 9613.6 | AL14: 9633.5
A15: 12 | B15: جرثقیلها | C15: 0 | D15: 0 | E15: 0 | F15: 0 | G15: 0 | H15: 0 | I15: 0 | J15: 0 | K15: 0 | L15: 0 | M15: 0 | N15: 0 | O15: 0 | P15: 0 | Q15: 0 | R15: 0 | S15: 0 | T15: 3125.4 | U15: 3185.8 | V15: 3300.2 | W15: 3567.1 | X15: 3619.5 | Y15: 3992.1 | Z15: 4261.6 | AA15: 4657.6 | AB15: 5185.6 | AC15: 5195.9 | AD15: 4890.7 | AE15: 5457.1 | AF15: 5458.6 | AG15: 6012.3 | AH15: 5853.6 | AI15: 6609.9 | AJ15: 7854.5 | AK15: 8449.3 | AL15: 8687.7
... A31: 28 | B31: فیلتر کارتریج | C31: 0 | D31: 0 | E31: 0 | F31: 0 | G31: 0 | H31: 0 | I31: 0 | J31: 0 | K31: 0 | L31: 0 | M31: 0 | N31: 0 | O31: 0 | P31: 0 | Q31: 0 | R31: 0 | S31: 0 | T31: 0 | U31: 0 | V31: 3810.6 | W31: 3326.7 | X31: 3332.7 | Y31: 4709.9 | Z31: 4538.4 | AA31: 5045.2 | AB31: 5548.2 | AC31: 6317.8 | AD31: 6246.2 | AE31: 6953.1 | AF31: 7042.6 | AG31: 8407.7 | AH31: 8597.6 | AI31: 8859.8 | AJ31: 9781.9 | AK31: 10188.7 | AL31: 10369.5
A32: - | B32: - | C32: 0 | D32: 0 | E32: 0 | F32: 0 | G32: 0 | H32: 0 | I32: 0 | J32: 0 | K32: 0 | L32: 0 | M32: 0 | N32: 0 | O32: 0 | P32: 0 | Q32: 0 | R32: 0 | S32: 0 | T32: 0 | U32: 0 | V32: 0 | W32: 0 | X32: 0 | Y32: 0 | Z32: 0 | AA32: 0 | AB32: 0 | AC32: 0 | AD32: 0 | AE32: 0 | AF32: 0 | AG32: 0 | AH32: 0 | AI32: 0 | AJ32: 0 | AK32: 0 | AL32: 0
A33: - | B33: - | C33: 0 | D33: 0 | E33: 0 | F33: 0 | G33: 0 | H33: 0 | I33: 0 | J33: 0 | K33: 0 | L33: 0 | M33: 0 | N33: 0 | O33: 0 | P33: 0 | Q33: 0 | R33: 0 | S33: 0 | T33: 0 | U33: 0 | V33: 0 | W33: 0 | X33: 0 | Y33: 0 | Z33: 0 | AA33: 0 | AB33: 0 | AC33: 0 | AD33: 0 | AE33: 0 | AF33: 0 | AG33: 0 | AH33: 0 | AI33: 0 | AJ33: 0 | AK33: 0 | AL33: 0
A34: 31 | B34: تجهیزات ابزاردقیق اندازهگیری سطح یا فشار | C34: 0 | D34: 0 | E34: 0 | F34: 0 | G34: 0 | H34: 0 | I34: 0 | J34: 0 | K34: 0 | L34: 0 | M34: 0 | N34: 0 | O34: 0 | P34: 0 | Q34: 0 | R34: 0 | S34: 0 | T34: 3245.3 | U34: 3285.2 | V34: 3288 | W34: 3311.2 | X34: 3313.2 | Y34: 3881.4 | Z34: 4359.8 | AA34: 4754.4 | AB34: 5280.5 | AC34: 5568.3 | AD34: 5295.4 | AE34: 5702.5 | AF34: 5906.4 | AG34: 6577.1 | AH34: 6455.4 | AI34: 7204.9 | AJ34: 8438.7 | AK34: 9032.7 | AL34: 9273.9
A35: 32 | B35: تجهیزات ابزاردقیق اندازهگیری دبی | C35: 0 | D35: 0 | E35: 0 | F35: 0 | G35: 0 | H35: 0 | I35: 0 | J35: 0 | K35: 0 | L35: 0 | M35: 0 | N35: 0 | O35: 0 | P35: 0 | Q35: 0 | R35: 0 | S35: 0 | T35: 3159.7 | U35: 3184.4 | V35: 3212.3 | W35: 3273.5 | X35: 3275.8 | Y35: 3340.9 | Z35: 3213.6 | AA35: 3213.6 | AB35: 3213.6 | AC35: 3333.9 | AD35: 3128.9 | AE35: 3383.1 | AF35: 3513.6 | AG35: 3877.9 | AH35: 3782.9 | AI35: 4256.3 | AJ35: 5054 | AK35: 5435.9 | AL35: 5588.9
A36: 33 | B36: آنالایزرها | C36: 0 | D36: 0 | E36: 0 | F36: 0 | G36: 0 | H36: 0 | I36: 0 | J36: 0 | K36: 0 | L36: 0 | M36: 0 | N36: 0 | O36: 0 | P36: 0 | Q36: 0 | R36: 0 | S36: 0 | T36: 3162 | U36: 3159 | V36: 3159 | W36: 3239.6 | X36: 3241.9 | Y36: 3967.7 | Z36: 4643.7 | AA36: 5022.8 | AB36: 5528.3 | AC36: 5735.2 | AD36: 5382.6 | AE36: 5819.9 | AF36: 6042.4 | AG36: 6668.9 | AH36: 6505.5 | AI36: 7319.7 | AJ36: 8691.5 | AK36: 9348.1 | AL36: 9611.3
A37: 34 | B37: کارهای دستمزدی | C37: 0 | D37: 0 | E37: 0 | F37: 0 | G37: 0 | H37: 0 | I37: 0 | J37: 0 | K37: 0 | L37: 0 | M37: 0 | N37: 0 | O37: 0 | P37: 0 | Q37: 0 | R37: 0 | S37: 0 | T37: 4125 | U37: 4248 | V37: 4374 | W37: 4887.7 | X37: 4967.5 | Y37: 5548.2 | Z37: 5758.2 | AA37: 5758.2 | AB37: 5758.2 | AC37: 7157.4 | AD37: 7393.5 | AE37: 7646.9 | AF37: 7820.8 | AG37: 9822.9 | AH37: 10182.7 | AI37: 10198.3 | AJ37: 10573.7 | AK37: 10655.8 | AL37: 10745.8
A38: شاخص رشته تجهیزات آب و فاضلاب | C38: 0 | D38: 0 | E38: 0 | F38: 0 | G38: 0 | H38: 0 | I38: 0 | J38: 0 | K38: 0 | L38: 0 | M38: 0 | N38: 0 | O38: 0 | P38: 0 | Q38: 0 | R38: 0 | S38: 0 | T38: 3475.9 | U38: 3618 | V38: 3810.6 | W38: 3837.9 | X38: 3873.7 | Y38: 4653.9 | Z38: 4983.9 | AA38: 5307.6 | AB38: 5813.2 | AC38: 6225.9 | AD38: 6255 | AE38: 7018.9 | AF38: 7248.5 | AG38: 8531.5 | AH38: 8633 | AI38: 9350.6 | AJ38: 9865 | AK38: 10292.9 | AL38: 10640.8

Sheet Arz 
A1: تاریخ شمسی | B1: یورو (ریال)
A2: 1397/01/01
A3: 1397/01/02
A4: 1397/01/03
A5: 1397/01/04
A6: 1397/01/05
A7: 1397/01/06
A8: 1397/01/07
A9: 1397/01/08
A10: 1397/01/09
A11: 1397/01/10
A12: 1397/01/11
A13: 1397/01/12
... A190: 1397/07/03
A191: 1397/07/04 | B191: 121388
A192: 1397/07/05 | B192: 143086
A193: 1397/07/06
A194: 1397/07/07 | B194: 132825
A195: 1397/07/08 | B195: 141166
A196: 1397/07/09 | B196: 120423
A197: 1397/07/10 | B197: 106212
A198: 1397/07/11 | B198: 106709
A199: 1397/07/12 | B199: 109744
A200: 1397/07/13
A201: 1397/07/14 | B201: 104687
A202: 1397/07/15 | B202: 98536
A203: 1397/07/16 | B203: 102277
A204: 1397/07/17 | B204: 95928
A205: 1397/07/18 | B205: 99131
A206: 1397/07/19 | B206: 104836
A207: 1397/07/20
A208: 1397/07/21 | B208: 98855
A209: 1397/07/22 | B209: 103368
A210: 1397/07/23 | B210: 100150
A211: 1397/07/24 | B211: 100380
A212: 1397/07/25 | B212: 96296
A213: 1397/07/26 | B213: 95133
A214: 1397/07/27
A215: 1397/07/28 | B215: 101153
A216: 1397/07/29 | B216: 104650
A217: 1397/07/30 | B217: 97741
A218: 1397/08/01 | B218: 103251
A219: 1397/08/02 | B219: 96787
A220: 1397/08/03 | B220: 99428
A221: 1397/08/04
A222: 1397/08/05 | B222: 97327
A223: 1397/08/06 | B223: 100111
A224: 1397/08/07 | B224: 93307
A225: 1397/08/08
A226: 1397/08/09 | B226: 97910
A227: 1397/08/10 | B227: 93125
A228: 1397/08/11
A229: 1397/08/12 | B229: 94308
A230: 1397/08/13 | B230: 94157
A231: 1397/08/14 | B231: 92881
A232: 1397/08/15 | B232: 97205
A233: 1397/08/16
A234: 1397/08/17
A235: 1397/08/18
A236: 1397/08/19 | B236: 92242
A237: 1397/08/20 | B237: 95468
A238: 1397/08/21 | B238: 94864
A239: 1397/08/22 | B239: 93656
A240: 1397/08/23 | B240: 92359
A241: 1397/08/24 | B241: 92122
A242: 1397/08/25
A243: 1397/08/26 | B243: 94462
A244: 1397/08/27 | B244: 93933
A245: 1397/08/28 | B245: 96097
A246: 1397/08/29 | B246: 94197
A247: 1397/08/30 | B247: 94977
A248: 1397/09/01 | B248: 97684
A249: 1397/09/02
A250: 1397/09/03 | B250: 94956
A251: 1397/09/04 | B251: 94956
A252: 1397/09/05 | B252: 95879
A253: 1397/09/06 | B253: 93360
A254: 1397/09/07 | B254: 92886
A255: 1397/09/08 | B255: 96024
A256: 1397/09/09
A257: 1397/09/10 | B257: 94655
A258: 1397/09/11 | B258: 96382
A259: 1397/09/12 | B259: 95454
A260: 1397/09/13 | B260: 94710
A261: 1397/09/14 | B261: 94520
A262: 1397/09/15 | B262: 96317
A263: 1397/09/16
A264: 1397/09/17 | B264: 99415
A265: 1397/09/18 | B265: 102960
A266: 1397/09/19 | B266: 98257
A267: 1397/09/20 | B267: 93405
A268: 1397/09/21 | B268: 100901
A269: 1397/09/22 | B269: 98642
A270: 1397/09/23
A271: 1397/09/24 | B271: 95198
A272: 1397/09/25 | B272: 94681
A273: 1397/09/26 | B273: 95266
A274: 1397/09/27 | B274: 99365
A275: 1397/09/28 | B275: 93832
A276: 1397/09/29 | B276: 96017
...
